/*
 Navicat Premium Data Transfer

 Source Server         : openSource
 Source Server Type    : MySQL
 Source Server Version : 50732
 Source Host           : localhost:3306
 Source Schema         : entfrm-boot2.0

 Target Server Type    : MySQL
 Target Server Version : 50732
 File Encoding         : 65001

 Date: 21/05/2021 23:35:52
*/

SET NAMES utf8mb4;
SET FOREIGN_KEY_CHECKS = 0;

-- ----------------------------
-- Table structure for act_evt_log
-- ----------------------------
DROP TABLE IF EXISTS `act_evt_log`;
CREATE TABLE `act_evt_log`  (
  `LOG_NR_` bigint(20) NOT NULL AUTO_INCREMENT,
  `TYPE_` varchar(64) CHARACTER SET utf8 COLLATE utf8_bin NULL DEFAULT NULL,
  `PROC_DEF_ID_` varchar(64) CHARACTER SET utf8 COLLATE utf8_bin NULL DEFAULT NULL,
  `PROC_INST_ID_` varchar(64) CHARACTER SET utf8 COLLATE utf8_bin NULL DEFAULT NULL,
  `EXECUTION_ID_` varchar(64) CHARACTER SET utf8 COLLATE utf8_bin NULL DEFAULT NULL,
  `TASK_ID_` varchar(64) CHARACTER SET utf8 COLLATE utf8_bin NULL DEFAULT NULL,
  `TIME_STAMP_` timestamp(3) NOT NULL DEFAULT CURRENT_TIMESTAMP(3) ON UPDATE CURRENT_TIMESTAMP(3),
  `USER_ID_` varchar(255) CHARACTER SET utf8 COLLATE utf8_bin NULL DEFAULT NULL,
  `DATA_` longblob NULL,
  `LOCK_OWNER_` varchar(255) CHARACTER SET utf8 COLLATE utf8_bin NULL DEFAULT NULL,
  `LOCK_TIME_` timestamp(3) NULL DEFAULT NULL,
  `IS_PROCESSED_` tinyint(4) NULL DEFAULT 0,
  PRIMARY KEY (`LOG_NR_`) USING BTREE
) ENGINE = InnoDB AUTO_INCREMENT = 1 CHARACTER SET = utf8 COLLATE = utf8_bin ROW_FORMAT = Dynamic;

-- ----------------------------
-- Records of act_evt_log
-- ----------------------------

-- ----------------------------
-- Table structure for act_ge_bytearray
-- ----------------------------
DROP TABLE IF EXISTS `act_ge_bytearray`;
CREATE TABLE `act_ge_bytearray`  (
  `ID_` varchar(64) CHARACTER SET utf8 COLLATE utf8_bin NOT NULL,
  `REV_` int(11) NULL DEFAULT NULL,
  `NAME_` varchar(255) CHARACTER SET utf8 COLLATE utf8_bin NULL DEFAULT NULL,
  `DEPLOYMENT_ID_` varchar(64) CHARACTER SET utf8 COLLATE utf8_bin NULL DEFAULT NULL,
  `BYTES_` longblob NULL,
  `GENERATED_` tinyint(4) NULL DEFAULT NULL,
  PRIMARY KEY (`ID_`) USING BTREE,
  INDEX `ACT_FK_BYTEARR_DEPL`(`DEPLOYMENT_ID_`) USING BTREE,
  CONSTRAINT `ACT_FK_BYTEARR_DEPL` FOREIGN KEY (`DEPLOYMENT_ID_`) REFERENCES `act_re_deployment` (`ID_`) ON DELETE RESTRICT ON UPDATE RESTRICT
) ENGINE = InnoDB CHARACTER SET = utf8 COLLATE = utf8_bin ROW_FORMAT = Dynamic;

-- ----------------------------
-- Records of act_ge_bytearray
-- ----------------------------
INSERT INTO `act_ge_bytearray` VALUES ('065c4c0d-ba3f-11eb-b716-00ff08753f51', 1, '请假工作流.bpmn20.xml', '065c4c0c-ba3f-11eb-b716-00ff08753f51', 0x3C3F786D6C2076657273696F6E3D22312E302220656E636F64696E673D225554462D38223F3E0A3C646566696E6974696F6E7320786D6C6E733D22687474703A2F2F7777772E6F6D672E6F72672F737065632F42504D4E2F32303130303532342F4D4F44454C2220786D6C6E733A7873693D22687474703A2F2F7777772E77332E6F72672F323030312F584D4C536368656D612D696E7374616E63652220786D6C6E733A7873643D22687474703A2F2F7777772E77332E6F72672F323030312F584D4C536368656D612220786D6C6E733A666C6F7761626C653D22687474703A2F2F666C6F7761626C652E6F72672F62706D6E2220786D6C6E733A62706D6E64693D22687474703A2F2F7777772E6F6D672E6F72672F737065632F42504D4E2F32303130303532342F44492220786D6C6E733A6F6D6764633D22687474703A2F2F7777772E6F6D672E6F72672F737065632F44442F32303130303532342F44432220786D6C6E733A6F6D6764693D22687474703A2F2F7777772E6F6D672E6F72672F737065632F44442F32303130303532342F44492220747970654C616E67756167653D22687474703A2F2F7777772E77332E6F72672F323030312F584D4C536368656D61222065787072657373696F6E4C616E67756167653D22687474703A2F2F7777772E77332E6F72672F313939392F585061746822207461726765744E616D6573706163653D22687474703A2F2F7777772E61637469766974692E6F72672F70726F63657373646566223E0A20203C70726F636573732069643D224C6561766522206E616D653D22E8AFB7E58187E5B7A5E4BD9CE6B5812220697345786563757461626C653D2274727565223E0A202020203C73746172744576656E742069643D227369642D32364546454539342D383036322D343436422D423443322D453541413931453135313230223E3C2F73746172744576656E743E0A202020203C757365725461736B2069643D227369642D33313944323546332D354341342D344639422D424343362D44344636454535373845384222206E616D653D22E5B08FE78B97E5AEA1E689B92220666C6F7761626C653A61737369676E65653D22E5B08FE78B972220666C6F7761626C653A666F726D4B65793D22312C666F726D31223E0A2020202020203C657874656E73696F6E456C656D656E74733E0A20202020202020203C6D6F64656C65723A696E69746961746F722D63616E2D636F6D706C65746520786D6C6E733A6D6F64656C65723D22687474703A2F2F666C6F7761626C652E6F72672F6D6F64656C6572223E3C215B43444154415B66616C73655D5D3E3C2F6D6F64656C65723A696E69746961746F722D63616E2D636F6D706C6574653E0A2020202020203C2F657874656E73696F6E456C656D656E74733E0A202020203C2F757365725461736B3E0A202020203C73657175656E6365466C6F772069643D227369642D35453145303237442D363230442D344339302D414546462D4443314139383645363939312220736F757263655265663D227369642D32364546454539342D383036322D343436422D423443322D45354141393145313531323022207461726765745265663D227369642D33313944323546332D354341342D344639422D424343362D443446364545353738453842223E3C2F73657175656E6365466C6F773E0A202020203C656E644576656E742069643D227369642D39434437333046352D323934452D343434382D394543442D314443443635333839303042223E3C2F656E644576656E743E0A202020203C73657175656E6365466C6F772069643D227369642D36334338433345462D413232372D344635342D383045422D3944464645454333393137322220736F757263655265663D227369642D33313944323546332D354341342D344639422D424343362D44344636454535373845384222207461726765745265663D227369642D39434437333046352D323934452D343434382D394543442D314443443635333839303042223E3C2F73657175656E6365466C6F773E0A20203C2F70726F636573733E0A20203C62706D6E64693A42504D4E4469616772616D2069643D2242504D4E4469616772616D5F4C65617665223E0A202020203C62706D6E64693A42504D4E506C616E652062706D6E456C656D656E743D224C65617665222069643D2242504D4E506C616E655F4C65617665223E0A2020202020203C62706D6E64693A42504D4E53686170652062706D6E456C656D656E743D227369642D32364546454539342D383036322D343436422D423443322D453541413931453135313230222069643D2242504D4E53686170655F7369642D32364546454539342D383036322D343436422D423443322D453541413931453135313230223E0A20202020202020203C6F6D6764633A426F756E6473206865696768743D2233302E30222077696474683D2233302E302220783D223135302E302220793D223132302E30223E3C2F6F6D6764633A426F756E64733E0A2020202020203C2F62706D6E64693A42504D4E53686170653E0A2020202020203C62706D6E64693A42504D4E53686170652062706D6E456C656D656E743D227369642D33313944323546332D354341342D344639422D424343362D443446364545353738453842222069643D2242504D4E53686170655F7369642D33313944323546332D354341342D344639422D424343362D443446364545353738453842223E0A20202020202020203C6F6D6764633A426F756E6473206865696768743D2238302E30222077696474683D223130302E302220783D223232352E302220793D2239352E30223E3C2F6F6D6764633A426F756E64733E0A2020202020203C2F62706D6E64693A42504D4E53686170653E0A2020202020203C62706D6E64693A42504D4E53686170652062706D6E456C656D656E743D227369642D39434437333046352D323934452D343434382D394543442D314443443635333839303042222069643D2242504D4E53686170655F7369642D39434437333046352D323934452D343434382D394543442D314443443635333839303042223E0A20202020202020203C6F6D6764633A426F756E6473206865696768743D2232382E30222077696474683D2232382E302220783D223337302E302220793D223132312E30223E3C2F6F6D6764633A426F756E64733E0A2020202020203C2F62706D6E64693A42504D4E53686170653E0A2020202020203C62706D6E64693A42504D4E456467652062706D6E456C656D656E743D227369642D35453145303237442D363230442D344339302D414546462D444331413938364536393931222069643D2242504D4E456467655F7369642D35453145303237442D363230442D344339302D414546462D444331413938364536393931223E0A20202020202020203C6F6D6764693A776179706F696E7420783D223137392E39343939393834383939353736342220793D223133352E30223E3C2F6F6D6764693A776179706F696E743E0A20202020202020203C6F6D6764693A776179706F696E7420783D223232352E302220793D223133352E30223E3C2F6F6D6764693A776179706F696E743E0A2020202020203C2F62706D6E64693A42504D4E456467653E0A2020202020203C62706D6E64693A42504D4E456467652062706D6E456C656D656E743D227369642D36334338433345462D413232372D344635342D383045422D394446464545433339313732222069643D2242504D4E456467655F7369642D36334338433345462D413232372D344635342D383045422D394446464545433339313732223E0A20202020202020203C6F6D6764693A776179706F696E7420783D223332342E3934393939393939393939362220793D223133352E30223E3C2F6F6D6764693A776179706F696E743E0A20202020202020203C6F6D6764693A776179706F696E7420783D223337302E302220793D223133352E30223E3C2F6F6D6764693A776179706F696E743E0A2020202020203C2F62706D6E64693A42504D4E456467653E0A202020203C2F62706D6E64693A42504D4E506C616E653E0A20203C2F62706D6E64693A42504D4E4469616772616D3E0A3C2F646566696E6974696F6E733E, 0);
INSERT INTO `act_ge_bytearray` VALUES ('08b0c35e-ba3f-11eb-b716-00ff08753f51', 1, '请假工作流.Leave.png', '065c4c0c-ba3f-11eb-b716-00ff08753f51', 0x89504E470D0A1A0A0000000D4948445200000198000000B9080600000015BC29720000098F4944415478DAEDDDEF6FD5D51D07701FF8C03F620F48B664FE097BB007FE0126DB03499156680AA1EA401125215352821A7E1843A24B161312A361618931C81893D21F949F923108741232D80095DA7A19AB8AB4D622DF9D4FD36BAE85627B7BEFEDF7DEBE5EC927E8BD2D25CDF99EF7F79CF33DE73EF00000000000000000000000000000000000000000000000000000000000000000000000000000000000000000000000000000000000000000000000000000000000000000000000000000000000000000000000000000000000000000000000000000000000000000000000000000000000000000000000000000000000000000000000000000000000000000000000000000000000000040E3C8B2ECC1CB972FBF77F2E4C9EF7B7A7AB2AEAE2E55E3EAEEEECE8E1C39F2DF542D5A24D030225C8E1E3D9A150A856C6C6C4CCD535DBF7E3D3B7CF8F057296C1ED32A8186102317E1929B90194B239A0B5A25D010625A4CE79E9F4A0133AE55020D21D60074ECB90A984CAB041654C07CF3E56076F9D4DBD9F9EECD1315FF1DAF090501035076C0DC1C1EC83EEEDC989DDBBFFE4715AFC57B8241C0009415309F9DFFCB5DE152AC6BE7F709060103505EC05C38B46DDA8089F704838001282B603EEEDA346DC0C47B8241C00008180103909F8089A7C6A60B98784F30081880B202E6D2F13F4C1B30F19E601030006505CC8D81FEECE3831D774F8FA5D7E23DC1206000CA0A98A82BFF78F7AE8089D784828001283F60BEFD36BB74E28F774F8FA5D7E23DC1206000661D30B153FFE2F137A75D8389F7ECE6173000330F98343219BCD49BFDF3C0EFA70D9762C5D7C4D71ACD081880FB06CC4F8D5A8C66040C405901339351CBFD46338242C000DC3360CA0D9762090A0103E003C7040C80801130000246091840C008180103545496650FF5F7F7B7BFF3CE3B87B76EDDFAD533CF3C33DEDADA9A2D59B2246B6969B9F3D4534F8DBDF8E28B97B76DDBB62BD52F058C1230E56B6E6EFE595353D3EA747DBD97EA52AA9B71ADA51A4D7525BDB727FDF9427C9DDE89BA0E96F7DF7FFFDD975F7E797CEDDAB5D95B6FBD959D3C79321B1818C8464747B3107F160A85ECF4E9D3590AA0ECD9679FBDF3DC73CF5D5DB56AD54A01A304CCCC3DFEF8E3BF4DD5956A6C3250665287D2D7B7E8ADA82B2948DA5E79E5956FD7AF5F3F111EB76FDFCE66EAECD9B3D9860D1B6EB7B7B75F58BC78F12F048C1230D34B21B12885C4815984CABDEA68235D6B34EEA8E5C1BD7BF7F63EF9E493D9BE7DFB66152C531D3870206B6B6B1B6994D18C80113095D6D4D4B464E9D2A5FF2B0D8BE6E6E66CCB962D596F6F6FF6E9A79F665F7FFDF5C4F574EBD6AD89D983E3C78F673B76ECC89E78E289A92173D368865C874B5F5FDFDFD7AC59935DBC7831AB84AB57AF6629AC4656AE5CF93B01A304CC8FC2E5D11408B74B8365D7AE5D1353CE33313C3C3CF1F5F17DA54193FECE957A337227462E112E336DE033157F5F1AC5D4FDDD95801130951CB99486CBBA75EB26462BE588EF8BA9EC29216324437EC49A4B4C8B556AE472AF91CCB265CB8653C37F58C0A8851C30B1E6523A2DD6D1D1F1C33458B962FAECD5575F9D3A5DF6B09E8D3C4C8D3DB479F3E6B15873A9A6FDFBF78FA4E1FC4702462DE48049E1D25D3A72996BB89486CC9491CC51BD1BF36ECF9E3D7F8A86F9DD77DF65D5F6F4D34F0FD5EBF05DC00898B98A47914BD75CCA9D16BBDF7459E99A8CA932E67DF412FB5CE251E45A3877EEDC58BD8E62048C80A940C074153BFF58A0AF86DDBB771BC5900FB1433F16F6E7F238F26CB5B5B50DC53C749E2EFA54BF163002A69A6D2876DE1717F6639471E3C68DAA5C5FF174D994479817E9E9981771FCCBCE9D3BB35ADAB163C7D938EA222FBF8392E984AEA6A6A65F091801538D363479FCCBC4D76DDFBEBDDAD75869C0BCA0A7635EC4D96271FC4B2D9D3871E26A6AF4FBF2D63994D487F7BA1B153002662E6D68F26CB189F7FBFAFAAA7A8DC566CC927FCB3E3D1DF3220EAE1C1C1CAC69C00C0D0D1552A3FF2CC79DC30F77A3A59D848011307369439307574EBC5EE9C5FDA962C77FC9BFE3333D1DF3224E452E1E5C592BF1F3E264D8BC770EA577A331ED216004CC5CDA50AA91E2FF57EAD1E4FB3DB25CF2B347F574CCDB85311FE678B0DFBC9480C957D5631B2A56ADAF313D1DF362F9F2E5776A3D8219191919AA9311CCA9382FEA91471E79D0149911CC5CDB50C9E7BA18C1B030AC59B366ACD66B309F7FFEF9BF72BE06F3A360C9EB1A4CFA27DDB36AF5BE80995D1BB206C382B371E3C64BB57E8AACB3B3F36F397D8AECA3D8693D3558F21C30F77BADDAEF0B98D9B5214F91B1E0BCF6DA6B3B6BBD0FA6A3A3637FCEF6C1DC73C42260044C25DB907D302C382FBDF4D2CF57AF5EFD7D0D77F28F2E5DBAF43FF5B8BB58C00898B9889DFCA9DD8FD762277F4B4BCB1D3BF9C98575EBD6FDBB566791757676EEAAD7F391048C80992B6791B1E0AC58B162F1F3CF3F3F5E8351CC701ABD9C719AB280719A72F54E534ED7D81DA729932BEDEDEDFDD5FE3C9858EF893BAA9F5AEB103002A6C13F70EC50B53E0F26DD28DE2E1DBDD4EBB546838979DAB6B6B6916A7DA2657F7FFFDEF433067DA2A5C79405CC9245A9AE57E1132DEFF8444B72ABA5A5A5398D646E150A858A86CBB56BD78EA561FB27F53E5CB7D1D246CB4A696A6A5A525CF02F8E64CA9D2E8BEF9B32723135463E353737B7AD5AB5EA66A54632317289704917D4867AFFDD08180153E1914C6B69C8C49A4C2CFCC75360337D5A2C16F44BD75CA21AE15AA381C5DD551ACD7CF5C1071F7C338785FFE1D75F7FFDED98168B0BA9117E2F0246C054E35A4B355C1A101134B14F263663C6E8A4387D16D360B1433F3651BEF1C61BD9F2E5CBBF9F727AC0CD46B9D66870314F9CEE8C7ADADBDB87CE9C3933329B7D2E070F1EDC9D02EA542C3236D23CB0801130D5BAD64A1F5F2EB38E5A73A11E1BFF631134ADADAD85AD5BB79E3F76ECD827E92E6AB07840661C5C19678B757777FF75D3A64D1FA6BBAFCBD1D8E34EAAD19E60113002A6DAD7DA64D08CCF26581AF15A638199FC3CF1B593E7295D89135A8B27B5C6617A71DE511C49D1C8BB86058C8071AD010246C000081825600001A3631730000246C000081825600001A3631730000246C000081825600001A3040C80801130000246091840C02801032060040C808051020610304AC000081801032060948001048C1230000246C000081825600001A3040CC05CF5F4F4E8D8F353A32960C6B54AA0211C397264B05028E8DC73500303037F4E017341AB041A426F6FEF6FFAFAFABEFCE28B2F4674F2F337728970E9EEEEFE24D5635A25D03052A7F668BA733E15D333B106A06A5EF17BBF205C0000000000000000000000000000A888FF0325060AE8A0C2ABBC0000000049454E44AE426082, 1);
INSERT INTO `act_ge_bytearray` VALUES ('23b097d3-ba14-11eb-ad90-00ff08753f51', 1, 'source-extra', NULL, '', NULL);
INSERT INTO `act_ge_bytearray` VALUES ('b365f97b-ba1b-11eb-b8de-00ff08753f51', 1, '请假工作流.bpmn20.xml', 'b365d26a-ba1b-11eb-b8de-00ff08753f51', 0x3C3F786D6C2076657273696F6E3D22312E302220656E636F64696E673D225554462D38223F3E0A3C646566696E6974696F6E7320786D6C6E733D22687474703A2F2F7777772E6F6D672E6F72672F737065632F42504D4E2F32303130303532342F4D4F44454C2220786D6C6E733A7873693D22687474703A2F2F7777772E77332E6F72672F323030312F584D4C536368656D612D696E7374616E63652220786D6C6E733A7873643D22687474703A2F2F7777772E77332E6F72672F323030312F584D4C536368656D612220786D6C6E733A666C6F7761626C653D22687474703A2F2F666C6F7761626C652E6F72672F62706D6E2220786D6C6E733A62706D6E64693D22687474703A2F2F7777772E6F6D672E6F72672F737065632F42504D4E2F32303130303532342F44492220786D6C6E733A6F6D6764633D22687474703A2F2F7777772E6F6D672E6F72672F737065632F44442F32303130303532342F44432220786D6C6E733A6F6D6764693D22687474703A2F2F7777772E6F6D672E6F72672F737065632F44442F32303130303532342F44492220747970654C616E67756167653D22687474703A2F2F7777772E77332E6F72672F323030312F584D4C536368656D61222065787072657373696F6E4C616E67756167653D22687474703A2F2F7777772E77332E6F72672F313939392F585061746822207461726765744E616D6573706163653D22687474703A2F2F7777772E61637469766974692E6F72672F70726F63657373646566223E0A20203C70726F636573732069643D224C6561766522206E616D653D22E8AFB7E58187E5B7A5E4BD9CE6B5812220697345786563757461626C653D2274727565223E0A202020203C73746172744576656E742069643D227369642D32364546454539342D383036322D343436422D423443322D453541413931453135313230223E3C2F73746172744576656E743E0A202020203C757365725461736B2069643D227369642D33313944323546332D354341342D344639422D424343362D44344636454535373845384222206E616D653D22E5B08FE78B97E5AEA1E689B92220666C6F7761626C653A61737369676E65653D22E5B08FE78B97223E0A2020202020203C657874656E73696F6E456C656D656E74733E0A20202020202020203C6D6F64656C65723A696E69746961746F722D63616E2D636F6D706C65746520786D6C6E733A6D6F64656C65723D22687474703A2F2F666C6F7761626C652E6F72672F6D6F64656C6572223E3C215B43444154415B66616C73655D5D3E3C2F6D6F64656C65723A696E69746961746F722D63616E2D636F6D706C6574653E0A2020202020203C2F657874656E73696F6E456C656D656E74733E0A202020203C2F757365725461736B3E0A202020203C73657175656E6365466C6F772069643D227369642D35453145303237442D363230442D344339302D414546462D4443314139383645363939312220736F757263655265663D227369642D32364546454539342D383036322D343436422D423443322D45354141393145313531323022207461726765745265663D227369642D33313944323546332D354341342D344639422D424343362D443446364545353738453842223E3C2F73657175656E6365466C6F773E0A202020203C656E644576656E742069643D227369642D39434437333046352D323934452D343434382D394543442D314443443635333839303042223E3C2F656E644576656E743E0A202020203C73657175656E6365466C6F772069643D227369642D36334338433345462D413232372D344635342D383045422D3944464645454333393137322220736F757263655265663D227369642D33313944323546332D354341342D344639422D424343362D44344636454535373845384222207461726765745265663D227369642D39434437333046352D323934452D343434382D394543442D314443443635333839303042223E3C2F73657175656E6365466C6F773E0A20203C2F70726F636573733E0A20203C62706D6E64693A42504D4E4469616772616D2069643D2242504D4E4469616772616D5F4C65617665223E0A202020203C62706D6E64693A42504D4E506C616E652062706D6E456C656D656E743D224C65617665222069643D2242504D4E506C616E655F4C65617665223E0A2020202020203C62706D6E64693A42504D4E53686170652062706D6E456C656D656E743D227369642D32364546454539342D383036322D343436422D423443322D453541413931453135313230222069643D2242504D4E53686170655F7369642D32364546454539342D383036322D343436422D423443322D453541413931453135313230223E0A20202020202020203C6F6D6764633A426F756E6473206865696768743D2233302E30222077696474683D2233302E302220783D223135302E302220793D223132302E30223E3C2F6F6D6764633A426F756E64733E0A2020202020203C2F62706D6E64693A42504D4E53686170653E0A2020202020203C62706D6E64693A42504D4E53686170652062706D6E456C656D656E743D227369642D33313944323546332D354341342D344639422D424343362D443446364545353738453842222069643D2242504D4E53686170655F7369642D33313944323546332D354341342D344639422D424343362D443446364545353738453842223E0A20202020202020203C6F6D6764633A426F756E6473206865696768743D2238302E30222077696474683D223130302E302220783D223232352E302220793D2239352E30223E3C2F6F6D6764633A426F756E64733E0A2020202020203C2F62706D6E64693A42504D4E53686170653E0A2020202020203C62706D6E64693A42504D4E53686170652062706D6E456C656D656E743D227369642D39434437333046352D323934452D343434382D394543442D314443443635333839303042222069643D2242504D4E53686170655F7369642D39434437333046352D323934452D343434382D394543442D314443443635333839303042223E0A20202020202020203C6F6D6764633A426F756E6473206865696768743D2232382E30222077696474683D2232382E302220783D223337302E302220793D223132312E30223E3C2F6F6D6764633A426F756E64733E0A2020202020203C2F62706D6E64693A42504D4E53686170653E0A2020202020203C62706D6E64693A42504D4E456467652062706D6E456C656D656E743D227369642D35453145303237442D363230442D344339302D414546462D444331413938364536393931222069643D2242504D4E456467655F7369642D35453145303237442D363230442D344339302D414546462D444331413938364536393931223E0A20202020202020203C6F6D6764693A776179706F696E7420783D223137392E39343939393834383939353736342220793D223133352E30223E3C2F6F6D6764693A776179706F696E743E0A20202020202020203C6F6D6764693A776179706F696E7420783D223232352E302220793D223133352E30223E3C2F6F6D6764693A776179706F696E743E0A2020202020203C2F62706D6E64693A42504D4E456467653E0A2020202020203C62706D6E64693A42504D4E456467652062706D6E456C656D656E743D227369642D36334338433345462D413232372D344635342D383045422D394446464545433339313732222069643D2242504D4E456467655F7369642D36334338433345462D413232372D344635342D383045422D394446464545433339313732223E0A20202020202020203C6F6D6764693A776179706F696E7420783D223332342E3934393939393939393939362220793D223133352E30223E3C2F6F6D6764693A776179706F696E743E0A20202020202020203C6F6D6764693A776179706F696E7420783D223337302E302220793D223133352E30223E3C2F6F6D6764693A776179706F696E743E0A2020202020203C2F62706D6E64693A42504D4E456467653E0A202020203C2F62706D6E64693A42504D4E506C616E653E0A20203C2F62706D6E64693A42504D4E4469616772616D3E0A3C2F646566696E6974696F6E733E, 0);
INSERT INTO `act_ge_bytearray` VALUES ('b3da8d3c-ba1b-11eb-b8de-00ff08753f51', 1, '请假工作流.Leave.png', 'b365d26a-ba1b-11eb-b8de-00ff08753f51', 0x89504E470D0A1A0A0000000D4948445200000198000000B9080600000015BC29720000098F4944415478DAEDDDEF6FD5D51D07701FF8C03F620F48B664FE097BB007FE0126DB03499156680AA1EA401125215352821A7E1843A24B161312A361618931C81893D21F949F923108741232D80095DA7A19AB8AB4D622DF9D4FD36BAE85627B7BEFEDF7DEBE5EC927E8BD2D25CDF99EF7F79CF33DE73EF00000000000000000000000000000000000000000000000000000000000000000000000000000000000000000000000000000000000000000000000000000000000000000000000000000000000000000000000000000000000000000000000000000000000000000000000000000000000000000000000000000000000000000000000000000000000000000000000000000000000000040E3C8B2ECC1CB972FBF77F2E4C9EF7B7A7AB2AEAE2E55E3EAEEEECE8E1C39F2DF542D5A24D030225C8E1E3D9A150A856C6C6C4CCD535DBF7E3D3B7CF8F057296C1ED32A8186102317E1929B90194B239A0B5A25D010625A4CE79E9F4A0133AE55020D21D60074ECB90A984CAB041654C07CF3E56076F9D4DBD9F9EECD1315FF1DAF090501035076C0DC1C1EC83EEEDC989DDBBFFE4715AFC57B8241C0009415309F9DFFCB5DE152AC6BE7F709060103505EC05C38B46DDA8089F704838001282B603EEEDA346DC0C47B8241C00008180103909F8089A7C6A60B98784F30081880B202E6D2F13F4C1B30F19E601030006505CC8D81FEECE3831D774F8FA5D7E23DC1206000CA0A98A82BFF78F7AE8089D784828001283F60BEFD36BB74E28F774F8FA5D7E23DC1206000661D30B153FFE2F137A75D8389F7ECE6173000330F98343219BCD49BFDF3C0EFA70D9762C5D7C4D71ACD081880FB06CC4F8D5A8C66040C405901339351CBFD46338242C000DC3360CA0D9762090A0103E003C7040C80801130000246091840C008180103545496650FF5F7F7B7BFF3CE3B87B76EDDFAD533CF3C33DEDADA9A2D59B2246B6969B9F3D4534F8DBDF8E28B97B76DDBB62BD52F058C1230E56B6E6EFE595353D3EA747DBD97EA52AA9B71ADA51A4D7525BDB727FDF9427C9DDE89BA0E96F7DF7FFFDD975F7E797CEDDAB5D95B6FBD959D3C79321B1818C8464747B3107F160A85ECF4E9D3590AA0ECD9679FBDF3DC73CF5D5DB56AD54A01A304CCCC3DFEF8E3BF4DD5956A6C3250665287D2D7B7E8ADA82B2948DA5E79E5956FD7AF5F3F111EB76FDFCE66EAECD9B3D9860D1B6EB7B7B75F58BC78F12F048C1230D34B21B12885C4815984CABDEA68235D6B34EEA8E5C1BD7BF7F63EF9E493D9BE7DFB66152C531D3870206B6B6B1B6994D18C80113095D6D4D4B464E9D2A5FF2B0D8BE6E6E66CCB962D596F6F6FF6E9A79F665F7FFDF5C4F574EBD6AD89D983E3C78F673B76ECC89E78E289A92173D368865C874B5F5FDFDFD7AC59935DBC7831AB84AB57AF6629AC4656AE5CF93B01A304CC8FC2E5D11408B74B8365D7AE5D1353CE33313C3C3CF1F5F17DA54193FECE957A337227462E112E336DE033157F5F1AC5D4FDDD95801130951CB99486CBBA75EB26462BE588EF8BA9EC29216324437EC49A4B4C8B556AE472AF91CCB265CB8653C37F58C0A8851C30B1E6523A2DD6D1D1F1C33458B962FAECD5575F9D3A5DF6B09E8D3C4C8D3DB479F3E6B15873A9A6FDFBF78FA4E1FC4702462DE48049E1D25D3A72996BB89486CC9491CC51BD1BF36ECF9E3D7F8A86F9DD77DF65D5F6F4D34F0FD5EBF05DC00898B98A47914BD75CCA9D16BBDF7459E99A8CA932E67DF412FB5CE251E45A3877EEDC58BD8E62048C80A940C074153BFF58A0AF86DDBB771BC5900FB1433F16F6E7F238F26CB5B5B50DC53C749E2EFA54BF163002A69A6D2876DE1717F6639471E3C68DAA5C5FF174D994479817E9E9981771FCCBCE9D3BB35ADAB163C7D938EA222FBF8392E984AEA6A6A65F091801538D363479FCCBC4D76DDFBEBDDAD75869C0BCA0A7635EC4D96271FC4B2D9D3871E26A6AF4FBF2D63994D487F7BA1B153002662E6D68F26CB189F7FBFAFAAA7A8DC566CC927FCB3E3D1DF3220EAE1C1C1CAC69C00C0D0D1552A3FF2CC79DC30F77A3A59D848011307369439307574EBC5EE9C5FDA962C77FC9BFE3333D1DF3224E452E1E5C592BF1F3E264D8BC770EA577A331ED216004CC5CDA50AA91E2FF57EAD1E4FB3DB25CF2B347F574CCDB85311FE678B0DFBC9480C957D5631B2A56ADAF313D1DF362F9F2E5776A3D8219191919AA9311CCA9382FEA91471E79D0149911CC5CDB50C9E7BA18C1B030AC59B366ACD66B309F7FFEF9BF72BE06F3A360C9EB1A4CFA27DDB36AF5BE80995D1BB206C382B371E3C64BB57E8AACB3B3F36F397D8AECA3D8693D3558F21C30F77BADDAEF0B98D9B5214F91B1E0BCF6DA6B3B6BBD0FA6A3A3637FCEF6C1DC73C42260044C25DB907D302C382FBDF4D2CF57AF5EFD7D0D77F28F2E5DBAF43FF5B8BB58C00898B9889DFCA9DD8FD762277F4B4BCB1D3BF9C98575EBD6FDBB566791757676EEAAD7F391048C80992B6791B1E0AC58B162F1F3CF3F3F5E8351CC701ABD9C719AB280719A72F54E534ED7D81DA729932BEDEDEDFDD5FE3C9858EF893BAA9F5AEB103002A6C13F70EC50B53E0F26DD28DE2E1DBDD4EBB546838979DAB6B6B6916A7DA2657F7FFFDEF433067DA2A5C79405CC9245A9AE57E1132DEFF8444B72ABA5A5A5398D646E150A858A86CBB56BD78EA561FB27F53E5CB7D1D246CB4A696A6A5A525CF02F8E64CA9D2E8BEF9B32723135463E353737B7AD5AB5EA66A54632317289704917D4867AFFDD08180153E1914C6B69C8C49A4C2CFCC75360337D5A2C16F44BD75CA21AE15AA381C5DD551ACD7CF5C1071F7C338785FFE1D75F7FFDED98168B0BA9117E2F0246C054E35A4B355C1A101134B14F263663C6E8A4387D16D360B1433F3651BEF1C61BD9F2E5CBBF9F727AC0CD46B9D66870314F9CEE8C7ADADBDB87CE9C3933329B7D2E070F1EDC9D02EA542C3236D23CB0801130D5BAD64A1F5F2EB38E5A73A11E1BFF631134ADADAD85AD5BB79E3F76ECD827E92E6AB07840661C5C19678B757777FF75D3A64D1FA6BBAFCBD1D8E34EAAD19E60113002A6DAD7DA64D08CCF26581AF15A638199FC3CF1B593E7295D89135A8B27B5C6617A71DE511C49D1C8BB86058C8071AD010246C000081825600001A3631730000246C000081825600001A3631730000246C000081825600001A3040C80801130000246091840C02801032060040C808051020610304AC000081801032060948001048C1230000246C000081825600001A3040CC05CF5F4F4E8D8F353A32960C6B54AA0211C397264B05028E8DC73500303037F4E017341AB041A426F6FEF6FFAFAFABEFCE28B2F4674F2F337728970E9EEEEFE24D5635A25D03052A7F668BA733E15D333B106A06A5EF17BBF205C0000000000000000000000000000A888FF0325060AE8A0C2ABBC0000000049454E44AE426082, 1);
INSERT INTO `act_ge_bytearray` VALUES ('f76c1a05-ba0d-11eb-ba55-00ff08753f51', 3, 'source', NULL, 0x7B227265736F757263654964223A2266373531386432342D626130642D313165622D626135352D303066663038373533663531222C2270726F70657274696573223A7B2270726F636573735F6964223A224C65617665222C226E616D65223A22E8AFB7E58187E5B7A5E4BD9CE6B581222C22646F63756D656E746174696F6E223A22222C2270726F636573735F617574686F72223A22627920656E7466726D222C2270726F636573735F76657273696F6E223A22222C2270726F636573735F6E616D657370616365223A22687474703A2F2F7777772E61637469766974692E6F72672F70726F63657373646566222C22657865637574696F6E6C697374656E657273223A22222C226576656E746C697374656E657273223A22222C227369676E616C646566696E6974696F6E73223A22222C226D657373616765646566696E6974696F6E73223A22227D2C227374656E63696C223A7B226964223A2242504D4E4469616772616D227D2C226368696C64536861706573223A5B7B227265736F757263654964223A227369642D32364546454539342D383036322D343436422D423443322D453541413931453135313230222C2270726F70657274696573223A7B226F766572726964656964223A22222C226E616D65223A22222C22646F63756D656E746174696F6E223A22222C22657865637574696F6E6C697374656E657273223A22222C22696E69746961746F72223A22222C22666F726D6B6579646566696E6974696F6E223A22222C22666F726D70726F70657274696573223A22227D2C227374656E63696C223A7B226964223A2253746172744E6F6E654576656E74227D2C226368696C64536861706573223A5B5D2C226F7574676F696E67223A5B7B227265736F757263654964223A227369642D35453145303237442D363230442D344339302D414546462D444331413938364536393931227D5D2C22626F756E6473223A7B226C6F7765725269676874223A7B2278223A3138302C2279223A3135307D2C2275707065724C656674223A7B2278223A3135302C2279223A3132307D7D2C22646F636B657273223A5B5D7D2C7B227265736F757263654964223A227369642D33313944323546332D354341342D344639422D424343362D443446364545353738453842222C2270726F70657274696573223A7B227461736B6C697374656E657273223A22222C226F766572726964656964223A22222C226E616D65223A22E5B08FE78B97E5AEA1E689B9222C22646F63756D656E746174696F6E223A22222C226173796E6368726F6E6F7573646566696E6974696F6E223A2266616C7365222C226578636C7573697665646566696E6974696F6E223A2266616C7365222C22657865637574696F6E6C697374656E657273223A22222C226D756C7469696E7374616E63655F74797065223A224E6F6E65222C226D756C7469696E7374616E63655F63617264696E616C697479223A22222C226D756C7469696E7374616E63655F636F6C6C656374696F6E223A22222C226D756C7469696E7374616E63655F7661726961626C65223A22222C226D756C7469696E7374616E63655F636F6E646974696F6E223A22222C226973666F72636F6D70656E736174696F6E223A2266616C7365222C22757365727461736B61737369676E6D656E74223A7B2261737369676E6D656E74223A7B2261737369676E6565223A22E5B08FE78B97227D7D2C22666F726D6B6579646566696E6974696F6E223A22312C666F726D31222C2264756564617465646566696E6974696F6E223A22222C227072696F72697479646566696E6974696F6E223A22222C22666F726D70726F70657274696573223A22227D2C227374656E63696C223A7B226964223A22557365725461736B227D2C226368696C64536861706573223A5B5D2C226F7574676F696E67223A5B7B227265736F757263654964223A227369642D36334338433345462D413232372D344635342D383045422D394446464545433339313732227D5D2C22626F756E6473223A7B226C6F7765725269676874223A7B2278223A3332352C2279223A3137357D2C2275707065724C656674223A7B2278223A3232352C2279223A39357D7D2C22646F636B657273223A5B5D7D2C7B227265736F757263654964223A227369642D35453145303237442D363230442D344339302D414546462D444331413938364536393931222C2270726F70657274696573223A7B226F766572726964656964223A22222C226E616D65223A22222C22646F63756D656E746174696F6E223A22222C22636F6E646974696F6E73657175656E6365666C6F77223A22222C22657865637574696F6E6C697374656E657273223A22222C2264656661756C74666C6F77223A2266616C7365227D2C227374656E63696C223A7B226964223A2253657175656E6365466C6F77227D2C226368696C64536861706573223A5B5D2C226F7574676F696E67223A5B7B227265736F757263654964223A227369642D33313944323546332D354341342D344639422D424343362D443446364545353738453842227D5D2C22626F756E6473223A7B226C6F7765725269676874223A7B2278223A3232342E31353632352C2279223A3133357D2C2275707065724C656674223A7B2278223A3138302E3630393337352C2279223A3133357D7D2C22646F636B657273223A5B7B2278223A31352C2279223A31357D2C7B2278223A35302C2279223A34307D5D2C22746172676574223A7B227265736F757263654964223A227369642D33313944323546332D354341342D344639422D424343362D443446364545353738453842227D7D2C7B227265736F757263654964223A227369642D39434437333046352D323934452D343434382D394543442D314443443635333839303042222C2270726F70657274696573223A7B226F766572726964656964223A22222C226E616D65223A22222C22646F63756D656E746174696F6E223A22222C22657865637574696F6E6C697374656E657273223A22227D2C227374656E63696C223A7B226964223A22456E644E6F6E654576656E74227D2C226368696C64536861706573223A5B5D2C226F7574676F696E67223A5B5D2C22626F756E6473223A7B226C6F7765725269676874223A7B2278223A3339382C2279223A3134397D2C2275707065724C656674223A7B2278223A3337302C2279223A3132317D7D2C22646F636B657273223A5B5D7D2C7B227265736F757263654964223A227369642D36334338433345462D413232372D344635342D383045422D394446464545433339313732222C2270726F70657274696573223A7B226F766572726964656964223A22222C226E616D65223A22222C22646F63756D656E746174696F6E223A22222C22636F6E646974696F6E73657175656E6365666C6F77223A22222C22657865637574696F6E6C697374656E657273223A22222C2264656661756C74666C6F77223A2266616C7365227D2C227374656E63696C223A7B226964223A2253657175656E6365466C6F77227D2C226368696C64536861706573223A5B5D2C226F7574676F696E67223A5B7B227265736F757263654964223A227369642D39434437333046352D323934452D343434382D394543442D314443443635333839303042227D5D2C22626F756E6473223A7B226C6F7765725269676874223A7B2278223A3336392E3337352C2279223A3133357D2C2275707065724C656674223A7B2278223A3332352E3339303632352C2279223A3133357D7D2C22646F636B657273223A5B7B2278223A35302C2279223A34307D2C7B2278223A31342C2279223A31347D5D2C22746172676574223A7B227265736F757263654964223A227369642D39434437333046352D323934452D343434382D394543442D314443443635333839303042227D7D5D2C22626F756E6473223A7B226C6F7765725269676874223A7B2278223A313230302C2279223A313035307D2C2275707065724C656674223A7B2278223A302C2279223A307D7D2C227374656E63696C736574223A7B2275726C223A227374656E63696C736574732F62706D6E322E302F62706D6E322E302E6A736F6E222C226E616D657370616365223A22687474703A2F2F62336D6E2E6F72672F7374656E63696C7365742F62706D6E322E3023227D2C227373657874656E73696F6E73223A5B5D7D, NULL);

-- ----------------------------
-- Table structure for act_ge_property
-- ----------------------------
DROP TABLE IF EXISTS `act_ge_property`;
CREATE TABLE `act_ge_property`  (
  `NAME_` varchar(64) CHARACTER SET utf8 COLLATE utf8_bin NOT NULL,
  `VALUE_` varchar(300) CHARACTER SET utf8 COLLATE utf8_bin NULL DEFAULT NULL,
  `REV_` int(11) NULL DEFAULT NULL,
  PRIMARY KEY (`NAME_`) USING BTREE
) ENGINE = InnoDB CHARACTER SET = utf8 COLLATE = utf8_bin ROW_FORMAT = Dynamic;

-- ----------------------------
-- Records of act_ge_property
-- ----------------------------
INSERT INTO `act_ge_property` VALUES ('cfg.execution-related-entities-count', 'true', 1);
INSERT INTO `act_ge_property` VALUES ('cfg.task-related-entities-count', 'true', 1);
INSERT INTO `act_ge_property` VALUES ('common.schema.version', '6.5.0.1', 1);
INSERT INTO `act_ge_property` VALUES ('entitylink.schema.version', '6.5.0.1', 1);
INSERT INTO `act_ge_property` VALUES ('eventsubscription.schema.version', '6.5.0.1', 1);
INSERT INTO `act_ge_property` VALUES ('identitylink.schema.version', '6.5.0.1', 1);
INSERT INTO `act_ge_property` VALUES ('job.schema.version', '6.5.0.1', 1);
INSERT INTO `act_ge_property` VALUES ('next.dbid', '1', 1);
INSERT INTO `act_ge_property` VALUES ('schema.history', 'create(6.5.0.1)', 1);
INSERT INTO `act_ge_property` VALUES ('schema.version', '6.5.0.1', 1);
INSERT INTO `act_ge_property` VALUES ('task.schema.version', '6.5.0.1', 1);
INSERT INTO `act_ge_property` VALUES ('variable.schema.version', '6.5.0.1', 1);

-- ----------------------------
-- Table structure for act_hi_actinst
-- ----------------------------
DROP TABLE IF EXISTS `act_hi_actinst`;
CREATE TABLE `act_hi_actinst`  (
  `ID_` varchar(64) CHARACTER SET utf8 COLLATE utf8_bin NOT NULL,
  `REV_` int(11) NULL DEFAULT 1,
  `PROC_DEF_ID_` varchar(64) CHARACTER SET utf8 COLLATE utf8_bin NOT NULL,
  `PROC_INST_ID_` varchar(64) CHARACTER SET utf8 COLLATE utf8_bin NOT NULL,
  `EXECUTION_ID_` varchar(64) CHARACTER SET utf8 COLLATE utf8_bin NOT NULL,
  `ACT_ID_` varchar(255) CHARACTER SET utf8 COLLATE utf8_bin NOT NULL,
  `TASK_ID_` varchar(64) CHARACTER SET utf8 COLLATE utf8_bin NULL DEFAULT NULL,
  `CALL_PROC_INST_ID_` varchar(64) CHARACTER SET utf8 COLLATE utf8_bin NULL DEFAULT NULL,
  `ACT_NAME_` varchar(255) CHARACTER SET utf8 COLLATE utf8_bin NULL DEFAULT NULL,
  `ACT_TYPE_` varchar(255) CHARACTER SET utf8 COLLATE utf8_bin NOT NULL,
  `ASSIGNEE_` varchar(255) CHARACTER SET utf8 COLLATE utf8_bin NULL DEFAULT NULL,
  `START_TIME_` datetime(3) NOT NULL,
  `END_TIME_` datetime(3) NULL DEFAULT NULL,
  `DURATION_` bigint(20) NULL DEFAULT NULL,
  `DELETE_REASON_` varchar(4000) CHARACTER SET utf8 COLLATE utf8_bin NULL DEFAULT NULL,
  `TENANT_ID_` varchar(255) CHARACTER SET utf8 COLLATE utf8_bin NULL DEFAULT '',
  PRIMARY KEY (`ID_`) USING BTREE,
  INDEX `ACT_IDX_HI_ACT_INST_START`(`START_TIME_`) USING BTREE,
  INDEX `ACT_IDX_HI_ACT_INST_END`(`END_TIME_`) USING BTREE,
  INDEX `ACT_IDX_HI_ACT_INST_PROCINST`(`PROC_INST_ID_`, `ACT_ID_`) USING BTREE,
  INDEX `ACT_IDX_HI_ACT_INST_EXEC`(`EXECUTION_ID_`, `ACT_ID_`) USING BTREE
) ENGINE = InnoDB CHARACTER SET = utf8 COLLATE = utf8_bin ROW_FORMAT = Dynamic;

-- ----------------------------
-- Records of act_hi_actinst
-- ----------------------------
INSERT INTO `act_hi_actinst` VALUES ('09845d55-ba33-11eb-8d3e-00ff08753f51', 1, 'Leave:1:b3dadb5d-ba1b-11eb-b8de-00ff08753f51', '098065b0-ba33-11eb-8d3e-00ff08753f51', '09843644-ba33-11eb-8d3e-00ff08753f51', 'sid-26EFEE94-8062-446B-B4C2-E5AA91E15120', NULL, NULL, NULL, 'startEvent', NULL, '2021-05-21 20:49:53.070', '2021-05-21 20:49:53.086', 16, NULL, '');
INSERT INTO `act_hi_actinst` VALUES ('098806d6-ba33-11eb-8d3e-00ff08753f51', 1, 'Leave:1:b3dadb5d-ba1b-11eb-b8de-00ff08753f51', '098065b0-ba33-11eb-8d3e-00ff08753f51', '09843644-ba33-11eb-8d3e-00ff08753f51', 'sid-5E1E027D-620D-4C90-AEFF-DC1A986E6991', NULL, NULL, NULL, 'sequenceFlow', NULL, '2021-05-21 20:49:53.094', '2021-05-21 20:49:53.094', 0, NULL, '');
INSERT INTO `act_hi_actinst` VALUES ('098806d7-ba33-11eb-8d3e-00ff08753f51', 1, 'Leave:1:b3dadb5d-ba1b-11eb-b8de-00ff08753f51', '098065b0-ba33-11eb-8d3e-00ff08753f51', '09843644-ba33-11eb-8d3e-00ff08753f51', 'sid-319D25F3-5CA4-4F9B-BCC6-D4F6EE578E8B', '0992b538-ba33-11eb-8d3e-00ff08753f51', NULL, '小狗审批', 'userTask', '小狗', '2021-05-21 20:49:53.094', NULL, NULL, NULL, '');
INSERT INTO `act_hi_actinst` VALUES ('0a9d5236-ba34-11eb-8096-00ff08753f51', 1, 'Leave:1:b3dadb5d-ba1b-11eb-b8de-00ff08753f51', '0a98be51-ba34-11eb-8096-00ff08753f51', '0a9d5235-ba34-11eb-8096-00ff08753f51', 'sid-26EFEE94-8062-446B-B4C2-E5AA91E15120', NULL, NULL, NULL, 'startEvent', NULL, '2021-05-21 20:57:04.408', '2021-05-21 20:57:04.419', 11, NULL, '');
INSERT INTO `act_hi_actinst` VALUES ('0aa01157-ba34-11eb-8096-00ff08753f51', 1, 'Leave:1:b3dadb5d-ba1b-11eb-b8de-00ff08753f51', '0a98be51-ba34-11eb-8096-00ff08753f51', '0a9d5235-ba34-11eb-8096-00ff08753f51', 'sid-5E1E027D-620D-4C90-AEFF-DC1A986E6991', NULL, NULL, NULL, 'sequenceFlow', NULL, '2021-05-21 20:57:04.426', '2021-05-21 20:57:04.426', 0, NULL, '');
INSERT INTO `act_hi_actinst` VALUES ('0aa01158-ba34-11eb-8096-00ff08753f51', 1, 'Leave:1:b3dadb5d-ba1b-11eb-b8de-00ff08753f51', '0a98be51-ba34-11eb-8096-00ff08753f51', '0a9d5235-ba34-11eb-8096-00ff08753f51', 'sid-319D25F3-5CA4-4F9B-BCC6-D4F6EE578E8B', '0aa96029-ba34-11eb-8096-00ff08753f51', NULL, '小狗审批', 'userTask', '小狗', '2021-05-21 20:57:04.426', NULL, NULL, NULL, '');
INSERT INTO `act_hi_actinst` VALUES ('19c1a8e5-ba3f-11eb-b716-00ff08753f51', 1, 'Leave:2:08c5f90f-ba3f-11eb-b716-00ff08753f51', '19c181d0-ba3f-11eb-b716-00ff08753f51', '19c1a8e4-ba3f-11eb-b716-00ff08753f51', 'sid-26EFEE94-8062-446B-B4C2-E5AA91E15120', NULL, NULL, NULL, 'startEvent', NULL, '2021-05-21 22:16:14.276', '2021-05-21 22:16:14.276', 0, NULL, '');
INSERT INTO `act_hi_actinst` VALUES ('19c1a8e6-ba3f-11eb-b716-00ff08753f51', 1, 'Leave:2:08c5f90f-ba3f-11eb-b716-00ff08753f51', '19c181d0-ba3f-11eb-b716-00ff08753f51', '19c1a8e4-ba3f-11eb-b716-00ff08753f51', 'sid-5E1E027D-620D-4C90-AEFF-DC1A986E6991', NULL, NULL, NULL, 'sequenceFlow', NULL, '2021-05-21 22:16:14.276', '2021-05-21 22:16:14.276', 0, NULL, '');
INSERT INTO `act_hi_actinst` VALUES ('19c1a8e7-ba3f-11eb-b716-00ff08753f51', 2, 'Leave:2:08c5f90f-ba3f-11eb-b716-00ff08753f51', '19c181d0-ba3f-11eb-b716-00ff08753f51', '19c1a8e4-ba3f-11eb-b716-00ff08753f51', 'sid-319D25F3-5CA4-4F9B-BCC6-D4F6EE578E8B', '19c922f8-ba3f-11eb-b716-00ff08753f51', NULL, '小狗审批', 'userTask', '小狗', '2021-05-21 22:16:14.276', '2021-05-21 22:57:50.381', 2496105, NULL, '');
INSERT INTO `act_hi_actinst` VALUES ('240263a9-ba48-11eb-a5f7-00ff08753f51', 1, 'Leave:2:08c5f90f-ba3f-11eb-b716-00ff08753f51', '240263a4-ba48-11eb-a5f7-00ff08753f51', '240263a8-ba48-11eb-a5f7-00ff08753f51', 'sid-26EFEE94-8062-446B-B4C2-E5AA91E15120', NULL, NULL, NULL, 'startEvent', NULL, '2021-05-21 23:20:56.948', '2021-05-21 23:20:56.948', 0, NULL, '');
INSERT INTO `act_hi_actinst` VALUES ('240263aa-ba48-11eb-a5f7-00ff08753f51', 1, 'Leave:2:08c5f90f-ba3f-11eb-b716-00ff08753f51', '240263a4-ba48-11eb-a5f7-00ff08753f51', '240263a8-ba48-11eb-a5f7-00ff08753f51', 'sid-5E1E027D-620D-4C90-AEFF-DC1A986E6991', NULL, NULL, NULL, 'sequenceFlow', NULL, '2021-05-21 23:20:56.948', '2021-05-21 23:20:56.948', 0, NULL, '');
INSERT INTO `act_hi_actinst` VALUES ('240263ab-ba48-11eb-a5f7-00ff08753f51', 2, 'Leave:2:08c5f90f-ba3f-11eb-b716-00ff08753f51', '240263a4-ba48-11eb-a5f7-00ff08753f51', '240263a8-ba48-11eb-a5f7-00ff08753f51', 'sid-319D25F3-5CA4-4F9B-BCC6-D4F6EE578E8B', '2405bf0c-ba48-11eb-a5f7-00ff08753f51', NULL, '小狗审批', 'userTask', '小狗', '2021-05-21 23:20:56.948', '2021-05-21 23:21:06.090', 9142, 'Change activity to sid-9CD730F5-294E-4448-9ECD-1DCD6538900B', '');
INSERT INTO `act_hi_actinst` VALUES ('297929a2-ba48-11eb-a5f7-00ff08753f51', 1, 'Leave:2:08c5f90f-ba3f-11eb-b716-00ff08753f51', '240263a4-ba48-11eb-a5f7-00ff08753f51', '297929a1-ba48-11eb-a5f7-00ff08753f51', 'sid-9CD730F5-294E-4448-9ECD-1DCD6538900B', NULL, NULL, NULL, 'endEvent', NULL, '2021-05-21 23:21:06.115', '2021-05-21 23:21:06.116', 1, NULL, '');
INSERT INTO `act_hi_actinst` VALUES ('3b3af241-ba2f-11eb-8452-00ff08753f51', 1, 'Leave:1:b3dadb5d-ba1b-11eb-b8de-00ff08753f51', '3b3aa41c-ba2f-11eb-8452-00ff08753f51', '3b3af240-ba2f-11eb-8452-00ff08753f51', 'sid-26EFEE94-8062-446B-B4C2-E5AA91E15120', NULL, NULL, NULL, 'startEvent', NULL, '2021-05-21 20:22:38.488', '2021-05-21 20:22:38.489', 1, NULL, '');
INSERT INTO `act_hi_actinst` VALUES ('3b3b1952-ba2f-11eb-8452-00ff08753f51', 1, 'Leave:1:b3dadb5d-ba1b-11eb-b8de-00ff08753f51', '3b3aa41c-ba2f-11eb-8452-00ff08753f51', '3b3af240-ba2f-11eb-8452-00ff08753f51', 'sid-5E1E027D-620D-4C90-AEFF-DC1A986E6991', NULL, NULL, NULL, 'sequenceFlow', NULL, '2021-05-21 20:22:38.489', '2021-05-21 20:22:38.489', 0, NULL, '');
INSERT INTO `act_hi_actinst` VALUES ('3b3b1953-ba2f-11eb-8452-00ff08753f51', 1, 'Leave:1:b3dadb5d-ba1b-11eb-b8de-00ff08753f51', '3b3aa41c-ba2f-11eb-8452-00ff08753f51', '3b3af240-ba2f-11eb-8452-00ff08753f51', 'sid-319D25F3-5CA4-4F9B-BCC6-D4F6EE578E8B', '3b3b4064-ba2f-11eb-8452-00ff08753f51', NULL, '小狗审批', 'userTask', '小狗', '2021-05-21 20:22:38.489', NULL, NULL, NULL, '');
INSERT INTO `act_hi_actinst` VALUES ('3f789140-ba2e-11eb-8452-00ff08753f51', 1, 'Leave:1:b3dadb5d-ba1b-11eb-b8de-00ff08753f51', '3f78913b-ba2e-11eb-8452-00ff08753f51', '3f78913f-ba2e-11eb-8452-00ff08753f51', 'sid-26EFEE94-8062-446B-B4C2-E5AA91E15120', NULL, NULL, NULL, 'startEvent', NULL, '2021-05-21 20:15:36.106', '2021-05-21 20:15:36.106', 0, NULL, '');
INSERT INTO `act_hi_actinst` VALUES ('3f78b851-ba2e-11eb-8452-00ff08753f51', 1, 'Leave:1:b3dadb5d-ba1b-11eb-b8de-00ff08753f51', '3f78913b-ba2e-11eb-8452-00ff08753f51', '3f78913f-ba2e-11eb-8452-00ff08753f51', 'sid-5E1E027D-620D-4C90-AEFF-DC1A986E6991', NULL, NULL, NULL, 'sequenceFlow', NULL, '2021-05-21 20:15:36.107', '2021-05-21 20:15:36.107', 0, NULL, '');
INSERT INTO `act_hi_actinst` VALUES ('3f78b852-ba2e-11eb-8452-00ff08753f51', 1, 'Leave:1:b3dadb5d-ba1b-11eb-b8de-00ff08753f51', '3f78913b-ba2e-11eb-8452-00ff08753f51', '3f78913f-ba2e-11eb-8452-00ff08753f51', 'sid-319D25F3-5CA4-4F9B-BCC6-D4F6EE578E8B', '3f78b853-ba2e-11eb-8452-00ff08753f51', NULL, '小狗审批', 'userTask', '小狗', '2021-05-21 20:15:36.107', NULL, NULL, NULL, '');
INSERT INTO `act_hi_actinst` VALUES ('4daa1045-ba46-11eb-a5f7-00ff08753f51', 1, 'Leave:2:08c5f90f-ba3f-11eb-b716-00ff08753f51', '53390e87-ba45-11eb-a5f7-00ff08753f51', '4da9e934-ba46-11eb-a5f7-00ff08753f51', 'sid-9CD730F5-294E-4448-9ECD-1DCD6538900B', NULL, NULL, NULL, 'endEvent', NULL, '2021-05-21 23:07:47.840', '2021-05-21 23:07:47.840', 0, NULL, '');
INSERT INTO `act_hi_actinst` VALUES ('522afc7c-ba2f-11eb-8452-00ff08753f51', 1, 'Leave:1:b3dadb5d-ba1b-11eb-b8de-00ff08753f51', '522afc77-ba2f-11eb-8452-00ff08753f51', '522afc7b-ba2f-11eb-8452-00ff08753f51', 'sid-26EFEE94-8062-446B-B4C2-E5AA91E15120', NULL, NULL, NULL, 'startEvent', NULL, '2021-05-21 20:23:16.971', '2021-05-21 20:23:16.971', 0, NULL, '');
INSERT INTO `act_hi_actinst` VALUES ('522afc7d-ba2f-11eb-8452-00ff08753f51', 1, 'Leave:1:b3dadb5d-ba1b-11eb-b8de-00ff08753f51', '522afc77-ba2f-11eb-8452-00ff08753f51', '522afc7b-ba2f-11eb-8452-00ff08753f51', 'sid-5E1E027D-620D-4C90-AEFF-DC1A986E6991', NULL, NULL, NULL, 'sequenceFlow', NULL, '2021-05-21 20:23:16.972', '2021-05-21 20:23:16.972', 0, NULL, '');
INSERT INTO `act_hi_actinst` VALUES ('522b238e-ba2f-11eb-8452-00ff08753f51', 1, 'Leave:1:b3dadb5d-ba1b-11eb-b8de-00ff08753f51', '522afc77-ba2f-11eb-8452-00ff08753f51', '522afc7b-ba2f-11eb-8452-00ff08753f51', 'sid-319D25F3-5CA4-4F9B-BCC6-D4F6EE578E8B', '522b238f-ba2f-11eb-8452-00ff08753f51', NULL, '小狗审批', 'userTask', '小狗', '2021-05-21 20:23:16.972', NULL, NULL, NULL, '');
INSERT INTO `act_hi_actinst` VALUES ('5340618c-ba45-11eb-a5f7-00ff08753f51', 1, 'Leave:2:08c5f90f-ba3f-11eb-b716-00ff08753f51', '53390e87-ba45-11eb-a5f7-00ff08753f51', '53403a7b-ba45-11eb-a5f7-00ff08753f51', 'sid-26EFEE94-8062-446B-B4C2-E5AA91E15120', NULL, NULL, NULL, 'startEvent', NULL, '2021-05-21 23:00:47.717', '2021-05-21 23:00:47.723', 6, NULL, '');
INSERT INTO `act_hi_actinst` VALUES ('53414bed-ba45-11eb-a5f7-00ff08753f51', 1, 'Leave:2:08c5f90f-ba3f-11eb-b716-00ff08753f51', '53390e87-ba45-11eb-a5f7-00ff08753f51', '53403a7b-ba45-11eb-a5f7-00ff08753f51', 'sid-5E1E027D-620D-4C90-AEFF-DC1A986E6991', NULL, NULL, NULL, 'sequenceFlow', NULL, '2021-05-21 23:00:47.723', '2021-05-21 23:00:47.723', 0, NULL, '');
INSERT INTO `act_hi_actinst` VALUES ('53414bee-ba45-11eb-a5f7-00ff08753f51', 2, 'Leave:2:08c5f90f-ba3f-11eb-b716-00ff08753f51', '53390e87-ba45-11eb-a5f7-00ff08753f51', '53403a7b-ba45-11eb-a5f7-00ff08753f51', 'sid-319D25F3-5CA4-4F9B-BCC6-D4F6EE578E8B', '534f55af-ba45-11eb-a5f7-00ff08753f51', NULL, '小狗审批', 'userTask', '小狗', '2021-05-21 23:00:47.723', '2021-05-21 23:07:47.751', 420028, 'Change activity to sid-9CD730F5-294E-4448-9ECD-1DCD6538900B', '');
INSERT INTO `act_hi_actinst` VALUES ('6c06f958-ba48-11eb-a5f7-00ff08753f51', 1, 'Leave:2:08c5f90f-ba3f-11eb-b716-00ff08753f51', '6c06d243-ba48-11eb-a5f7-00ff08753f51', '6c06f957-ba48-11eb-a5f7-00ff08753f51', 'sid-26EFEE94-8062-446B-B4C2-E5AA91E15120', NULL, NULL, NULL, 'startEvent', NULL, '2021-05-21 23:22:57.774', '2021-05-21 23:22:57.774', 0, NULL, '');
INSERT INTO `act_hi_actinst` VALUES ('6c06f959-ba48-11eb-a5f7-00ff08753f51', 1, 'Leave:2:08c5f90f-ba3f-11eb-b716-00ff08753f51', '6c06d243-ba48-11eb-a5f7-00ff08753f51', '6c06f957-ba48-11eb-a5f7-00ff08753f51', 'sid-5E1E027D-620D-4C90-AEFF-DC1A986E6991', NULL, NULL, NULL, 'sequenceFlow', NULL, '2021-05-21 23:22:57.774', '2021-05-21 23:22:57.774', 0, NULL, '');
INSERT INTO `act_hi_actinst` VALUES ('6c06f95a-ba48-11eb-a5f7-00ff08753f51', 2, 'Leave:2:08c5f90f-ba3f-11eb-b716-00ff08753f51', '6c06d243-ba48-11eb-a5f7-00ff08753f51', '6c06f957-ba48-11eb-a5f7-00ff08753f51', 'sid-319D25F3-5CA4-4F9B-BCC6-D4F6EE578E8B', '6c0f5dcb-ba48-11eb-a5f7-00ff08753f51', NULL, '小狗审批', 'userTask', '小狗', '2021-05-21 23:22:57.774', '2021-05-21 23:23:06.586', 8812, NULL, '');
INSERT INTO `act_hi_actinst` VALUES ('6e009276-ba3b-11eb-b716-00ff08753f51', 1, 'Leave:1:b3dadb5d-ba1b-11eb-b8de-00ff08753f51', '6dfd8531-ba3b-11eb-b716-00ff08753f51', '6e009275-ba3b-11eb-b716-00ff08753f51', 'sid-26EFEE94-8062-446B-B4C2-E5AA91E15120', NULL, NULL, NULL, 'startEvent', NULL, '2021-05-21 21:49:57.631', '2021-05-21 21:49:57.644', 13, NULL, '');
INSERT INTO `act_hi_actinst` VALUES ('6e03c6c7-ba3b-11eb-b716-00ff08753f51', 1, 'Leave:1:b3dadb5d-ba1b-11eb-b8de-00ff08753f51', '6dfd8531-ba3b-11eb-b716-00ff08753f51', '6e009275-ba3b-11eb-b716-00ff08753f51', 'sid-5E1E027D-620D-4C90-AEFF-DC1A986E6991', NULL, NULL, NULL, 'sequenceFlow', NULL, '2021-05-21 21:49:57.651', '2021-05-21 21:49:57.651', 0, NULL, '');
INSERT INTO `act_hi_actinst` VALUES ('6e03c6c8-ba3b-11eb-b716-00ff08753f51', 1, 'Leave:1:b3dadb5d-ba1b-11eb-b8de-00ff08753f51', '6dfd8531-ba3b-11eb-b716-00ff08753f51', '6e009275-ba3b-11eb-b716-00ff08753f51', 'sid-319D25F3-5CA4-4F9B-BCC6-D4F6EE578E8B', '6e0e9c39-ba3b-11eb-b716-00ff08753f51', NULL, '小狗审批', 'userTask', '小狗', '2021-05-21 21:49:57.651', NULL, NULL, NULL, '');
INSERT INTO `act_hi_actinst` VALUES ('7147bb30-ba48-11eb-a5f7-00ff08753f51', 1, 'Leave:2:08c5f90f-ba3f-11eb-b716-00ff08753f51', '6c06d243-ba48-11eb-a5f7-00ff08753f51', '6c06f957-ba48-11eb-a5f7-00ff08753f51', 'sid-63C8C3EF-A227-4F54-80EB-9DFFEEC39172', NULL, NULL, NULL, 'sequenceFlow', NULL, '2021-05-21 23:23:06.587', '2021-05-21 23:23:06.587', 0, NULL, '');
INSERT INTO `act_hi_actinst` VALUES ('71480951-ba48-11eb-a5f7-00ff08753f51', 1, 'Leave:2:08c5f90f-ba3f-11eb-b716-00ff08753f51', '6c06d243-ba48-11eb-a5f7-00ff08753f51', '6c06f957-ba48-11eb-a5f7-00ff08753f51', 'sid-9CD730F5-294E-4448-9ECD-1DCD6538900B', NULL, NULL, NULL, 'endEvent', NULL, '2021-05-21 23:23:06.589', '2021-05-21 23:23:06.589', 0, NULL, '');
INSERT INTO `act_hi_actinst` VALUES ('716a539b-ba47-11eb-a5f7-00ff08753f51', 1, 'Leave:2:08c5f90f-ba3f-11eb-b716-00ff08753f51', '716a5396-ba47-11eb-a5f7-00ff08753f51', '716a539a-ba47-11eb-a5f7-00ff08753f51', 'sid-26EFEE94-8062-446B-B4C2-E5AA91E15120', NULL, NULL, NULL, 'startEvent', NULL, '2021-05-21 23:15:57.317', '2021-05-21 23:15:57.317', 0, NULL, '');
INSERT INTO `act_hi_actinst` VALUES ('716a539c-ba47-11eb-a5f7-00ff08753f51', 1, 'Leave:2:08c5f90f-ba3f-11eb-b716-00ff08753f51', '716a5396-ba47-11eb-a5f7-00ff08753f51', '716a539a-ba47-11eb-a5f7-00ff08753f51', 'sid-5E1E027D-620D-4C90-AEFF-DC1A986E6991', NULL, NULL, NULL, 'sequenceFlow', NULL, '2021-05-21 23:15:57.317', '2021-05-21 23:15:57.317', 0, NULL, '');
INSERT INTO `act_hi_actinst` VALUES ('716a539d-ba47-11eb-a5f7-00ff08753f51', 2, 'Leave:2:08c5f90f-ba3f-11eb-b716-00ff08753f51', '716a5396-ba47-11eb-a5f7-00ff08753f51', '716a539a-ba47-11eb-a5f7-00ff08753f51', 'sid-319D25F3-5CA4-4F9B-BCC6-D4F6EE578E8B', '716a7aae-ba47-11eb-a5f7-00ff08753f51', NULL, '小狗审批', 'userTask', '小狗', '2021-05-21 23:15:57.317', '2021-05-21 23:16:28.303', 30986, 'Change activity to sid-9CD730F5-294E-4448-9ECD-1DCD6538900B', '');
INSERT INTO `act_hi_actinst` VALUES ('83e37bb4-ba47-11eb-a5f7-00ff08753f51', 1, 'Leave:2:08c5f90f-ba3f-11eb-b716-00ff08753f51', '716a5396-ba47-11eb-a5f7-00ff08753f51', '83e37bb3-ba47-11eb-a5f7-00ff08753f51', 'sid-9CD730F5-294E-4448-9ECD-1DCD6538900B', NULL, NULL, NULL, 'endEvent', NULL, '2021-05-21 23:16:28.310', '2021-05-21 23:16:28.310', 0, NULL, '');
INSERT INTO `act_hi_actinst` VALUES ('92e1de9b-ba2e-11eb-8452-00ff08753f51', 1, 'Leave:1:b3dadb5d-ba1b-11eb-b8de-00ff08753f51', '92dfe2c6-ba2e-11eb-8452-00ff08753f51', '92e1de9a-ba2e-11eb-8452-00ff08753f51', 'sid-26EFEE94-8062-446B-B4C2-E5AA91E15120', NULL, NULL, NULL, 'startEvent', NULL, '2021-05-21 20:17:56.047', '2021-05-21 20:17:56.048', 1, NULL, '');
INSERT INTO `act_hi_actinst` VALUES ('92e205ac-ba2e-11eb-8452-00ff08753f51', 1, 'Leave:1:b3dadb5d-ba1b-11eb-b8de-00ff08753f51', '92dfe2c6-ba2e-11eb-8452-00ff08753f51', '92e1de9a-ba2e-11eb-8452-00ff08753f51', 'sid-5E1E027D-620D-4C90-AEFF-DC1A986E6991', NULL, NULL, NULL, 'sequenceFlow', NULL, '2021-05-21 20:17:56.048', '2021-05-21 20:17:56.048', 0, NULL, '');
INSERT INTO `act_hi_actinst` VALUES ('92e22cbd-ba2e-11eb-8452-00ff08753f51', 1, 'Leave:1:b3dadb5d-ba1b-11eb-b8de-00ff08753f51', '92dfe2c6-ba2e-11eb-8452-00ff08753f51', '92e1de9a-ba2e-11eb-8452-00ff08753f51', 'sid-319D25F3-5CA4-4F9B-BCC6-D4F6EE578E8B', '92e22cbe-ba2e-11eb-8452-00ff08753f51', NULL, '小狗审批', 'userTask', '小狗', '2021-05-21 20:17:56.049', NULL, NULL, NULL, '');
INSERT INTO `act_hi_actinst` VALUES ('9b199ca7-ba32-11eb-8452-00ff08753f51', 1, 'Leave:1:b3dadb5d-ba1b-11eb-b8de-00ff08753f51', '9b192772-ba32-11eb-8452-00ff08753f51', '9b199ca6-ba32-11eb-8452-00ff08753f51', 'sid-26EFEE94-8062-446B-B4C2-E5AA91E15120', NULL, NULL, NULL, 'startEvent', NULL, '2021-05-21 20:46:47.821', '2021-05-21 20:46:47.821', 0, NULL, '');
INSERT INTO `act_hi_actinst` VALUES ('9b199ca8-ba32-11eb-8452-00ff08753f51', 1, 'Leave:1:b3dadb5d-ba1b-11eb-b8de-00ff08753f51', '9b192772-ba32-11eb-8452-00ff08753f51', '9b199ca6-ba32-11eb-8452-00ff08753f51', 'sid-5E1E027D-620D-4C90-AEFF-DC1A986E6991', NULL, NULL, NULL, 'sequenceFlow', NULL, '2021-05-21 20:46:47.821', '2021-05-21 20:46:47.821', 0, NULL, '');
INSERT INTO `act_hi_actinst` VALUES ('9b19c3b9-ba32-11eb-8452-00ff08753f51', 1, 'Leave:1:b3dadb5d-ba1b-11eb-b8de-00ff08753f51', '9b192772-ba32-11eb-8452-00ff08753f51', '9b199ca6-ba32-11eb-8452-00ff08753f51', 'sid-319D25F3-5CA4-4F9B-BCC6-D4F6EE578E8B', '9b19eaca-ba32-11eb-8452-00ff08753f51', NULL, '小狗审批', 'userTask', '小狗', '2021-05-21 20:46:47.822', NULL, NULL, NULL, '');
INSERT INTO `act_hi_actinst` VALUES ('b5e1a3da-ba47-11eb-a5f7-00ff08753f51', 1, 'Leave:2:08c5f90f-ba3f-11eb-b716-00ff08753f51', 'b5e17cc5-ba47-11eb-a5f7-00ff08753f51', 'b5e1a3d9-ba47-11eb-a5f7-00ff08753f51', 'sid-26EFEE94-8062-446B-B4C2-E5AA91E15120', NULL, NULL, NULL, 'startEvent', NULL, '2021-05-21 23:17:52.184', '2021-05-21 23:17:52.184', 0, NULL, '');
INSERT INTO `act_hi_actinst` VALUES ('b5e1a3db-ba47-11eb-a5f7-00ff08753f51', 1, 'Leave:2:08c5f90f-ba3f-11eb-b716-00ff08753f51', 'b5e17cc5-ba47-11eb-a5f7-00ff08753f51', 'b5e1a3d9-ba47-11eb-a5f7-00ff08753f51', 'sid-5E1E027D-620D-4C90-AEFF-DC1A986E6991', NULL, NULL, NULL, 'sequenceFlow', NULL, '2021-05-21 23:17:52.184', '2021-05-21 23:17:52.184', 0, NULL, '');
INSERT INTO `act_hi_actinst` VALUES ('b5e1a3dc-ba47-11eb-a5f7-00ff08753f51', 2, 'Leave:2:08c5f90f-ba3f-11eb-b716-00ff08753f51', 'b5e17cc5-ba47-11eb-a5f7-00ff08753f51', 'b5e1a3d9-ba47-11eb-a5f7-00ff08753f51', 'sid-319D25F3-5CA4-4F9B-BCC6-D4F6EE578E8B', 'b5e1a3dd-ba47-11eb-a5f7-00ff08753f51', NULL, '小狗审批', 'userTask', '小狗', '2021-05-21 23:17:52.184', '2021-05-21 23:18:35.214', 43030, 'Change activity to sid-9CD730F5-294E-4448-9ECD-1DCD6538900B', '');
INSERT INTO `act_hi_actinst` VALUES ('c0ccb1e3-ba37-11eb-a656-00ff08753f51', 1, 'Leave:1:b3dadb5d-ba1b-11eb-b8de-00ff08753f51', 'c0c9cbae-ba37-11eb-a656-00ff08753f51', 'c0ccb1e2-ba37-11eb-a656-00ff08753f51', 'sid-26EFEE94-8062-446B-B4C2-E5AA91E15120', NULL, NULL, NULL, 'startEvent', NULL, '2021-05-21 21:23:38.554', '2021-05-21 21:23:38.564', 10, NULL, '');
INSERT INTO `act_hi_actinst` VALUES ('c0cf22e4-ba37-11eb-a656-00ff08753f51', 1, 'Leave:1:b3dadb5d-ba1b-11eb-b8de-00ff08753f51', 'c0c9cbae-ba37-11eb-a656-00ff08753f51', 'c0ccb1e2-ba37-11eb-a656-00ff08753f51', 'sid-5E1E027D-620D-4C90-AEFF-DC1A986E6991', NULL, NULL, NULL, 'sequenceFlow', NULL, '2021-05-21 21:23:38.570', '2021-05-21 21:23:38.570', 0, NULL, '');
INSERT INTO `act_hi_actinst` VALUES ('c0cf22e5-ba37-11eb-a656-00ff08753f51', 1, 'Leave:1:b3dadb5d-ba1b-11eb-b8de-00ff08753f51', 'c0c9cbae-ba37-11eb-a656-00ff08753f51', 'c0ccb1e2-ba37-11eb-a656-00ff08753f51', 'sid-319D25F3-5CA4-4F9B-BCC6-D4F6EE578E8B', 'c0d76046-ba37-11eb-a656-00ff08753f51', NULL, '小狗审批', 'userTask', '小狗', '2021-05-21 21:23:38.570', NULL, NULL, NULL, '');
INSERT INTO `act_hi_actinst` VALUES ('cb03d697-ba48-11eb-a5f7-00ff08753f51', 1, 'Leave:2:08c5f90f-ba3f-11eb-b716-00ff08753f51', 'cb03d692-ba48-11eb-a5f7-00ff08753f51', 'cb03d696-ba48-11eb-a5f7-00ff08753f51', 'sid-26EFEE94-8062-446B-B4C2-E5AA91E15120', NULL, NULL, NULL, 'startEvent', NULL, '2021-05-21 23:25:37.137', '2021-05-21 23:25:37.137', 0, NULL, '');
INSERT INTO `act_hi_actinst` VALUES ('cb03d698-ba48-11eb-a5f7-00ff08753f51', 1, 'Leave:2:08c5f90f-ba3f-11eb-b716-00ff08753f51', 'cb03d692-ba48-11eb-a5f7-00ff08753f51', 'cb03d696-ba48-11eb-a5f7-00ff08753f51', 'sid-5E1E027D-620D-4C90-AEFF-DC1A986E6991', NULL, NULL, NULL, 'sequenceFlow', NULL, '2021-05-21 23:25:37.137', '2021-05-21 23:25:37.137', 0, NULL, '');
INSERT INTO `act_hi_actinst` VALUES ('cb03d699-ba48-11eb-a5f7-00ff08753f51', 2, 'Leave:2:08c5f90f-ba3f-11eb-b716-00ff08753f51', 'cb03d692-ba48-11eb-a5f7-00ff08753f51', 'cb03d696-ba48-11eb-a5f7-00ff08753f51', 'sid-319D25F3-5CA4-4F9B-BCC6-D4F6EE578E8B', 'cb03fdaa-ba48-11eb-a5f7-00ff08753f51', NULL, '小狗审批', 'userTask', '小狗', '2021-05-21 23:25:37.138', '2021-05-21 23:25:46.292', 9154, 'Change activity to sid-9CD730F5-294E-4448-9ECD-1DCD6538900B', '');
INSERT INTO `act_hi_actinst` VALUES ('cf884293-ba47-11eb-a5f7-00ff08753f51', 1, 'Leave:2:08c5f90f-ba3f-11eb-b716-00ff08753f51', 'b5e17cc5-ba47-11eb-a5f7-00ff08753f51', 'cf884292-ba47-11eb-a5f7-00ff08753f51', 'sid-9CD730F5-294E-4448-9ECD-1DCD6538900B', NULL, NULL, NULL, 'endEvent', NULL, '2021-05-21 23:18:35.219', '2021-05-21 23:18:35.220', 1, NULL, '');
INSERT INTO `act_hi_actinst` VALUES ('d079b230-ba48-11eb-a5f7-00ff08753f51', 1, 'Leave:2:08c5f90f-ba3f-11eb-b716-00ff08753f51', 'cb03d692-ba48-11eb-a5f7-00ff08753f51', 'd079b22f-ba48-11eb-a5f7-00ff08753f51', 'sid-9CD730F5-294E-4448-9ECD-1DCD6538900B', NULL, NULL, NULL, 'endEvent', NULL, '2021-05-21 23:25:46.298', '2021-05-21 23:25:46.298', 0, NULL, '');
INSERT INTO `act_hi_actinst` VALUES ('d45c1c86-ba48-11eb-a5f7-00ff08753f51', 1, 'Leave:2:08c5f90f-ba3f-11eb-b716-00ff08753f51', 'd45c1c81-ba48-11eb-a5f7-00ff08753f51', 'd45c1c85-ba48-11eb-a5f7-00ff08753f51', 'sid-26EFEE94-8062-446B-B4C2-E5AA91E15120', NULL, NULL, NULL, 'startEvent', NULL, '2021-05-21 23:25:52.816', '2021-05-21 23:25:52.816', 0, NULL, '');
INSERT INTO `act_hi_actinst` VALUES ('d45c4397-ba48-11eb-a5f7-00ff08753f51', 1, 'Leave:2:08c5f90f-ba3f-11eb-b716-00ff08753f51', 'd45c1c81-ba48-11eb-a5f7-00ff08753f51', 'd45c1c85-ba48-11eb-a5f7-00ff08753f51', 'sid-5E1E027D-620D-4C90-AEFF-DC1A986E6991', NULL, NULL, NULL, 'sequenceFlow', NULL, '2021-05-21 23:25:52.816', '2021-05-21 23:25:52.816', 0, NULL, '');
INSERT INTO `act_hi_actinst` VALUES ('d45c4398-ba48-11eb-a5f7-00ff08753f51', 2, 'Leave:2:08c5f90f-ba3f-11eb-b716-00ff08753f51', 'd45c1c81-ba48-11eb-a5f7-00ff08753f51', 'd45c1c85-ba48-11eb-a5f7-00ff08753f51', 'sid-319D25F3-5CA4-4F9B-BCC6-D4F6EE578E8B', 'd45c4399-ba48-11eb-a5f7-00ff08753f51', NULL, '小狗审批', 'userTask', '小狗', '2021-05-21 23:25:52.816', '2021-05-21 23:26:02.058', 9242, NULL, '');
INSERT INTO `act_hi_actinst` VALUES ('d9dea24e-ba48-11eb-a5f7-00ff08753f51', 1, 'Leave:2:08c5f90f-ba3f-11eb-b716-00ff08753f51', 'd45c1c81-ba48-11eb-a5f7-00ff08753f51', 'd45c1c85-ba48-11eb-a5f7-00ff08753f51', 'sid-63C8C3EF-A227-4F54-80EB-9DFFEEC39172', NULL, NULL, NULL, 'sequenceFlow', NULL, '2021-05-21 23:26:02.059', '2021-05-21 23:26:02.059', 0, NULL, '');
INSERT INTO `act_hi_actinst` VALUES ('d9dec95f-ba48-11eb-a5f7-00ff08753f51', 1, 'Leave:2:08c5f90f-ba3f-11eb-b716-00ff08753f51', 'd45c1c81-ba48-11eb-a5f7-00ff08753f51', 'd45c1c85-ba48-11eb-a5f7-00ff08753f51', 'sid-9CD730F5-294E-4448-9ECD-1DCD6538900B', NULL, NULL, NULL, 'endEvent', NULL, '2021-05-21 23:26:02.060', '2021-05-21 23:26:02.061', 1, NULL, '');
INSERT INTO `act_hi_actinst` VALUES ('e9972025-ba44-11eb-a5f7-00ff08753f51', 1, 'Leave:2:08c5f90f-ba3f-11eb-b716-00ff08753f51', '19c181d0-ba3f-11eb-b716-00ff08753f51', '19c1a8e4-ba3f-11eb-b716-00ff08753f51', 'sid-63C8C3EF-A227-4F54-80EB-9DFFEEC39172', NULL, NULL, NULL, 'sequenceFlow', NULL, '2021-05-21 22:57:50.447', '2021-05-21 22:57:50.447', 0, NULL, '');
INSERT INTO `act_hi_actinst` VALUES ('e9976e46-ba44-11eb-a5f7-00ff08753f51', 1, 'Leave:2:08c5f90f-ba3f-11eb-b716-00ff08753f51', '19c181d0-ba3f-11eb-b716-00ff08753f51', '19c1a8e4-ba3f-11eb-b716-00ff08753f51', 'sid-9CD730F5-294E-4448-9ECD-1DCD6538900B', NULL, NULL, NULL, 'endEvent', NULL, '2021-05-21 22:57:50.449', '2021-05-21 22:57:50.454', 5, NULL, '');
INSERT INTO `act_hi_actinst` VALUES ('ec178bf6-ba2e-11eb-8452-00ff08753f51', 1, 'Leave:1:b3dadb5d-ba1b-11eb-b8de-00ff08753f51', 'ec1764e1-ba2e-11eb-8452-00ff08753f51', 'ec178bf5-ba2e-11eb-8452-00ff08753f51', 'sid-26EFEE94-8062-446B-B4C2-E5AA91E15120', NULL, NULL, NULL, 'startEvent', NULL, '2021-05-21 20:20:25.716', '2021-05-21 20:20:25.718', 2, NULL, '');
INSERT INTO `act_hi_actinst` VALUES ('ec17da17-ba2e-11eb-8452-00ff08753f51', 1, 'Leave:1:b3dadb5d-ba1b-11eb-b8de-00ff08753f51', 'ec1764e1-ba2e-11eb-8452-00ff08753f51', 'ec178bf5-ba2e-11eb-8452-00ff08753f51', 'sid-5E1E027D-620D-4C90-AEFF-DC1A986E6991', NULL, NULL, NULL, 'sequenceFlow', NULL, '2021-05-21 20:20:25.718', '2021-05-21 20:20:25.718', 0, NULL, '');
INSERT INTO `act_hi_actinst` VALUES ('ec180128-ba2e-11eb-8452-00ff08753f51', 1, 'Leave:1:b3dadb5d-ba1b-11eb-b8de-00ff08753f51', 'ec1764e1-ba2e-11eb-8452-00ff08753f51', 'ec178bf5-ba2e-11eb-8452-00ff08753f51', 'sid-319D25F3-5CA4-4F9B-BCC6-D4F6EE578E8B', 'ec180129-ba2e-11eb-8452-00ff08753f51', NULL, '小狗审批', 'userTask', '小狗', '2021-05-21 20:20:25.719', NULL, NULL, NULL, '');
INSERT INTO `act_hi_actinst` VALUES ('f8196355-ba2d-11eb-8452-00ff08753f51', 1, 'Leave:1:b3dadb5d-ba1b-11eb-b8de-00ff08753f51', 'f81544a0-ba2d-11eb-8452-00ff08753f51', 'f8196354-ba2d-11eb-8452-00ff08753f51', 'sid-26EFEE94-8062-446B-B4C2-E5AA91E15120', NULL, NULL, NULL, 'startEvent', NULL, '2021-05-21 20:13:36.364', '2021-05-21 20:13:36.379', 15, NULL, '');
INSERT INTO `act_hi_actinst` VALUES ('f81ce5c6-ba2d-11eb-8452-00ff08753f51', 1, 'Leave:1:b3dadb5d-ba1b-11eb-b8de-00ff08753f51', 'f81544a0-ba2d-11eb-8452-00ff08753f51', 'f8196354-ba2d-11eb-8452-00ff08753f51', 'sid-5E1E027D-620D-4C90-AEFF-DC1A986E6991', NULL, NULL, NULL, 'sequenceFlow', NULL, '2021-05-21 20:13:36.387', '2021-05-21 20:13:36.387', 0, NULL, '');
INSERT INTO `act_hi_actinst` VALUES ('f81ce5c7-ba2d-11eb-8452-00ff08753f51', 1, 'Leave:1:b3dadb5d-ba1b-11eb-b8de-00ff08753f51', 'f81544a0-ba2d-11eb-8452-00ff08753f51', 'f8196354-ba2d-11eb-8452-00ff08753f51', 'sid-319D25F3-5CA4-4F9B-BCC6-D4F6EE578E8B', 'f827e248-ba2d-11eb-8452-00ff08753f51', NULL, '小狗审批', 'userTask', '小狗', '2021-05-21 20:13:36.387', NULL, NULL, NULL, '');

-- ----------------------------
-- Table structure for act_hi_attachment
-- ----------------------------
DROP TABLE IF EXISTS `act_hi_attachment`;
CREATE TABLE `act_hi_attachment`  (
  `ID_` varchar(64) CHARACTER SET utf8 COLLATE utf8_bin NOT NULL,
  `REV_` int(11) NULL DEFAULT NULL,
  `USER_ID_` varchar(255) CHARACTER SET utf8 COLLATE utf8_bin NULL DEFAULT NULL,
  `NAME_` varchar(255) CHARACTER SET utf8 COLLATE utf8_bin NULL DEFAULT NULL,
  `DESCRIPTION_` varchar(4000) CHARACTER SET utf8 COLLATE utf8_bin NULL DEFAULT NULL,
  `TYPE_` varchar(255) CHARACTER SET utf8 COLLATE utf8_bin NULL DEFAULT NULL,
  `TASK_ID_` varchar(64) CHARACTER SET utf8 COLLATE utf8_bin NULL DEFAULT NULL,
  `PROC_INST_ID_` varchar(64) CHARACTER SET utf8 COLLATE utf8_bin NULL DEFAULT NULL,
  `URL_` varchar(4000) CHARACTER SET utf8 COLLATE utf8_bin NULL DEFAULT NULL,
  `CONTENT_ID_` varchar(64) CHARACTER SET utf8 COLLATE utf8_bin NULL DEFAULT NULL,
  `TIME_` datetime(3) NULL DEFAULT NULL,
  PRIMARY KEY (`ID_`) USING BTREE
) ENGINE = InnoDB CHARACTER SET = utf8 COLLATE = utf8_bin ROW_FORMAT = Dynamic;

-- ----------------------------
-- Records of act_hi_attachment
-- ----------------------------

-- ----------------------------
-- Table structure for act_hi_comment
-- ----------------------------
DROP TABLE IF EXISTS `act_hi_comment`;
CREATE TABLE `act_hi_comment`  (
  `ID_` varchar(64) CHARACTER SET utf8 COLLATE utf8_bin NOT NULL,
  `TYPE_` varchar(255) CHARACTER SET utf8 COLLATE utf8_bin NULL DEFAULT NULL,
  `TIME_` datetime(3) NOT NULL,
  `USER_ID_` varchar(255) CHARACTER SET utf8 COLLATE utf8_bin NULL DEFAULT NULL,
  `TASK_ID_` varchar(64) CHARACTER SET utf8 COLLATE utf8_bin NULL DEFAULT NULL,
  `PROC_INST_ID_` varchar(64) CHARACTER SET utf8 COLLATE utf8_bin NULL DEFAULT NULL,
  `ACTION_` varchar(255) CHARACTER SET utf8 COLLATE utf8_bin NULL DEFAULT NULL,
  `MESSAGE_` varchar(4000) CHARACTER SET utf8 COLLATE utf8_bin NULL DEFAULT NULL,
  `FULL_MSG_` longblob NULL,
  PRIMARY KEY (`ID_`) USING BTREE
) ENGINE = InnoDB CHARACTER SET = utf8 COLLATE = utf8_bin ROW_FORMAT = Dynamic;

-- ----------------------------
-- Records of act_hi_comment
-- ----------------------------
INSERT INTO `act_hi_comment` VALUES ('297272df-ba48-11eb-a5f7-00ff08753f51', 'COMMENT__flow_reject', '2021-05-21 23:21:06.071', '小狗', '2405bf0c-ba48-11eb-a5f7-00ff08753f51', '240263a4-ba48-11eb-a5f7-00ff08753f51', 'AddComment', '驳回_FLOW_ACTION_null', 0xE9A9B3E59B9E5F464C4F575F414354494F4E5F6E756C6C);
INSERT INTO `act_hi_comment` VALUES ('4d1cc462-ba46-11eb-a5f7-00ff08753f51', 'COMMENT__flow_reject', '2021-05-21 23:07:46.913', NULL, '534f55af-ba45-11eb-a5f7-00ff08753f51', '53390e87-ba45-11eb-a5f7-00ff08753f51', 'AddComment', '驳回_FLOW_ACTION_null', 0xE9A9B3E59B9E5F464C4F575F414354494F4E5F6E756C6C);
INSERT INTO `act_hi_comment` VALUES ('66c45f52-ba44-11eb-a5f7-00ff08753f51', 'COMMENT__flowable_agree', '2021-05-21 22:54:10.912', NULL, '19c922f8-ba3f-11eb-b716-00ff08753f51', '19c181d0-ba3f-11eb-b716-00ff08753f51', 'AddComment', '同意_FLOW_ACTION_通关', 0xE5908CE6848F5F464C4F575F414354494F4E5FE9809AE585B3);
INSERT INTO `act_hi_comment` VALUES ('710a3cfe-ba48-11eb-a5f7-00ff08753f51', 'COMMENT__flowable_agree', '2021-05-21 23:23:06.184', '小狗', '6c0f5dcb-ba48-11eb-a5f7-00ff08753f51', '6c06d243-ba48-11eb-a5f7-00ff08753f51', 'AddComment', '同意_FLOW_ACTION_null', 0xE5908CE6848F5F464C4F575F414354494F4E5F6E756C6C);
INSERT INTO `act_hi_comment` VALUES ('83c3e5c1-ba47-11eb-a5f7-00ff08753f51', 'COMMENT__flow_reject', '2021-05-21 23:16:28.103', '小狗', '716a7aae-ba47-11eb-a5f7-00ff08753f51', '716a5396-ba47-11eb-a5f7-00ff08753f51', 'AddComment', '驳回_FLOW_ACTION_null', 0xE9A9B3E59B9E5F464C4F575F414354494F4E5F6E756C6C);
INSERT INTO `act_hi_comment` VALUES ('cf746c70-ba47-11eb-a5f7-00ff08753f51', 'COMMENT__flow_reject', '2021-05-21 23:18:35.089', '小狗', 'b5e1a3dd-ba47-11eb-a5f7-00ff08753f51', 'b5e17cc5-ba47-11eb-a5f7-00ff08753f51', 'AddComment', '驳回_FLOW_ACTION_null', 0xE9A9B3E59B9E5F464C4F575F414354494F4E5F6E756C6C);
INSERT INTO `act_hi_comment` VALUES ('d072110d-ba48-11eb-a5f7-00ff08753f51', 'COMMENT__flow_reject', '2021-05-21 23:25:46.248', '小狗', 'cb03fdaa-ba48-11eb-a5f7-00ff08753f51', 'cb03d692-ba48-11eb-a5f7-00ff08753f51', 'AddComment', '驳回_FLOW_ACTION_null', 0xE9A9B3E59B9E5F464C4F575F414354494F4E5F6E756C6C);
INSERT INTO `act_hi_comment` VALUES ('d9c4b1ac-ba48-11eb-a5f7-00ff08753f51', 'COMMENT__flowable_agree', '2021-05-21 23:26:01.889', '小狗', 'd45c4399-ba48-11eb-a5f7-00ff08753f51', 'd45c1c81-ba48-11eb-a5f7-00ff08753f51', 'AddComment', '同意_FLOW_ACTION_null', 0xE5908CE6848F5F464C4F575F414354494F4E5F6E756C6C);
INSERT INTO `act_hi_comment` VALUES ('e5e33fe3-ba44-11eb-a5f7-00ff08753f51', 'COMMENT__flowable_agree', '2021-05-21 22:57:44.235', NULL, '19c922f8-ba3f-11eb-b716-00ff08753f51', '19c181d0-ba3f-11eb-b716-00ff08753f51', 'AddComment', '同意_FLOW_ACTION_通关', 0xE5908CE6848F5F464C4F575F414354494F4E5FE9809AE585B3);
INSERT INTO `act_hi_comment` VALUES ('e93e03a4-ba44-11eb-a5f7-00ff08753f51', 'COMMENT__flowable_agree', '2021-05-21 22:57:49.863', NULL, '19c922f8-ba3f-11eb-b716-00ff08753f51', '19c181d0-ba3f-11eb-b716-00ff08753f51', 'AddComment', '同意_FLOW_ACTION_通关', 0xE5908CE6848F5F464C4F575F414354494F4E5FE9809AE585B3);

-- ----------------------------
-- Table structure for act_hi_detail
-- ----------------------------
DROP TABLE IF EXISTS `act_hi_detail`;
CREATE TABLE `act_hi_detail`  (
  `ID_` varchar(64) CHARACTER SET utf8 COLLATE utf8_bin NOT NULL,
  `TYPE_` varchar(255) CHARACTER SET utf8 COLLATE utf8_bin NOT NULL,
  `PROC_INST_ID_` varchar(64) CHARACTER SET utf8 COLLATE utf8_bin NULL DEFAULT NULL,
  `EXECUTION_ID_` varchar(64) CHARACTER SET utf8 COLLATE utf8_bin NULL DEFAULT NULL,
  `TASK_ID_` varchar(64) CHARACTER SET utf8 COLLATE utf8_bin NULL DEFAULT NULL,
  `ACT_INST_ID_` varchar(64) CHARACTER SET utf8 COLLATE utf8_bin NULL DEFAULT NULL,
  `NAME_` varchar(255) CHARACTER SET utf8 COLLATE utf8_bin NOT NULL,
  `VAR_TYPE_` varchar(255) CHARACTER SET utf8 COLLATE utf8_bin NULL DEFAULT NULL,
  `REV_` int(11) NULL DEFAULT NULL,
  `TIME_` datetime(3) NOT NULL,
  `BYTEARRAY_ID_` varchar(64) CHARACTER SET utf8 COLLATE utf8_bin NULL DEFAULT NULL,
  `DOUBLE_` double NULL DEFAULT NULL,
  `LONG_` bigint(20) NULL DEFAULT NULL,
  `TEXT_` varchar(4000) CHARACTER SET utf8 COLLATE utf8_bin NULL DEFAULT NULL,
  `TEXT2_` varchar(4000) CHARACTER SET utf8 COLLATE utf8_bin NULL DEFAULT NULL,
  PRIMARY KEY (`ID_`) USING BTREE,
  INDEX `ACT_IDX_HI_DETAIL_PROC_INST`(`PROC_INST_ID_`) USING BTREE,
  INDEX `ACT_IDX_HI_DETAIL_ACT_INST`(`ACT_INST_ID_`) USING BTREE,
  INDEX `ACT_IDX_HI_DETAIL_TIME`(`TIME_`) USING BTREE,
  INDEX `ACT_IDX_HI_DETAIL_NAME`(`NAME_`) USING BTREE,
  INDEX `ACT_IDX_HI_DETAIL_TASK_ID`(`TASK_ID_`) USING BTREE
) ENGINE = InnoDB CHARACTER SET = utf8 COLLATE = utf8_bin ROW_FORMAT = Dynamic;

-- ----------------------------
-- Records of act_hi_detail
-- ----------------------------

-- ----------------------------
-- Table structure for act_hi_entitylink
-- ----------------------------
DROP TABLE IF EXISTS `act_hi_entitylink`;
CREATE TABLE `act_hi_entitylink`  (
  `ID_` varchar(64) CHARACTER SET utf8 COLLATE utf8_bin NOT NULL,
  `LINK_TYPE_` varchar(255) CHARACTER SET utf8 COLLATE utf8_bin NULL DEFAULT NULL,
  `CREATE_TIME_` datetime(3) NULL DEFAULT NULL,
  `SCOPE_ID_` varchar(255) CHARACTER SET utf8 COLLATE utf8_bin NULL DEFAULT NULL,
  `SCOPE_TYPE_` varchar(255) CHARACTER SET utf8 COLLATE utf8_bin NULL DEFAULT NULL,
  `SCOPE_DEFINITION_ID_` varchar(255) CHARACTER SET utf8 COLLATE utf8_bin NULL DEFAULT NULL,
  `REF_SCOPE_ID_` varchar(255) CHARACTER SET utf8 COLLATE utf8_bin NULL DEFAULT NULL,
  `REF_SCOPE_TYPE_` varchar(255) CHARACTER SET utf8 COLLATE utf8_bin NULL DEFAULT NULL,
  `REF_SCOPE_DEFINITION_ID_` varchar(255) CHARACTER SET utf8 COLLATE utf8_bin NULL DEFAULT NULL,
  `HIERARCHY_TYPE_` varchar(255) CHARACTER SET utf8 COLLATE utf8_bin NULL DEFAULT NULL,
  PRIMARY KEY (`ID_`) USING BTREE,
  INDEX `ACT_IDX_HI_ENT_LNK_SCOPE`(`SCOPE_ID_`, `SCOPE_TYPE_`, `LINK_TYPE_`) USING BTREE,
  INDEX `ACT_IDX_HI_ENT_LNK_SCOPE_DEF`(`SCOPE_DEFINITION_ID_`, `SCOPE_TYPE_`, `LINK_TYPE_`) USING BTREE
) ENGINE = InnoDB CHARACTER SET = utf8 COLLATE = utf8_bin ROW_FORMAT = Dynamic;

-- ----------------------------
-- Records of act_hi_entitylink
-- ----------------------------

-- ----------------------------
-- Table structure for act_hi_identitylink
-- ----------------------------
DROP TABLE IF EXISTS `act_hi_identitylink`;
CREATE TABLE `act_hi_identitylink`  (
  `ID_` varchar(64) CHARACTER SET utf8 COLLATE utf8_bin NOT NULL,
  `GROUP_ID_` varchar(255) CHARACTER SET utf8 COLLATE utf8_bin NULL DEFAULT NULL,
  `TYPE_` varchar(255) CHARACTER SET utf8 COLLATE utf8_bin NULL DEFAULT NULL,
  `USER_ID_` varchar(255) CHARACTER SET utf8 COLLATE utf8_bin NULL DEFAULT NULL,
  `TASK_ID_` varchar(64) CHARACTER SET utf8 COLLATE utf8_bin NULL DEFAULT NULL,
  `CREATE_TIME_` datetime(3) NULL DEFAULT NULL,
  `PROC_INST_ID_` varchar(64) CHARACTER SET utf8 COLLATE utf8_bin NULL DEFAULT NULL,
  `SCOPE_ID_` varchar(255) CHARACTER SET utf8 COLLATE utf8_bin NULL DEFAULT NULL,
  `SCOPE_TYPE_` varchar(255) CHARACTER SET utf8 COLLATE utf8_bin NULL DEFAULT NULL,
  `SCOPE_DEFINITION_ID_` varchar(255) CHARACTER SET utf8 COLLATE utf8_bin NULL DEFAULT NULL,
  PRIMARY KEY (`ID_`) USING BTREE,
  INDEX `ACT_IDX_HI_IDENT_LNK_USER`(`USER_ID_`) USING BTREE,
  INDEX `ACT_IDX_HI_IDENT_LNK_SCOPE`(`SCOPE_ID_`, `SCOPE_TYPE_`) USING BTREE,
  INDEX `ACT_IDX_HI_IDENT_LNK_SCOPE_DEF`(`SCOPE_DEFINITION_ID_`, `SCOPE_TYPE_`) USING BTREE,
  INDEX `ACT_IDX_HI_IDENT_LNK_TASK`(`TASK_ID_`) USING BTREE,
  INDEX `ACT_IDX_HI_IDENT_LNK_PROCINST`(`PROC_INST_ID_`) USING BTREE
) ENGINE = InnoDB CHARACTER SET = utf8 COLLATE = utf8_bin ROW_FORMAT = Dynamic;

-- ----------------------------
-- Records of act_hi_identitylink
-- ----------------------------
INSERT INTO `act_hi_identitylink` VALUES ('0980b3d1-ba33-11eb-8d3e-00ff08753f51', NULL, 'starter', '1', NULL, '2021-05-21 20:49:53.053', '098065b0-ba33-11eb-8d3e-00ff08753f51', NULL, NULL, NULL);
INSERT INTO `act_hi_identitylink` VALUES ('09930359-ba33-11eb-8d3e-00ff08753f51', NULL, 'assignee', '小狗', '0992b538-ba33-11eb-8d3e-00ff08753f51', '2021-05-21 20:49:53.166', NULL, NULL, NULL, NULL);
INSERT INTO `act_hi_identitylink` VALUES ('0993035a-ba33-11eb-8d3e-00ff08753f51', NULL, 'participant', '小狗', NULL, '2021-05-21 20:49:53.166', '098065b0-ba33-11eb-8d3e-00ff08753f51', NULL, NULL, NULL);
INSERT INTO `act_hi_identitylink` VALUES ('0a995a92-ba34-11eb-8096-00ff08753f51', NULL, 'starter', 'entfrm', NULL, '2021-05-21 20:57:04.392', '0a98be51-ba34-11eb-8096-00ff08753f51', NULL, NULL, NULL);
INSERT INTO `act_hi_identitylink` VALUES ('0aa9ae4a-ba34-11eb-8096-00ff08753f51', NULL, 'assignee', '小狗', '0aa96029-ba34-11eb-8096-00ff08753f51', '2021-05-21 20:57:04.489', NULL, NULL, NULL, NULL);
INSERT INTO `act_hi_identitylink` VALUES ('0aa9ae4b-ba34-11eb-8096-00ff08753f51', NULL, 'participant', '小狗', NULL, '2021-05-21 20:57:04.489', '0a98be51-ba34-11eb-8096-00ff08753f51', NULL, NULL, NULL);
INSERT INTO `act_hi_identitylink` VALUES ('19c181d1-ba3f-11eb-b716-00ff08753f51', NULL, 'starter', 'entfrm', NULL, '2021-05-21 22:16:14.275', '19c181d0-ba3f-11eb-b716-00ff08753f51', NULL, NULL, NULL);
INSERT INTO `act_hi_identitylink` VALUES ('19c94a09-ba3f-11eb-b716-00ff08753f51', NULL, 'assignee', '小狗', '19c922f8-ba3f-11eb-b716-00ff08753f51', '2021-05-21 22:16:14.326', NULL, NULL, NULL, NULL);
INSERT INTO `act_hi_identitylink` VALUES ('19c94a0a-ba3f-11eb-b716-00ff08753f51', NULL, 'participant', '小狗', NULL, '2021-05-21 22:16:14.326', '19c181d0-ba3f-11eb-b716-00ff08753f51', NULL, NULL, NULL);
INSERT INTO `act_hi_identitylink` VALUES ('240263a5-ba48-11eb-a5f7-00ff08753f51', NULL, 'starter', '小狗', NULL, '2021-05-21 23:20:56.948', '240263a4-ba48-11eb-a5f7-00ff08753f51', NULL, NULL, NULL);
INSERT INTO `act_hi_identitylink` VALUES ('2405bf0d-ba48-11eb-a5f7-00ff08753f51', NULL, 'assignee', '小狗', '2405bf0c-ba48-11eb-a5f7-00ff08753f51', '2021-05-21 23:20:56.970', NULL, NULL, NULL, NULL);
INSERT INTO `act_hi_identitylink` VALUES ('2405bf0e-ba48-11eb-a5f7-00ff08753f51', NULL, 'participant', '小狗', NULL, '2021-05-21 23:20:56.970', '240263a4-ba48-11eb-a5f7-00ff08753f51', NULL, NULL, NULL);
INSERT INTO `act_hi_identitylink` VALUES ('3b3aa41d-ba2f-11eb-8452-00ff08753f51', NULL, 'starter', 'entfrm', NULL, '2021-05-21 20:22:38.486', '3b3aa41c-ba2f-11eb-8452-00ff08753f51', NULL, NULL, NULL);
INSERT INTO `act_hi_identitylink` VALUES ('3b3b6775-ba2f-11eb-8452-00ff08753f51', NULL, 'assignee', '小狗', '3b3b4064-ba2f-11eb-8452-00ff08753f51', '2021-05-21 20:22:38.491', NULL, NULL, NULL, NULL);
INSERT INTO `act_hi_identitylink` VALUES ('3b3b6776-ba2f-11eb-8452-00ff08753f51', NULL, 'participant', '小狗', NULL, '2021-05-21 20:22:38.491', '3b3aa41c-ba2f-11eb-8452-00ff08753f51', NULL, NULL, NULL);
INSERT INTO `act_hi_identitylink` VALUES ('3f78913c-ba2e-11eb-8452-00ff08753f51', NULL, 'starter', 'entfrm', NULL, '2021-05-21 20:15:36.106', '3f78913b-ba2e-11eb-8452-00ff08753f51', NULL, NULL, NULL);
INSERT INTO `act_hi_identitylink` VALUES ('3f78b854-ba2e-11eb-8452-00ff08753f51', NULL, 'assignee', '小狗', '3f78b853-ba2e-11eb-8452-00ff08753f51', '2021-05-21 20:15:36.107', NULL, NULL, NULL, NULL);
INSERT INTO `act_hi_identitylink` VALUES ('3f78b855-ba2e-11eb-8452-00ff08753f51', NULL, 'participant', '小狗', NULL, '2021-05-21 20:15:36.107', '3f78913b-ba2e-11eb-8452-00ff08753f51', NULL, NULL, NULL);
INSERT INTO `act_hi_identitylink` VALUES ('522afc78-ba2f-11eb-8452-00ff08753f51', NULL, 'starter', 'entfrm', NULL, '2021-05-21 20:23:16.971', '522afc77-ba2f-11eb-8452-00ff08753f51', NULL, NULL, NULL);
INSERT INTO `act_hi_identitylink` VALUES ('522b2390-ba2f-11eb-8452-00ff08753f51', NULL, 'assignee', '小狗', '522b238f-ba2f-11eb-8452-00ff08753f51', '2021-05-21 20:23:16.972', NULL, NULL, NULL, NULL);
INSERT INTO `act_hi_identitylink` VALUES ('522b2391-ba2f-11eb-8452-00ff08753f51', NULL, 'participant', '小狗', NULL, '2021-05-21 20:23:16.972', '522afc77-ba2f-11eb-8452-00ff08753f51', NULL, NULL, NULL);
INSERT INTO `act_hi_identitylink` VALUES ('533a1ff8-ba45-11eb-a5f7-00ff08753f51', NULL, 'starter', '小狗', NULL, '2021-05-21 23:00:47.688', '53390e87-ba45-11eb-a5f7-00ff08753f51', NULL, NULL, NULL);
INSERT INTO `act_hi_identitylink` VALUES ('53515180-ba45-11eb-a5f7-00ff08753f51', NULL, 'assignee', '小狗', '534f55af-ba45-11eb-a5f7-00ff08753f51', '2021-05-21 23:00:47.828', NULL, NULL, NULL, NULL);
INSERT INTO `act_hi_identitylink` VALUES ('53517891-ba45-11eb-a5f7-00ff08753f51', NULL, 'participant', '小狗', NULL, '2021-05-21 23:00:47.829', '53390e87-ba45-11eb-a5f7-00ff08753f51', NULL, NULL, NULL);
INSERT INTO `act_hi_identitylink` VALUES ('6c06d244-ba48-11eb-a5f7-00ff08753f51', NULL, 'starter', '小狗', NULL, '2021-05-21 23:22:57.773', '6c06d243-ba48-11eb-a5f7-00ff08753f51', NULL, NULL, NULL);
INSERT INTO `act_hi_identitylink` VALUES ('6c0f5dcc-ba48-11eb-a5f7-00ff08753f51', NULL, 'assignee', '小狗', '6c0f5dcb-ba48-11eb-a5f7-00ff08753f51', '2021-05-21 23:22:57.829', NULL, NULL, NULL, NULL);
INSERT INTO `act_hi_identitylink` VALUES ('6c0f5dcd-ba48-11eb-a5f7-00ff08753f51', NULL, 'participant', '小狗', NULL, '2021-05-21 23:22:57.829', '6c06d243-ba48-11eb-a5f7-00ff08753f51', NULL, NULL, NULL);
INSERT INTO `act_hi_identitylink` VALUES ('6dfdd352-ba3b-11eb-b716-00ff08753f51', NULL, 'starter', '小狗', NULL, '2021-05-21 21:49:57.617', '6dfd8531-ba3b-11eb-b716-00ff08753f51', NULL, NULL, NULL);
INSERT INTO `act_hi_identitylink` VALUES ('6e0f116a-ba3b-11eb-b716-00ff08753f51', NULL, 'assignee', '小狗', '6e0e9c39-ba3b-11eb-b716-00ff08753f51', '2021-05-21 21:49:57.725', NULL, NULL, NULL, NULL);
INSERT INTO `act_hi_identitylink` VALUES ('6e0f116b-ba3b-11eb-b716-00ff08753f51', NULL, 'participant', '小狗', NULL, '2021-05-21 21:49:57.725', '6dfd8531-ba3b-11eb-b716-00ff08753f51', NULL, NULL, NULL);
INSERT INTO `act_hi_identitylink` VALUES ('711e613f-ba48-11eb-a5f7-00ff08753f51', NULL, 'participant', '小狗', NULL, '2021-05-21 23:23:06.316', '6c06d243-ba48-11eb-a5f7-00ff08753f51', NULL, NULL, NULL);
INSERT INTO `act_hi_identitylink` VALUES ('716a5397-ba47-11eb-a5f7-00ff08753f51', NULL, 'starter', '小狗', NULL, '2021-05-21 23:15:57.317', '716a5396-ba47-11eb-a5f7-00ff08753f51', NULL, NULL, NULL);
INSERT INTO `act_hi_identitylink` VALUES ('7171f4bf-ba47-11eb-a5f7-00ff08753f51', NULL, 'assignee', '小狗', '716a7aae-ba47-11eb-a5f7-00ff08753f51', '2021-05-21 23:15:57.367', NULL, NULL, NULL, NULL);
INSERT INTO `act_hi_identitylink` VALUES ('7171f4c0-ba47-11eb-a5f7-00ff08753f51', NULL, 'participant', '小狗', NULL, '2021-05-21 23:15:57.367', '716a5396-ba47-11eb-a5f7-00ff08753f51', NULL, NULL, NULL);
INSERT INTO `act_hi_identitylink` VALUES ('92dfe2c7-ba2e-11eb-8452-00ff08753f51', NULL, 'starter', 'entfrm', NULL, '2021-05-21 20:17:56.046', '92dfe2c6-ba2e-11eb-8452-00ff08753f51', NULL, NULL, NULL);
INSERT INTO `act_hi_identitylink` VALUES ('92e253cf-ba2e-11eb-8452-00ff08753f51', NULL, 'assignee', '小狗', '92e22cbe-ba2e-11eb-8452-00ff08753f51', '2021-05-21 20:17:56.050', NULL, NULL, NULL, NULL);
INSERT INTO `act_hi_identitylink` VALUES ('92e253d0-ba2e-11eb-8452-00ff08753f51', NULL, 'participant', '小狗', NULL, '2021-05-21 20:17:56.051', '92dfe2c6-ba2e-11eb-8452-00ff08753f51', NULL, NULL, NULL);
INSERT INTO `act_hi_identitylink` VALUES ('9b194e83-ba32-11eb-8452-00ff08753f51', NULL, 'starter', 'entfrm', NULL, '2021-05-21 20:46:47.820', '9b192772-ba32-11eb-8452-00ff08753f51', NULL, NULL, NULL);
INSERT INTO `act_hi_identitylink` VALUES ('9b19eacb-ba32-11eb-8452-00ff08753f51', NULL, 'assignee', '小狗', '9b19eaca-ba32-11eb-8452-00ff08753f51', '2021-05-21 20:46:47.823', NULL, NULL, NULL, NULL);
INSERT INTO `act_hi_identitylink` VALUES ('9b19eacc-ba32-11eb-8452-00ff08753f51', NULL, 'participant', '小狗', NULL, '2021-05-21 20:46:47.823', '9b192772-ba32-11eb-8452-00ff08753f51', NULL, NULL, NULL);
INSERT INTO `act_hi_identitylink` VALUES ('b5e17cc6-ba47-11eb-a5f7-00ff08753f51', NULL, 'starter', '小狗', NULL, '2021-05-21 23:17:52.183', 'b5e17cc5-ba47-11eb-a5f7-00ff08753f51', NULL, NULL, NULL);
INSERT INTO `act_hi_identitylink` VALUES ('b5e1a3de-ba47-11eb-a5f7-00ff08753f51', NULL, 'assignee', '小狗', 'b5e1a3dd-ba47-11eb-a5f7-00ff08753f51', '2021-05-21 23:17:52.184', NULL, NULL, NULL, NULL);
INSERT INTO `act_hi_identitylink` VALUES ('b5e1a3df-ba47-11eb-a5f7-00ff08753f51', NULL, 'participant', '小狗', NULL, '2021-05-21 23:17:52.184', 'b5e17cc5-ba47-11eb-a5f7-00ff08753f51', NULL, NULL, NULL);
INSERT INTO `act_hi_identitylink` VALUES ('c0ca19cf-ba37-11eb-a656-00ff08753f51', NULL, 'starter', '小狗', NULL, '2021-05-21 21:23:38.543', 'c0c9cbae-ba37-11eb-a656-00ff08753f51', NULL, NULL, NULL);
INSERT INTO `act_hi_identitylink` VALUES ('c0d7d577-ba37-11eb-a656-00ff08753f51', NULL, 'assignee', '小狗', 'c0d76046-ba37-11eb-a656-00ff08753f51', '2021-05-21 21:23:38.627', NULL, NULL, NULL, NULL);
INSERT INTO `act_hi_identitylink` VALUES ('c0d7d578-ba37-11eb-a656-00ff08753f51', NULL, 'participant', '小狗', NULL, '2021-05-21 21:23:38.627', 'c0c9cbae-ba37-11eb-a656-00ff08753f51', NULL, NULL, NULL);
INSERT INTO `act_hi_identitylink` VALUES ('cb03d693-ba48-11eb-a5f7-00ff08753f51', NULL, 'starter', '小狗', NULL, '2021-05-21 23:25:37.137', 'cb03d692-ba48-11eb-a5f7-00ff08753f51', NULL, NULL, NULL);
INSERT INTO `act_hi_identitylink` VALUES ('cb03fdab-ba48-11eb-a5f7-00ff08753f51', NULL, 'assignee', '小狗', 'cb03fdaa-ba48-11eb-a5f7-00ff08753f51', '2021-05-21 23:25:37.138', NULL, NULL, NULL, NULL);
INSERT INTO `act_hi_identitylink` VALUES ('cb03fdac-ba48-11eb-a5f7-00ff08753f51', NULL, 'participant', '小狗', NULL, '2021-05-21 23:25:37.138', 'cb03d692-ba48-11eb-a5f7-00ff08753f51', NULL, NULL, NULL);
INSERT INTO `act_hi_identitylink` VALUES ('d45c1c82-ba48-11eb-a5f7-00ff08753f51', NULL, 'starter', '小狗', NULL, '2021-05-21 23:25:52.815', 'd45c1c81-ba48-11eb-a5f7-00ff08753f51', NULL, NULL, NULL);
INSERT INTO `act_hi_identitylink` VALUES ('d45c439a-ba48-11eb-a5f7-00ff08753f51', NULL, 'assignee', '小狗', 'd45c4399-ba48-11eb-a5f7-00ff08753f51', '2021-05-21 23:25:52.816', NULL, NULL, NULL, NULL);
INSERT INTO `act_hi_identitylink` VALUES ('d45c439b-ba48-11eb-a5f7-00ff08753f51', NULL, 'participant', '小狗', NULL, '2021-05-21 23:25:52.816', 'd45c1c81-ba48-11eb-a5f7-00ff08753f51', NULL, NULL, NULL);
INSERT INTO `act_hi_identitylink` VALUES ('d9dd69cd-ba48-11eb-a5f7-00ff08753f51', NULL, 'participant', '小狗', NULL, '2021-05-21 23:26:02.051', 'd45c1c81-ba48-11eb-a5f7-00ff08753f51', NULL, NULL, NULL);
INSERT INTO `act_hi_identitylink` VALUES ('ec1764e2-ba2e-11eb-8452-00ff08753f51', NULL, 'starter', 'entfrm', NULL, '2021-05-21 20:20:25.715', 'ec1764e1-ba2e-11eb-8452-00ff08753f51', NULL, NULL, NULL);
INSERT INTO `act_hi_identitylink` VALUES ('ec184f4a-ba2e-11eb-8452-00ff08753f51', NULL, 'assignee', '小狗', 'ec180129-ba2e-11eb-8452-00ff08753f51', '2021-05-21 20:20:25.721', NULL, NULL, NULL, NULL);
INSERT INTO `act_hi_identitylink` VALUES ('ec184f4b-ba2e-11eb-8452-00ff08753f51', NULL, 'participant', '小狗', NULL, '2021-05-21 20:20:25.721', 'ec1764e1-ba2e-11eb-8452-00ff08753f51', NULL, NULL, NULL);
INSERT INTO `act_hi_identitylink` VALUES ('f815b9d1-ba2d-11eb-8452-00ff08753f51', NULL, 'starter', 'entfrm', NULL, '2021-05-21 20:13:36.349', 'f81544a0-ba2d-11eb-8452-00ff08753f51', NULL, NULL, NULL);
INSERT INTO `act_hi_identitylink` VALUES ('f8287e89-ba2d-11eb-8452-00ff08753f51', NULL, 'assignee', '小狗', 'f827e248-ba2d-11eb-8452-00ff08753f51', '2021-05-21 20:13:36.463', NULL, NULL, NULL, NULL);
INSERT INTO `act_hi_identitylink` VALUES ('f8287e8a-ba2d-11eb-8452-00ff08753f51', NULL, 'participant', '小狗', NULL, '2021-05-21 20:13:36.463', 'f81544a0-ba2d-11eb-8452-00ff08753f51', NULL, NULL, NULL);

-- ----------------------------
-- Table structure for act_hi_procinst
-- ----------------------------
DROP TABLE IF EXISTS `act_hi_procinst`;
CREATE TABLE `act_hi_procinst`  (
  `ID_` varchar(64) CHARACTER SET utf8 COLLATE utf8_bin NOT NULL,
  `REV_` int(11) NULL DEFAULT 1,
  `PROC_INST_ID_` varchar(64) CHARACTER SET utf8 COLLATE utf8_bin NOT NULL,
  `BUSINESS_KEY_` varchar(255) CHARACTER SET utf8 COLLATE utf8_bin NULL DEFAULT NULL,
  `PROC_DEF_ID_` varchar(64) CHARACTER SET utf8 COLLATE utf8_bin NOT NULL,
  `START_TIME_` datetime(3) NOT NULL,
  `END_TIME_` datetime(3) NULL DEFAULT NULL,
  `DURATION_` bigint(20) NULL DEFAULT NULL,
  `START_USER_ID_` varchar(255) CHARACTER SET utf8 COLLATE utf8_bin NULL DEFAULT NULL,
  `START_ACT_ID_` varchar(255) CHARACTER SET utf8 COLLATE utf8_bin NULL DEFAULT NULL,
  `END_ACT_ID_` varchar(255) CHARACTER SET utf8 COLLATE utf8_bin NULL DEFAULT NULL,
  `SUPER_PROCESS_INSTANCE_ID_` varchar(64) CHARACTER SET utf8 COLLATE utf8_bin NULL DEFAULT NULL,
  `DELETE_REASON_` varchar(4000) CHARACTER SET utf8 COLLATE utf8_bin NULL DEFAULT NULL,
  `TENANT_ID_` varchar(255) CHARACTER SET utf8 COLLATE utf8_bin NULL DEFAULT '',
  `NAME_` varchar(255) CHARACTER SET utf8 COLLATE utf8_bin NULL DEFAULT NULL,
  `CALLBACK_ID_` varchar(255) CHARACTER SET utf8 COLLATE utf8_bin NULL DEFAULT NULL,
  `CALLBACK_TYPE_` varchar(255) CHARACTER SET utf8 COLLATE utf8_bin NULL DEFAULT NULL,
  PRIMARY KEY (`ID_`) USING BTREE,
  UNIQUE INDEX `PROC_INST_ID_`(`PROC_INST_ID_`) USING BTREE,
  INDEX `ACT_IDX_HI_PRO_INST_END`(`END_TIME_`) USING BTREE,
  INDEX `ACT_IDX_HI_PRO_I_BUSKEY`(`BUSINESS_KEY_`) USING BTREE
) ENGINE = InnoDB CHARACTER SET = utf8 COLLATE = utf8_bin ROW_FORMAT = Dynamic;

-- ----------------------------
-- Records of act_hi_procinst
-- ----------------------------
INSERT INTO `act_hi_procinst` VALUES ('098065b0-ba33-11eb-8d3e-00ff08753f51', 1, '098065b0-ba33-11eb-8d3e-00ff08753f51', 'act_leave_3', 'Leave:1:b3dadb5d-ba1b-11eb-b8de-00ff08753f51', '2021-05-21 20:49:53.044', NULL, NULL, '1', 'sid-26EFEE94-8062-446B-B4C2-E5AA91E15120', NULL, NULL, NULL, '', NULL, NULL, NULL);
INSERT INTO `act_hi_procinst` VALUES ('0a98be51-ba34-11eb-8096-00ff08753f51', 1, '0a98be51-ba34-11eb-8096-00ff08753f51', 'act_leave_4', 'Leave:1:b3dadb5d-ba1b-11eb-b8de-00ff08753f51', '2021-05-21 20:57:04.378', NULL, NULL, 'entfrm', 'sid-26EFEE94-8062-446B-B4C2-E5AA91E15120', NULL, NULL, NULL, '', NULL, NULL, NULL);
INSERT INTO `act_hi_procinst` VALUES ('19c181d0-ba3f-11eb-b716-00ff08753f51', 2, '19c181d0-ba3f-11eb-b716-00ff08753f51', 'act_leave:7', 'Leave:2:08c5f90f-ba3f-11eb-b716-00ff08753f51', '2021-05-21 22:16:14.275', '2021-05-21 22:57:50.799', 2496524, 'entfrm', 'sid-26EFEE94-8062-446B-B4C2-E5AA91E15120', 'sid-9CD730F5-294E-4448-9ECD-1DCD6538900B', NULL, NULL, '', NULL, NULL, NULL);
INSERT INTO `act_hi_procinst` VALUES ('240263a4-ba48-11eb-a5f7-00ff08753f51', 2, '240263a4-ba48-11eb-a5f7-00ff08753f51', 'act_leave:8', 'Leave:2:08c5f90f-ba3f-11eb-b716-00ff08753f51', '2021-05-21 23:20:56.948', '2021-05-21 23:21:06.137', 9189, '小狗', 'sid-26EFEE94-8062-446B-B4C2-E5AA91E15120', 'sid-9CD730F5-294E-4448-9ECD-1DCD6538900B', NULL, NULL, '', NULL, NULL, NULL);
INSERT INTO `act_hi_procinst` VALUES ('3b3aa41c-ba2f-11eb-8452-00ff08753f51', 1, '3b3aa41c-ba2f-11eb-8452-00ff08753f51', 'act_leave_1', 'Leave:1:b3dadb5d-ba1b-11eb-b8de-00ff08753f51', '2021-05-21 20:22:38.486', NULL, NULL, 'entfrm', 'sid-26EFEE94-8062-446B-B4C2-E5AA91E15120', NULL, NULL, NULL, '', NULL, NULL, NULL);
INSERT INTO `act_hi_procinst` VALUES ('3f78913b-ba2e-11eb-8452-00ff08753f51', 1, '3f78913b-ba2e-11eb-8452-00ff08753f51', 'act_leave_1', 'Leave:1:b3dadb5d-ba1b-11eb-b8de-00ff08753f51', '2021-05-21 20:15:36.106', NULL, NULL, 'entfrm', 'sid-26EFEE94-8062-446B-B4C2-E5AA91E15120', NULL, NULL, NULL, '', NULL, NULL, NULL);
INSERT INTO `act_hi_procinst` VALUES ('522afc77-ba2f-11eb-8452-00ff08753f51', 1, '522afc77-ba2f-11eb-8452-00ff08753f51', 'act_leave_1', 'Leave:1:b3dadb5d-ba1b-11eb-b8de-00ff08753f51', '2021-05-21 20:23:16.971', NULL, NULL, 'entfrm', 'sid-26EFEE94-8062-446B-B4C2-E5AA91E15120', NULL, NULL, NULL, '', NULL, NULL, NULL);
INSERT INTO `act_hi_procinst` VALUES ('53390e87-ba45-11eb-a5f7-00ff08753f51', 2, '53390e87-ba45-11eb-a5f7-00ff08753f51', 'act_leave:8', 'Leave:2:08c5f90f-ba3f-11eb-b716-00ff08753f51', '2021-05-21 23:00:47.669', '2021-05-21 23:07:47.943', 420274, '小狗', 'sid-26EFEE94-8062-446B-B4C2-E5AA91E15120', 'sid-9CD730F5-294E-4448-9ECD-1DCD6538900B', NULL, NULL, '', NULL, NULL, NULL);
INSERT INTO `act_hi_procinst` VALUES ('6c06d243-ba48-11eb-a5f7-00ff08753f51', 2, '6c06d243-ba48-11eb-a5f7-00ff08753f51', 'act_leave:8', 'Leave:2:08c5f90f-ba3f-11eb-b716-00ff08753f51', '2021-05-21 23:22:57.773', '2021-05-21 23:23:06.728', 8955, '小狗', 'sid-26EFEE94-8062-446B-B4C2-E5AA91E15120', 'sid-9CD730F5-294E-4448-9ECD-1DCD6538900B', NULL, NULL, '', NULL, NULL, NULL);
INSERT INTO `act_hi_procinst` VALUES ('6dfd8531-ba3b-11eb-b716-00ff08753f51', 1, '6dfd8531-ba3b-11eb-b716-00ff08753f51', 'act_leave:6', 'Leave:1:b3dadb5d-ba1b-11eb-b8de-00ff08753f51', '2021-05-21 21:49:57.610', NULL, NULL, '小狗', 'sid-26EFEE94-8062-446B-B4C2-E5AA91E15120', NULL, NULL, NULL, '', NULL, NULL, NULL);
INSERT INTO `act_hi_procinst` VALUES ('716a5396-ba47-11eb-a5f7-00ff08753f51', 2, '716a5396-ba47-11eb-a5f7-00ff08753f51', 'act_leave:8', 'Leave:2:08c5f90f-ba3f-11eb-b716-00ff08753f51', '2021-05-21 23:15:57.317', '2021-05-21 23:16:28.406', 31089, '小狗', 'sid-26EFEE94-8062-446B-B4C2-E5AA91E15120', 'sid-9CD730F5-294E-4448-9ECD-1DCD6538900B', NULL, NULL, '', NULL, NULL, NULL);
INSERT INTO `act_hi_procinst` VALUES ('92dfe2c6-ba2e-11eb-8452-00ff08753f51', 1, '92dfe2c6-ba2e-11eb-8452-00ff08753f51', 'act_leave_1', 'Leave:1:b3dadb5d-ba1b-11eb-b8de-00ff08753f51', '2021-05-21 20:17:56.034', NULL, NULL, 'entfrm', 'sid-26EFEE94-8062-446B-B4C2-E5AA91E15120', NULL, NULL, NULL, '', NULL, NULL, NULL);
INSERT INTO `act_hi_procinst` VALUES ('9b192772-ba32-11eb-8452-00ff08753f51', 1, '9b192772-ba32-11eb-8452-00ff08753f51', 'act_leave_2', 'Leave:1:b3dadb5d-ba1b-11eb-b8de-00ff08753f51', '2021-05-21 20:46:47.818', NULL, NULL, 'entfrm', 'sid-26EFEE94-8062-446B-B4C2-E5AA91E15120', NULL, NULL, NULL, '', NULL, NULL, NULL);
INSERT INTO `act_hi_procinst` VALUES ('b5e17cc5-ba47-11eb-a5f7-00ff08753f51', 2, 'b5e17cc5-ba47-11eb-a5f7-00ff08753f51', 'act_leave:8', 'Leave:2:08c5f90f-ba3f-11eb-b716-00ff08753f51', '2021-05-21 23:17:52.183', '2021-05-21 23:18:35.258', 43075, '小狗', 'sid-26EFEE94-8062-446B-B4C2-E5AA91E15120', 'sid-9CD730F5-294E-4448-9ECD-1DCD6538900B', NULL, NULL, '', NULL, NULL, NULL);
INSERT INTO `act_hi_procinst` VALUES ('c0c9cbae-ba37-11eb-a656-00ff08753f51', 1, 'c0c9cbae-ba37-11eb-a656-00ff08753f51', 'act_leave_5', 'Leave:1:b3dadb5d-ba1b-11eb-b8de-00ff08753f51', '2021-05-21 21:23:38.535', NULL, NULL, '小狗', 'sid-26EFEE94-8062-446B-B4C2-E5AA91E15120', NULL, NULL, NULL, '', NULL, NULL, NULL);
INSERT INTO `act_hi_procinst` VALUES ('cb03d692-ba48-11eb-a5f7-00ff08753f51', 2, 'cb03d692-ba48-11eb-a5f7-00ff08753f51', 'act_leave:9', 'Leave:2:08c5f90f-ba3f-11eb-b716-00ff08753f51', '2021-05-21 23:25:37.137', '2021-05-21 23:25:46.310', 9173, '小狗', 'sid-26EFEE94-8062-446B-B4C2-E5AA91E15120', 'sid-9CD730F5-294E-4448-9ECD-1DCD6538900B', NULL, NULL, '', NULL, NULL, NULL);
INSERT INTO `act_hi_procinst` VALUES ('d45c1c81-ba48-11eb-a5f7-00ff08753f51', 2, 'd45c1c81-ba48-11eb-a5f7-00ff08753f51', 'act_leave:9', 'Leave:2:08c5f90f-ba3f-11eb-b716-00ff08753f51', '2021-05-21 23:25:52.815', '2021-05-21 23:26:02.072', 9257, '小狗', 'sid-26EFEE94-8062-446B-B4C2-E5AA91E15120', 'sid-9CD730F5-294E-4448-9ECD-1DCD6538900B', NULL, NULL, '', NULL, NULL, NULL);
INSERT INTO `act_hi_procinst` VALUES ('ec1764e1-ba2e-11eb-8452-00ff08753f51', 1, 'ec1764e1-ba2e-11eb-8452-00ff08753f51', 'act_leave_1', 'Leave:1:b3dadb5d-ba1b-11eb-b8de-00ff08753f51', '2021-05-21 20:20:25.715', NULL, NULL, 'entfrm', 'sid-26EFEE94-8062-446B-B4C2-E5AA91E15120', NULL, NULL, NULL, '', NULL, NULL, NULL);
INSERT INTO `act_hi_procinst` VALUES ('f81544a0-ba2d-11eb-8452-00ff08753f51', 1, 'f81544a0-ba2d-11eb-8452-00ff08753f51', 'act_leave_1', 'Leave:1:b3dadb5d-ba1b-11eb-b8de-00ff08753f51', '2021-05-21 20:13:36.337', NULL, NULL, 'entfrm', 'sid-26EFEE94-8062-446B-B4C2-E5AA91E15120', NULL, NULL, NULL, '', NULL, NULL, NULL);

-- ----------------------------
-- Table structure for act_hi_taskinst
-- ----------------------------
DROP TABLE IF EXISTS `act_hi_taskinst`;
CREATE TABLE `act_hi_taskinst`  (
  `ID_` varchar(64) CHARACTER SET utf8 COLLATE utf8_bin NOT NULL,
  `REV_` int(11) NULL DEFAULT 1,
  `PROC_DEF_ID_` varchar(64) CHARACTER SET utf8 COLLATE utf8_bin NULL DEFAULT NULL,
  `TASK_DEF_ID_` varchar(64) CHARACTER SET utf8 COLLATE utf8_bin NULL DEFAULT NULL,
  `TASK_DEF_KEY_` varchar(255) CHARACTER SET utf8 COLLATE utf8_bin NULL DEFAULT NULL,
  `PROC_INST_ID_` varchar(64) CHARACTER SET utf8 COLLATE utf8_bin NULL DEFAULT NULL,
  `EXECUTION_ID_` varchar(64) CHARACTER SET utf8 COLLATE utf8_bin NULL DEFAULT NULL,
  `SCOPE_ID_` varchar(255) CHARACTER SET utf8 COLLATE utf8_bin NULL DEFAULT NULL,
  `SUB_SCOPE_ID_` varchar(255) CHARACTER SET utf8 COLLATE utf8_bin NULL DEFAULT NULL,
  `SCOPE_TYPE_` varchar(255) CHARACTER SET utf8 COLLATE utf8_bin NULL DEFAULT NULL,
  `SCOPE_DEFINITION_ID_` varchar(255) CHARACTER SET utf8 COLLATE utf8_bin NULL DEFAULT NULL,
  `NAME_` varchar(255) CHARACTER SET utf8 COLLATE utf8_bin NULL DEFAULT NULL,
  `PARENT_TASK_ID_` varchar(64) CHARACTER SET utf8 COLLATE utf8_bin NULL DEFAULT NULL,
  `DESCRIPTION_` varchar(4000) CHARACTER SET utf8 COLLATE utf8_bin NULL DEFAULT NULL,
  `OWNER_` varchar(255) CHARACTER SET utf8 COLLATE utf8_bin NULL DEFAULT NULL,
  `ASSIGNEE_` varchar(255) CHARACTER SET utf8 COLLATE utf8_bin NULL DEFAULT NULL,
  `START_TIME_` datetime(3) NOT NULL,
  `CLAIM_TIME_` datetime(3) NULL DEFAULT NULL,
  `END_TIME_` datetime(3) NULL DEFAULT NULL,
  `DURATION_` bigint(20) NULL DEFAULT NULL,
  `DELETE_REASON_` varchar(4000) CHARACTER SET utf8 COLLATE utf8_bin NULL DEFAULT NULL,
  `PRIORITY_` int(11) NULL DEFAULT NULL,
  `DUE_DATE_` datetime(3) NULL DEFAULT NULL,
  `FORM_KEY_` varchar(255) CHARACTER SET utf8 COLLATE utf8_bin NULL DEFAULT NULL,
  `CATEGORY_` varchar(255) CHARACTER SET utf8 COLLATE utf8_bin NULL DEFAULT NULL,
  `TENANT_ID_` varchar(255) CHARACTER SET utf8 COLLATE utf8_bin NULL DEFAULT '',
  `LAST_UPDATED_TIME_` datetime(3) NULL DEFAULT NULL,
  PRIMARY KEY (`ID_`) USING BTREE,
  INDEX `ACT_IDX_HI_TASK_SCOPE`(`SCOPE_ID_`, `SCOPE_TYPE_`) USING BTREE,
  INDEX `ACT_IDX_HI_TASK_SUB_SCOPE`(`SUB_SCOPE_ID_`, `SCOPE_TYPE_`) USING BTREE,
  INDEX `ACT_IDX_HI_TASK_SCOPE_DEF`(`SCOPE_DEFINITION_ID_`, `SCOPE_TYPE_`) USING BTREE,
  INDEX `ACT_IDX_HI_TASK_INST_PROCINST`(`PROC_INST_ID_`) USING BTREE
) ENGINE = InnoDB CHARACTER SET = utf8 COLLATE = utf8_bin ROW_FORMAT = Dynamic;

-- ----------------------------
-- Records of act_hi_taskinst
-- ----------------------------
INSERT INTO `act_hi_taskinst` VALUES ('0992b538-ba33-11eb-8d3e-00ff08753f51', 1, 'Leave:1:b3dadb5d-ba1b-11eb-b8de-00ff08753f51', NULL, 'sid-319D25F3-5CA4-4F9B-BCC6-D4F6EE578E8B', '098065b0-ba33-11eb-8d3e-00ff08753f51', '09843644-ba33-11eb-8d3e-00ff08753f51', NULL, NULL, NULL, NULL, '小狗审批', NULL, NULL, NULL, '小狗', '2021-05-21 20:49:53.094', NULL, NULL, NULL, NULL, 50, NULL, NULL, NULL, '', '2021-05-21 20:49:53.166');
INSERT INTO `act_hi_taskinst` VALUES ('0aa96029-ba34-11eb-8096-00ff08753f51', 1, 'Leave:1:b3dadb5d-ba1b-11eb-b8de-00ff08753f51', NULL, 'sid-319D25F3-5CA4-4F9B-BCC6-D4F6EE578E8B', '0a98be51-ba34-11eb-8096-00ff08753f51', '0a9d5235-ba34-11eb-8096-00ff08753f51', NULL, NULL, NULL, NULL, '小狗审批', NULL, NULL, NULL, '小狗', '2021-05-21 20:57:04.426', NULL, NULL, NULL, NULL, 50, NULL, NULL, NULL, '', '2021-05-21 20:57:04.489');
INSERT INTO `act_hi_taskinst` VALUES ('19c922f8-ba3f-11eb-b716-00ff08753f51', 2, 'Leave:2:08c5f90f-ba3f-11eb-b716-00ff08753f51', NULL, 'sid-319D25F3-5CA4-4F9B-BCC6-D4F6EE578E8B', '19c181d0-ba3f-11eb-b716-00ff08753f51', '19c1a8e4-ba3f-11eb-b716-00ff08753f51', NULL, NULL, NULL, NULL, '小狗审批', NULL, NULL, NULL, '小狗', '2021-05-21 22:16:14.277', NULL, '2021-05-21 22:57:50.274', 2495997, NULL, 50, NULL, '1,form1', NULL, '', '2021-05-21 22:57:50.274');
INSERT INTO `act_hi_taskinst` VALUES ('2405bf0c-ba48-11eb-a5f7-00ff08753f51', 2, 'Leave:2:08c5f90f-ba3f-11eb-b716-00ff08753f51', NULL, 'sid-319D25F3-5CA4-4F9B-BCC6-D4F6EE578E8B', '240263a4-ba48-11eb-a5f7-00ff08753f51', '240263a8-ba48-11eb-a5f7-00ff08753f51', NULL, NULL, NULL, NULL, '小狗审批', NULL, NULL, NULL, '小狗', '2021-05-21 23:20:56.948', NULL, '2021-05-21 23:21:06.092', 9144, 'Change activity to sid-9CD730F5-294E-4448-9ECD-1DCD6538900B', 50, NULL, '1,form1', NULL, '', '2021-05-21 23:21:06.092');
INSERT INTO `act_hi_taskinst` VALUES ('3b3b4064-ba2f-11eb-8452-00ff08753f51', 1, 'Leave:1:b3dadb5d-ba1b-11eb-b8de-00ff08753f51', NULL, 'sid-319D25F3-5CA4-4F9B-BCC6-D4F6EE578E8B', '3b3aa41c-ba2f-11eb-8452-00ff08753f51', '3b3af240-ba2f-11eb-8452-00ff08753f51', NULL, NULL, NULL, NULL, '小狗审批', NULL, NULL, NULL, '小狗', '2021-05-21 20:22:38.490', NULL, NULL, NULL, NULL, 50, NULL, NULL, NULL, '', '2021-05-21 20:22:38.490');
INSERT INTO `act_hi_taskinst` VALUES ('3f78b853-ba2e-11eb-8452-00ff08753f51', 1, 'Leave:1:b3dadb5d-ba1b-11eb-b8de-00ff08753f51', NULL, 'sid-319D25F3-5CA4-4F9B-BCC6-D4F6EE578E8B', '3f78913b-ba2e-11eb-8452-00ff08753f51', '3f78913f-ba2e-11eb-8452-00ff08753f51', NULL, NULL, NULL, NULL, '小狗审批', NULL, NULL, NULL, '小狗', '2021-05-21 20:15:36.107', NULL, NULL, NULL, NULL, 50, NULL, NULL, NULL, '', '2021-05-21 20:15:36.107');
INSERT INTO `act_hi_taskinst` VALUES ('522b238f-ba2f-11eb-8452-00ff08753f51', 1, 'Leave:1:b3dadb5d-ba1b-11eb-b8de-00ff08753f51', NULL, 'sid-319D25F3-5CA4-4F9B-BCC6-D4F6EE578E8B', '522afc77-ba2f-11eb-8452-00ff08753f51', '522afc7b-ba2f-11eb-8452-00ff08753f51', NULL, NULL, NULL, NULL, '小狗审批', NULL, NULL, NULL, '小狗', '2021-05-21 20:23:16.972', NULL, NULL, NULL, NULL, 50, NULL, NULL, NULL, '', '2021-05-21 20:23:16.972');
INSERT INTO `act_hi_taskinst` VALUES ('534f55af-ba45-11eb-a5f7-00ff08753f51', 2, 'Leave:2:08c5f90f-ba3f-11eb-b716-00ff08753f51', NULL, 'sid-319D25F3-5CA4-4F9B-BCC6-D4F6EE578E8B', '53390e87-ba45-11eb-a5f7-00ff08753f51', '53403a7b-ba45-11eb-a5f7-00ff08753f51', NULL, NULL, NULL, NULL, '小狗审批', NULL, NULL, NULL, '小狗', '2021-05-21 23:00:47.724', NULL, '2021-05-21 23:07:47.757', 420033, 'Change activity to sid-9CD730F5-294E-4448-9ECD-1DCD6538900B', 50, NULL, '1,form1', NULL, '', '2021-05-21 23:07:47.757');
INSERT INTO `act_hi_taskinst` VALUES ('6c0f5dcb-ba48-11eb-a5f7-00ff08753f51', 2, 'Leave:2:08c5f90f-ba3f-11eb-b716-00ff08753f51', NULL, 'sid-319D25F3-5CA4-4F9B-BCC6-D4F6EE578E8B', '6c06d243-ba48-11eb-a5f7-00ff08753f51', '6c06f957-ba48-11eb-a5f7-00ff08753f51', NULL, NULL, NULL, NULL, '小狗审批', NULL, NULL, NULL, '小狗', '2021-05-21 23:22:57.774', NULL, '2021-05-21 23:23:06.361', 8587, NULL, 50, NULL, '1,form1', NULL, '', '2021-05-21 23:23:06.361');
INSERT INTO `act_hi_taskinst` VALUES ('6e0e9c39-ba3b-11eb-b716-00ff08753f51', 1, 'Leave:1:b3dadb5d-ba1b-11eb-b8de-00ff08753f51', NULL, 'sid-319D25F3-5CA4-4F9B-BCC6-D4F6EE578E8B', '6dfd8531-ba3b-11eb-b716-00ff08753f51', '6e009275-ba3b-11eb-b716-00ff08753f51', NULL, NULL, NULL, NULL, '小狗审批', NULL, NULL, NULL, '小狗', '2021-05-21 21:49:57.651', NULL, NULL, NULL, NULL, 50, NULL, NULL, NULL, '', '2021-05-21 21:49:57.724');
INSERT INTO `act_hi_taskinst` VALUES ('716a7aae-ba47-11eb-a5f7-00ff08753f51', 2, 'Leave:2:08c5f90f-ba3f-11eb-b716-00ff08753f51', NULL, 'sid-319D25F3-5CA4-4F9B-BCC6-D4F6EE578E8B', '716a5396-ba47-11eb-a5f7-00ff08753f51', '716a539a-ba47-11eb-a5f7-00ff08753f51', NULL, NULL, NULL, NULL, '小狗审批', NULL, NULL, NULL, '小狗', '2021-05-21 23:15:57.318', NULL, '2021-05-21 23:16:28.307', 30989, 'Change activity to sid-9CD730F5-294E-4448-9ECD-1DCD6538900B', 50, NULL, '1,form1', NULL, '', '2021-05-21 23:16:28.307');
INSERT INTO `act_hi_taskinst` VALUES ('92e22cbe-ba2e-11eb-8452-00ff08753f51', 1, 'Leave:1:b3dadb5d-ba1b-11eb-b8de-00ff08753f51', NULL, 'sid-319D25F3-5CA4-4F9B-BCC6-D4F6EE578E8B', '92dfe2c6-ba2e-11eb-8452-00ff08753f51', '92e1de9a-ba2e-11eb-8452-00ff08753f51', NULL, NULL, NULL, NULL, '小狗审批', NULL, NULL, NULL, '小狗', '2021-05-21 20:17:56.049', NULL, NULL, NULL, NULL, 50, NULL, NULL, NULL, '', '2021-05-21 20:17:56.050');
INSERT INTO `act_hi_taskinst` VALUES ('9b19eaca-ba32-11eb-8452-00ff08753f51', 1, 'Leave:1:b3dadb5d-ba1b-11eb-b8de-00ff08753f51', NULL, 'sid-319D25F3-5CA4-4F9B-BCC6-D4F6EE578E8B', '9b192772-ba32-11eb-8452-00ff08753f51', '9b199ca6-ba32-11eb-8452-00ff08753f51', NULL, NULL, NULL, NULL, '小狗审批', NULL, NULL, NULL, '小狗', '2021-05-21 20:46:47.822', NULL, NULL, NULL, NULL, 50, NULL, NULL, NULL, '', '2021-05-21 20:46:47.823');
INSERT INTO `act_hi_taskinst` VALUES ('b5e1a3dd-ba47-11eb-a5f7-00ff08753f51', 2, 'Leave:2:08c5f90f-ba3f-11eb-b716-00ff08753f51', NULL, 'sid-319D25F3-5CA4-4F9B-BCC6-D4F6EE578E8B', 'b5e17cc5-ba47-11eb-a5f7-00ff08753f51', 'b5e1a3d9-ba47-11eb-a5f7-00ff08753f51', NULL, NULL, NULL, NULL, '小狗审批', NULL, NULL, NULL, '小狗', '2021-05-21 23:17:52.184', NULL, '2021-05-21 23:18:35.216', 43032, 'Change activity to sid-9CD730F5-294E-4448-9ECD-1DCD6538900B', 50, NULL, '1,form1', NULL, '', '2021-05-21 23:18:35.216');
INSERT INTO `act_hi_taskinst` VALUES ('c0d76046-ba37-11eb-a656-00ff08753f51', 1, 'Leave:1:b3dadb5d-ba1b-11eb-b8de-00ff08753f51', NULL, 'sid-319D25F3-5CA4-4F9B-BCC6-D4F6EE578E8B', 'c0c9cbae-ba37-11eb-a656-00ff08753f51', 'c0ccb1e2-ba37-11eb-a656-00ff08753f51', NULL, NULL, NULL, NULL, '小狗审批', NULL, NULL, NULL, '小狗', '2021-05-21 21:23:38.570', NULL, NULL, NULL, NULL, 50, NULL, NULL, NULL, '', '2021-05-21 21:23:38.626');
INSERT INTO `act_hi_taskinst` VALUES ('cb03fdaa-ba48-11eb-a5f7-00ff08753f51', 2, 'Leave:2:08c5f90f-ba3f-11eb-b716-00ff08753f51', NULL, 'sid-319D25F3-5CA4-4F9B-BCC6-D4F6EE578E8B', 'cb03d692-ba48-11eb-a5f7-00ff08753f51', 'cb03d696-ba48-11eb-a5f7-00ff08753f51', NULL, NULL, NULL, NULL, '小狗审批', NULL, NULL, NULL, '小狗', '2021-05-21 23:25:37.138', NULL, '2021-05-21 23:25:46.294', 9156, 'Change activity to sid-9CD730F5-294E-4448-9ECD-1DCD6538900B', 50, NULL, '1,form1', NULL, '', '2021-05-21 23:25:46.294');
INSERT INTO `act_hi_taskinst` VALUES ('d45c4399-ba48-11eb-a5f7-00ff08753f51', 2, 'Leave:2:08c5f90f-ba3f-11eb-b716-00ff08753f51', NULL, 'sid-319D25F3-5CA4-4F9B-BCC6-D4F6EE578E8B', 'd45c1c81-ba48-11eb-a5f7-00ff08753f51', 'd45c1c85-ba48-11eb-a5f7-00ff08753f51', NULL, NULL, NULL, NULL, '小狗审批', NULL, NULL, NULL, '小狗', '2021-05-21 23:25:52.816', NULL, '2021-05-21 23:26:02.053', 9237, NULL, 50, NULL, '1,form1', NULL, '', '2021-05-21 23:26:02.053');
INSERT INTO `act_hi_taskinst` VALUES ('ec180129-ba2e-11eb-8452-00ff08753f51', 1, 'Leave:1:b3dadb5d-ba1b-11eb-b8de-00ff08753f51', NULL, 'sid-319D25F3-5CA4-4F9B-BCC6-D4F6EE578E8B', 'ec1764e1-ba2e-11eb-8452-00ff08753f51', 'ec178bf5-ba2e-11eb-8452-00ff08753f51', NULL, NULL, NULL, NULL, '小狗审批', NULL, NULL, NULL, '小狗', '2021-05-21 20:20:25.719', NULL, NULL, NULL, NULL, 50, NULL, NULL, NULL, '', '2021-05-21 20:20:25.721');
INSERT INTO `act_hi_taskinst` VALUES ('f827e248-ba2d-11eb-8452-00ff08753f51', 1, 'Leave:1:b3dadb5d-ba1b-11eb-b8de-00ff08753f51', NULL, 'sid-319D25F3-5CA4-4F9B-BCC6-D4F6EE578E8B', 'f81544a0-ba2d-11eb-8452-00ff08753f51', 'f8196354-ba2d-11eb-8452-00ff08753f51', NULL, NULL, NULL, NULL, '小狗审批', NULL, NULL, NULL, '小狗', '2021-05-21 20:13:36.387', NULL, NULL, NULL, NULL, 50, NULL, NULL, NULL, '', '2021-05-21 20:13:36.462');

-- ----------------------------
-- Table structure for act_hi_tsk_log
-- ----------------------------
DROP TABLE IF EXISTS `act_hi_tsk_log`;
CREATE TABLE `act_hi_tsk_log`  (
  `ID_` bigint(20) NOT NULL AUTO_INCREMENT,
  `TYPE_` varchar(64) CHARACTER SET utf8 COLLATE utf8_bin NULL DEFAULT NULL,
  `TASK_ID_` varchar(64) CHARACTER SET utf8 COLLATE utf8_bin NOT NULL,
  `TIME_STAMP_` timestamp(3) NOT NULL DEFAULT CURRENT_TIMESTAMP(3) ON UPDATE CURRENT_TIMESTAMP(3),
  `USER_ID_` varchar(255) CHARACTER SET utf8 COLLATE utf8_bin NULL DEFAULT NULL,
  `DATA_` varchar(4000) CHARACTER SET utf8 COLLATE utf8_bin NULL DEFAULT NULL,
  `EXECUTION_ID_` varchar(64) CHARACTER SET utf8 COLLATE utf8_bin NULL DEFAULT NULL,
  `PROC_INST_ID_` varchar(64) CHARACTER SET utf8 COLLATE utf8_bin NULL DEFAULT NULL,
  `PROC_DEF_ID_` varchar(64) CHARACTER SET utf8 COLLATE utf8_bin NULL DEFAULT NULL,
  `SCOPE_ID_` varchar(255) CHARACTER SET utf8 COLLATE utf8_bin NULL DEFAULT NULL,
  `SCOPE_DEFINITION_ID_` varchar(255) CHARACTER SET utf8 COLLATE utf8_bin NULL DEFAULT NULL,
  `SUB_SCOPE_ID_` varchar(255) CHARACTER SET utf8 COLLATE utf8_bin NULL DEFAULT NULL,
  `SCOPE_TYPE_` varchar(255) CHARACTER SET utf8 COLLATE utf8_bin NULL DEFAULT NULL,
  `TENANT_ID_` varchar(255) CHARACTER SET utf8 COLLATE utf8_bin NULL DEFAULT '',
  PRIMARY KEY (`ID_`) USING BTREE
) ENGINE = InnoDB AUTO_INCREMENT = 1 CHARACTER SET = utf8 COLLATE = utf8_bin ROW_FORMAT = Dynamic;

-- ----------------------------
-- Records of act_hi_tsk_log
-- ----------------------------

-- ----------------------------
-- Table structure for act_hi_varinst
-- ----------------------------
DROP TABLE IF EXISTS `act_hi_varinst`;
CREATE TABLE `act_hi_varinst`  (
  `ID_` varchar(64) CHARACTER SET utf8 COLLATE utf8_bin NOT NULL,
  `REV_` int(11) NULL DEFAULT 1,
  `PROC_INST_ID_` varchar(64) CHARACTER SET utf8 COLLATE utf8_bin NULL DEFAULT NULL,
  `EXECUTION_ID_` varchar(64) CHARACTER SET utf8 COLLATE utf8_bin NULL DEFAULT NULL,
  `TASK_ID_` varchar(64) CHARACTER SET utf8 COLLATE utf8_bin NULL DEFAULT NULL,
  `NAME_` varchar(255) CHARACTER SET utf8 COLLATE utf8_bin NOT NULL,
  `VAR_TYPE_` varchar(100) CHARACTER SET utf8 COLLATE utf8_bin NULL DEFAULT NULL,
  `SCOPE_ID_` varchar(255) CHARACTER SET utf8 COLLATE utf8_bin NULL DEFAULT NULL,
  `SUB_SCOPE_ID_` varchar(255) CHARACTER SET utf8 COLLATE utf8_bin NULL DEFAULT NULL,
  `SCOPE_TYPE_` varchar(255) CHARACTER SET utf8 COLLATE utf8_bin NULL DEFAULT NULL,
  `BYTEARRAY_ID_` varchar(64) CHARACTER SET utf8 COLLATE utf8_bin NULL DEFAULT NULL,
  `DOUBLE_` double NULL DEFAULT NULL,
  `LONG_` bigint(20) NULL DEFAULT NULL,
  `TEXT_` varchar(4000) CHARACTER SET utf8 COLLATE utf8_bin NULL DEFAULT NULL,
  `TEXT2_` varchar(4000) CHARACTER SET utf8 COLLATE utf8_bin NULL DEFAULT NULL,
  `CREATE_TIME_` datetime(3) NULL DEFAULT NULL,
  `LAST_UPDATED_TIME_` datetime(3) NULL DEFAULT NULL,
  PRIMARY KEY (`ID_`) USING BTREE,
  INDEX `ACT_IDX_HI_PROCVAR_NAME_TYPE`(`NAME_`, `VAR_TYPE_`) USING BTREE,
  INDEX `ACT_IDX_HI_VAR_SCOPE_ID_TYPE`(`SCOPE_ID_`, `SCOPE_TYPE_`) USING BTREE,
  INDEX `ACT_IDX_HI_VAR_SUB_ID_TYPE`(`SUB_SCOPE_ID_`, `SCOPE_TYPE_`) USING BTREE,
  INDEX `ACT_IDX_HI_PROCVAR_PROC_INST`(`PROC_INST_ID_`) USING BTREE,
  INDEX `ACT_IDX_HI_PROCVAR_TASK_ID`(`TASK_ID_`) USING BTREE,
  INDEX `ACT_IDX_HI_PROCVAR_EXE`(`EXECUTION_ID_`) USING BTREE
) ENGINE = InnoDB CHARACTER SET = utf8 COLLATE = utf8_bin ROW_FORMAT = Dynamic;

-- ----------------------------
-- Records of act_hi_varinst
-- ----------------------------
INSERT INTO `act_hi_varinst` VALUES ('09826182-ba33-11eb-8d3e-00ff08753f51', 0, '098065b0-ba33-11eb-8d3e-00ff08753f51', '098065b0-ba33-11eb-8d3e-00ff08753f51', NULL, 'userName', 'string', NULL, NULL, NULL, NULL, NULL, NULL, 'entfrm', NULL, '2021-05-21 20:49:53.064', '2021-05-21 20:49:53.064');
INSERT INTO `act_hi_varinst` VALUES ('09839a03-ba33-11eb-8d3e-00ff08753f51', 0, '098065b0-ba33-11eb-8d3e-00ff08753f51', '098065b0-ba33-11eb-8d3e-00ff08753f51', NULL, 'title', 'string', NULL, NULL, NULL, NULL, NULL, NULL, '请假审批', NULL, '2021-05-21 20:49:53.065', '2021-05-21 20:49:53.065');
INSERT INTO `act_hi_varinst` VALUES ('0a9bcb93-ba34-11eb-8096-00ff08753f51', 0, '0a98be51-ba34-11eb-8096-00ff08753f51', '0a98be51-ba34-11eb-8096-00ff08753f51', NULL, 'userName', 'string', NULL, NULL, NULL, NULL, NULL, NULL, 'entfrm', NULL, '2021-05-21 20:57:04.404', '2021-05-21 20:57:04.404');
INSERT INTO `act_hi_varinst` VALUES ('0a9cb5f4-ba34-11eb-8096-00ff08753f51', 0, '0a98be51-ba34-11eb-8096-00ff08753f51', '0a98be51-ba34-11eb-8096-00ff08753f51', NULL, 'title', 'string', NULL, NULL, NULL, NULL, NULL, NULL, '请假审批', NULL, '2021-05-21 20:57:04.404', '2021-05-21 20:57:04.404');
INSERT INTO `act_hi_varinst` VALUES ('19c181d2-ba3f-11eb-b716-00ff08753f51', 0, '19c181d0-ba3f-11eb-b716-00ff08753f51', '19c181d0-ba3f-11eb-b716-00ff08753f51', NULL, 'userName', 'string', NULL, NULL, NULL, NULL, NULL, NULL, 'entfrm', NULL, '2021-05-21 22:16:14.275', '2021-05-21 22:16:14.275');
INSERT INTO `act_hi_varinst` VALUES ('19c1a8e3-ba3f-11eb-b716-00ff08753f51', 0, '19c181d0-ba3f-11eb-b716-00ff08753f51', '19c181d0-ba3f-11eb-b716-00ff08753f51', NULL, 'title', 'string', NULL, NULL, NULL, NULL, NULL, NULL, '请假审批', NULL, '2021-05-21 22:16:14.276', '2021-05-21 22:16:14.276');
INSERT INTO `act_hi_varinst` VALUES ('240263a6-ba48-11eb-a5f7-00ff08753f51', 0, '240263a4-ba48-11eb-a5f7-00ff08753f51', '240263a4-ba48-11eb-a5f7-00ff08753f51', NULL, 'userName', 'string', NULL, NULL, NULL, NULL, NULL, NULL, '小狗', NULL, '2021-05-21 23:20:56.948', '2021-05-21 23:20:56.948');
INSERT INTO `act_hi_varinst` VALUES ('240263a7-ba48-11eb-a5f7-00ff08753f51', 0, '240263a4-ba48-11eb-a5f7-00ff08753f51', '240263a4-ba48-11eb-a5f7-00ff08753f51', NULL, 'title', 'string', NULL, NULL, NULL, NULL, NULL, NULL, '请假审批', NULL, '2021-05-21 23:20:56.948', '2021-05-21 23:20:56.948');
INSERT INTO `act_hi_varinst` VALUES ('29730f20-ba48-11eb-a5f7-00ff08753f51', 0, '240263a4-ba48-11eb-a5f7-00ff08753f51', '240263a4-ba48-11eb-a5f7-00ff08753f51', NULL, '_process_status_code', 'integer', NULL, NULL, NULL, NULL, NULL, 4, '4', NULL, '2021-05-21 23:21:06.075', '2021-05-21 23:21:06.075');
INSERT INTO `act_hi_varinst` VALUES ('3b3acb2e-ba2f-11eb-8452-00ff08753f51', 0, '3b3aa41c-ba2f-11eb-8452-00ff08753f51', '3b3aa41c-ba2f-11eb-8452-00ff08753f51', NULL, 'userName', 'string', NULL, NULL, NULL, NULL, NULL, NULL, 'entfrm', NULL, '2021-05-21 20:22:38.487', '2021-05-21 20:22:38.487');
INSERT INTO `act_hi_varinst` VALUES ('3b3acb2f-ba2f-11eb-8452-00ff08753f51', 0, '3b3aa41c-ba2f-11eb-8452-00ff08753f51', '3b3aa41c-ba2f-11eb-8452-00ff08753f51', NULL, 'title', 'string', NULL, NULL, NULL, NULL, NULL, NULL, '请假审批', NULL, '2021-05-21 20:22:38.487', '2021-05-21 20:22:38.487');
INSERT INTO `act_hi_varinst` VALUES ('3f78913d-ba2e-11eb-8452-00ff08753f51', 0, '3f78913b-ba2e-11eb-8452-00ff08753f51', '3f78913b-ba2e-11eb-8452-00ff08753f51', NULL, 'userName', 'string', NULL, NULL, NULL, NULL, NULL, NULL, 'entfrm', NULL, '2021-05-21 20:15:36.106', '2021-05-21 20:15:36.106');
INSERT INTO `act_hi_varinst` VALUES ('3f78913e-ba2e-11eb-8452-00ff08753f51', 0, '3f78913b-ba2e-11eb-8452-00ff08753f51', '3f78913b-ba2e-11eb-8452-00ff08753f51', NULL, 'title', 'string', NULL, NULL, NULL, NULL, NULL, NULL, '请假审批', NULL, '2021-05-21 20:15:36.106', '2021-05-21 20:15:36.106');
INSERT INTO `act_hi_varinst` VALUES ('4d3f6793-ba46-11eb-a5f7-00ff08753f51', 0, '53390e87-ba45-11eb-a5f7-00ff08753f51', '53390e87-ba45-11eb-a5f7-00ff08753f51', NULL, '_process_status_code', 'integer', NULL, NULL, NULL, NULL, NULL, 4, '4', NULL, '2021-05-21 23:07:47.141', '2021-05-21 23:07:47.141');
INSERT INTO `act_hi_varinst` VALUES ('522afc79-ba2f-11eb-8452-00ff08753f51', 0, '522afc77-ba2f-11eb-8452-00ff08753f51', '522afc77-ba2f-11eb-8452-00ff08753f51', NULL, 'userName', 'string', NULL, NULL, NULL, NULL, NULL, NULL, 'entfrm', NULL, '2021-05-21 20:23:16.971', '2021-05-21 20:23:16.971');
INSERT INTO `act_hi_varinst` VALUES ('522afc7a-ba2f-11eb-8452-00ff08753f51', 0, '522afc77-ba2f-11eb-8452-00ff08753f51', '522afc77-ba2f-11eb-8452-00ff08753f51', NULL, 'title', 'string', NULL, NULL, NULL, NULL, NULL, NULL, '请假审批', NULL, '2021-05-21 20:23:16.971', '2021-05-21 20:23:16.971');
INSERT INTO `act_hi_varinst` VALUES ('533f01f9-ba45-11eb-a5f7-00ff08753f51', 0, '53390e87-ba45-11eb-a5f7-00ff08753f51', '53390e87-ba45-11eb-a5f7-00ff08753f51', NULL, 'userName', 'string', NULL, NULL, NULL, NULL, NULL, NULL, '小狗', NULL, '2021-05-21 23:00:47.716', '2021-05-21 23:00:47.716');
INSERT INTO `act_hi_varinst` VALUES ('53403a7a-ba45-11eb-a5f7-00ff08753f51', 0, '53390e87-ba45-11eb-a5f7-00ff08753f51', '53390e87-ba45-11eb-a5f7-00ff08753f51', NULL, 'title', 'string', NULL, NULL, NULL, NULL, NULL, NULL, '请假审批', NULL, '2021-05-21 23:00:47.716', '2021-05-21 23:00:47.716');
INSERT INTO `act_hi_varinst` VALUES ('6c06f955-ba48-11eb-a5f7-00ff08753f51', 0, '6c06d243-ba48-11eb-a5f7-00ff08753f51', '6c06d243-ba48-11eb-a5f7-00ff08753f51', NULL, 'userName', 'string', NULL, NULL, NULL, NULL, NULL, NULL, '小狗', NULL, '2021-05-21 23:22:57.774', '2021-05-21 23:22:57.774');
INSERT INTO `act_hi_varinst` VALUES ('6c06f956-ba48-11eb-a5f7-00ff08753f51', 0, '6c06d243-ba48-11eb-a5f7-00ff08753f51', '6c06d243-ba48-11eb-a5f7-00ff08753f51', NULL, 'title', 'string', NULL, NULL, NULL, NULL, NULL, NULL, '请假审批', NULL, '2021-05-21 23:22:57.774', '2021-05-21 23:22:57.774');
INSERT INTO `act_hi_varinst` VALUES ('6dff0bd3-ba3b-11eb-b716-00ff08753f51', 0, '6dfd8531-ba3b-11eb-b716-00ff08753f51', '6dfd8531-ba3b-11eb-b716-00ff08753f51', NULL, 'userName', 'string', NULL, NULL, NULL, NULL, NULL, NULL, '小狗', NULL, '2021-05-21 21:49:57.627', '2021-05-21 21:49:57.627');
INSERT INTO `act_hi_varinst` VALUES ('6e004454-ba3b-11eb-b716-00ff08753f51', 0, '6dfd8531-ba3b-11eb-b716-00ff08753f51', '6dfd8531-ba3b-11eb-b716-00ff08753f51', NULL, 'title', 'string', NULL, NULL, NULL, NULL, NULL, NULL, '请假审批', NULL, '2021-05-21 21:49:57.628', '2021-05-21 21:49:57.628');
INSERT INTO `act_hi_varinst` VALUES ('716a5398-ba47-11eb-a5f7-00ff08753f51', 0, '716a5396-ba47-11eb-a5f7-00ff08753f51', '716a5396-ba47-11eb-a5f7-00ff08753f51', NULL, 'userName', 'string', NULL, NULL, NULL, NULL, NULL, NULL, '小狗', NULL, '2021-05-21 23:15:57.317', '2021-05-21 23:15:57.317');
INSERT INTO `act_hi_varinst` VALUES ('716a5399-ba47-11eb-a5f7-00ff08753f51', 0, '716a5396-ba47-11eb-a5f7-00ff08753f51', '716a5396-ba47-11eb-a5f7-00ff08753f51', NULL, 'title', 'string', NULL, NULL, NULL, NULL, NULL, NULL, '请假审批', NULL, '2021-05-21 23:15:57.317', '2021-05-21 23:15:57.317');
INSERT INTO `act_hi_varinst` VALUES ('83cbadf2-ba47-11eb-a5f7-00ff08753f51', 0, '716a5396-ba47-11eb-a5f7-00ff08753f51', '716a5396-ba47-11eb-a5f7-00ff08753f51', NULL, '_process_status_code', 'integer', NULL, NULL, NULL, NULL, NULL, 4, '4', NULL, '2021-05-21 23:16:28.155', '2021-05-21 23:16:28.155');
INSERT INTO `act_hi_varinst` VALUES ('92e1b788-ba2e-11eb-8452-00ff08753f51', 0, '92dfe2c6-ba2e-11eb-8452-00ff08753f51', '92dfe2c6-ba2e-11eb-8452-00ff08753f51', NULL, 'userName', 'string', NULL, NULL, NULL, NULL, NULL, NULL, 'entfrm', NULL, '2021-05-21 20:17:56.046', '2021-05-21 20:17:56.046');
INSERT INTO `act_hi_varinst` VALUES ('92e1de99-ba2e-11eb-8452-00ff08753f51', 0, '92dfe2c6-ba2e-11eb-8452-00ff08753f51', '92dfe2c6-ba2e-11eb-8452-00ff08753f51', NULL, 'title', 'string', NULL, NULL, NULL, NULL, NULL, NULL, '请假审批', NULL, '2021-05-21 20:17:56.047', '2021-05-21 20:17:56.047');
INSERT INTO `act_hi_varinst` VALUES ('9b197594-ba32-11eb-8452-00ff08753f51', 0, '9b192772-ba32-11eb-8452-00ff08753f51', '9b192772-ba32-11eb-8452-00ff08753f51', NULL, 'userName', 'string', NULL, NULL, NULL, NULL, NULL, NULL, 'entfrm', NULL, '2021-05-21 20:46:47.820', '2021-05-21 20:46:47.820');
INSERT INTO `act_hi_varinst` VALUES ('9b199ca5-ba32-11eb-8452-00ff08753f51', 0, '9b192772-ba32-11eb-8452-00ff08753f51', '9b192772-ba32-11eb-8452-00ff08753f51', NULL, 'title', 'string', NULL, NULL, NULL, NULL, NULL, NULL, '请假审批', NULL, '2021-05-21 20:46:47.821', '2021-05-21 20:46:47.821');
INSERT INTO `act_hi_varinst` VALUES ('b5e1a3d7-ba47-11eb-a5f7-00ff08753f51', 0, 'b5e17cc5-ba47-11eb-a5f7-00ff08753f51', 'b5e17cc5-ba47-11eb-a5f7-00ff08753f51', NULL, 'userName', 'string', NULL, NULL, NULL, NULL, NULL, NULL, '小狗', NULL, '2021-05-21 23:17:52.184', '2021-05-21 23:17:52.184');
INSERT INTO `act_hi_varinst` VALUES ('b5e1a3d8-ba47-11eb-a5f7-00ff08753f51', 0, 'b5e17cc5-ba47-11eb-a5f7-00ff08753f51', 'b5e17cc5-ba47-11eb-a5f7-00ff08753f51', NULL, 'title', 'string', NULL, NULL, NULL, NULL, NULL, NULL, '请假审批', NULL, '2021-05-21 23:17:52.184', '2021-05-21 23:17:52.184');
INSERT INTO `act_hi_varinst` VALUES ('c0cba070-ba37-11eb-a656-00ff08753f51', 0, 'c0c9cbae-ba37-11eb-a656-00ff08753f51', 'c0c9cbae-ba37-11eb-a656-00ff08753f51', NULL, 'userName', 'string', NULL, NULL, NULL, NULL, NULL, NULL, '小狗', NULL, '2021-05-21 21:23:38.551', '2021-05-21 21:23:38.551');
INSERT INTO `act_hi_varinst` VALUES ('c0cc3cb1-ba37-11eb-a656-00ff08753f51', 0, 'c0c9cbae-ba37-11eb-a656-00ff08753f51', 'c0c9cbae-ba37-11eb-a656-00ff08753f51', NULL, 'title', 'string', NULL, NULL, NULL, NULL, NULL, NULL, '请假审批', NULL, '2021-05-21 21:23:38.551', '2021-05-21 21:23:38.551');
INSERT INTO `act_hi_varinst` VALUES ('cb03d694-ba48-11eb-a5f7-00ff08753f51', 0, 'cb03d692-ba48-11eb-a5f7-00ff08753f51', 'cb03d692-ba48-11eb-a5f7-00ff08753f51', NULL, 'userName', 'string', NULL, NULL, NULL, NULL, NULL, NULL, '小狗', NULL, '2021-05-21 23:25:37.137', '2021-05-21 23:25:37.137');
INSERT INTO `act_hi_varinst` VALUES ('cb03d695-ba48-11eb-a5f7-00ff08753f51', 0, 'cb03d692-ba48-11eb-a5f7-00ff08753f51', 'cb03d692-ba48-11eb-a5f7-00ff08753f51', NULL, 'title', 'string', NULL, NULL, NULL, NULL, NULL, NULL, '请假审批', NULL, '2021-05-21 23:25:37.137', '2021-05-21 23:25:37.137');
INSERT INTO `act_hi_varinst` VALUES ('cf7556d1-ba47-11eb-a5f7-00ff08753f51', 0, 'b5e17cc5-ba47-11eb-a5f7-00ff08753f51', 'b5e17cc5-ba47-11eb-a5f7-00ff08753f51', NULL, '_process_status_code', 'integer', NULL, NULL, NULL, NULL, NULL, 4, '4', NULL, '2021-05-21 23:18:35.095', '2021-05-21 23:18:35.095');
INSERT INTO `act_hi_varinst` VALUES ('d072d45e-ba48-11eb-a5f7-00ff08753f51', 0, 'cb03d692-ba48-11eb-a5f7-00ff08753f51', 'cb03d692-ba48-11eb-a5f7-00ff08753f51', NULL, '_process_status_code', 'integer', NULL, NULL, NULL, NULL, NULL, 4, '4', NULL, '2021-05-21 23:25:46.253', '2021-05-21 23:25:46.253');
INSERT INTO `act_hi_varinst` VALUES ('d45c1c83-ba48-11eb-a5f7-00ff08753f51', 0, 'd45c1c81-ba48-11eb-a5f7-00ff08753f51', 'd45c1c81-ba48-11eb-a5f7-00ff08753f51', NULL, 'userName', 'string', NULL, NULL, NULL, NULL, NULL, NULL, '小狗', NULL, '2021-05-21 23:25:52.815', '2021-05-21 23:25:52.815');
INSERT INTO `act_hi_varinst` VALUES ('d45c1c84-ba48-11eb-a5f7-00ff08753f51', 0, 'd45c1c81-ba48-11eb-a5f7-00ff08753f51', 'd45c1c81-ba48-11eb-a5f7-00ff08753f51', NULL, 'title', 'string', NULL, NULL, NULL, NULL, NULL, NULL, '请假审批', NULL, '2021-05-21 23:25:52.815', '2021-05-21 23:25:52.815');
INSERT INTO `act_hi_varinst` VALUES ('ec1764e3-ba2e-11eb-8452-00ff08753f51', 0, 'ec1764e1-ba2e-11eb-8452-00ff08753f51', 'ec1764e1-ba2e-11eb-8452-00ff08753f51', NULL, 'userName', 'string', NULL, NULL, NULL, NULL, NULL, NULL, 'entfrm', NULL, '2021-05-21 20:20:25.716', '2021-05-21 20:20:25.716');
INSERT INTO `act_hi_varinst` VALUES ('ec178bf4-ba2e-11eb-8452-00ff08753f51', 0, 'ec1764e1-ba2e-11eb-8452-00ff08753f51', 'ec1764e1-ba2e-11eb-8452-00ff08753f51', NULL, 'title', 'string', NULL, NULL, NULL, NULL, NULL, NULL, '请假审批', NULL, '2021-05-21 20:20:25.716', '2021-05-21 20:20:25.716');
INSERT INTO `act_hi_varinst` VALUES ('f817dcb2-ba2d-11eb-8452-00ff08753f51', 0, 'f81544a0-ba2d-11eb-8452-00ff08753f51', 'f81544a0-ba2d-11eb-8452-00ff08753f51', NULL, 'userName', 'string', NULL, NULL, NULL, NULL, NULL, NULL, 'entfrm', NULL, '2021-05-21 20:13:36.360', '2021-05-21 20:13:36.360');
INSERT INTO `act_hi_varinst` VALUES ('f818c713-ba2d-11eb-8452-00ff08753f51', 0, 'f81544a0-ba2d-11eb-8452-00ff08753f51', 'f81544a0-ba2d-11eb-8452-00ff08753f51', NULL, 'title', 'string', NULL, NULL, NULL, NULL, NULL, NULL, '请假审批', NULL, '2021-05-21 20:13:36.360', '2021-05-21 20:13:36.360');

-- ----------------------------
-- Table structure for act_id_bytearray
-- ----------------------------
DROP TABLE IF EXISTS `act_id_bytearray`;
CREATE TABLE `act_id_bytearray`  (
  `ID_` varchar(64) CHARACTER SET utf8 COLLATE utf8_bin NOT NULL,
  `REV_` int(11) NULL DEFAULT NULL,
  `NAME_` varchar(255) CHARACTER SET utf8 COLLATE utf8_bin NULL DEFAULT NULL,
  `BYTES_` longblob NULL,
  PRIMARY KEY (`ID_`) USING BTREE
) ENGINE = InnoDB CHARACTER SET = utf8 COLLATE = utf8_bin ROW_FORMAT = Dynamic;

-- ----------------------------
-- Records of act_id_bytearray
-- ----------------------------

-- ----------------------------
-- Table structure for act_id_group
-- ----------------------------
DROP TABLE IF EXISTS `act_id_group`;
CREATE TABLE `act_id_group`  (
  `ID_` varchar(64) CHARACTER SET utf8 COLLATE utf8_bin NOT NULL,
  `REV_` int(11) NULL DEFAULT NULL,
  `NAME_` varchar(255) CHARACTER SET utf8 COLLATE utf8_bin NULL DEFAULT NULL,
  `TYPE_` varchar(255) CHARACTER SET utf8 COLLATE utf8_bin NULL DEFAULT NULL,
  PRIMARY KEY (`ID_`) USING BTREE
) ENGINE = InnoDB CHARACTER SET = utf8 COLLATE = utf8_bin ROW_FORMAT = Dynamic;

-- ----------------------------
-- Records of act_id_group
-- ----------------------------

-- ----------------------------
-- Table structure for act_id_info
-- ----------------------------
DROP TABLE IF EXISTS `act_id_info`;
CREATE TABLE `act_id_info`  (
  `ID_` varchar(64) CHARACTER SET utf8 COLLATE utf8_bin NOT NULL,
  `REV_` int(11) NULL DEFAULT NULL,
  `USER_ID_` varchar(64) CHARACTER SET utf8 COLLATE utf8_bin NULL DEFAULT NULL,
  `TYPE_` varchar(64) CHARACTER SET utf8 COLLATE utf8_bin NULL DEFAULT NULL,
  `KEY_` varchar(255) CHARACTER SET utf8 COLLATE utf8_bin NULL DEFAULT NULL,
  `VALUE_` varchar(255) CHARACTER SET utf8 COLLATE utf8_bin NULL DEFAULT NULL,
  `PASSWORD_` longblob NULL,
  `PARENT_ID_` varchar(255) CHARACTER SET utf8 COLLATE utf8_bin NULL DEFAULT NULL,
  PRIMARY KEY (`ID_`) USING BTREE
) ENGINE = InnoDB CHARACTER SET = utf8 COLLATE = utf8_bin ROW_FORMAT = Dynamic;

-- ----------------------------
-- Records of act_id_info
-- ----------------------------

-- ----------------------------
-- Table structure for act_id_membership
-- ----------------------------
DROP TABLE IF EXISTS `act_id_membership`;
CREATE TABLE `act_id_membership`  (
  `USER_ID_` varchar(64) CHARACTER SET utf8 COLLATE utf8_bin NOT NULL,
  `GROUP_ID_` varchar(64) CHARACTER SET utf8 COLLATE utf8_bin NOT NULL,
  PRIMARY KEY (`USER_ID_`, `GROUP_ID_`) USING BTREE,
  INDEX `ACT_FK_MEMB_GROUP`(`GROUP_ID_`) USING BTREE,
  CONSTRAINT `ACT_FK_MEMB_GROUP` FOREIGN KEY (`GROUP_ID_`) REFERENCES `act_id_group` (`ID_`) ON DELETE RESTRICT ON UPDATE RESTRICT,
  CONSTRAINT `ACT_FK_MEMB_USER` FOREIGN KEY (`USER_ID_`) REFERENCES `act_id_user` (`ID_`) ON DELETE RESTRICT ON UPDATE RESTRICT
) ENGINE = InnoDB CHARACTER SET = utf8 COLLATE = utf8_bin ROW_FORMAT = Dynamic;

-- ----------------------------
-- Records of act_id_membership
-- ----------------------------

-- ----------------------------
-- Table structure for act_id_priv
-- ----------------------------
DROP TABLE IF EXISTS `act_id_priv`;
CREATE TABLE `act_id_priv`  (
  `ID_` varchar(64) CHARACTER SET utf8 COLLATE utf8_bin NOT NULL,
  `NAME_` varchar(255) CHARACTER SET utf8 COLLATE utf8_bin NOT NULL,
  PRIMARY KEY (`ID_`) USING BTREE,
  UNIQUE INDEX `ACT_UNIQ_PRIV_NAME`(`NAME_`) USING BTREE
) ENGINE = InnoDB CHARACTER SET = utf8 COLLATE = utf8_bin ROW_FORMAT = Dynamic;

-- ----------------------------
-- Records of act_id_priv
-- ----------------------------

-- ----------------------------
-- Table structure for act_id_priv_mapping
-- ----------------------------
DROP TABLE IF EXISTS `act_id_priv_mapping`;
CREATE TABLE `act_id_priv_mapping`  (
  `ID_` varchar(64) CHARACTER SET utf8 COLLATE utf8_bin NOT NULL,
  `PRIV_ID_` varchar(64) CHARACTER SET utf8 COLLATE utf8_bin NOT NULL,
  `USER_ID_` varchar(255) CHARACTER SET utf8 COLLATE utf8_bin NULL DEFAULT NULL,
  `GROUP_ID_` varchar(255) CHARACTER SET utf8 COLLATE utf8_bin NULL DEFAULT NULL,
  PRIMARY KEY (`ID_`) USING BTREE,
  INDEX `ACT_FK_PRIV_MAPPING`(`PRIV_ID_`) USING BTREE,
  INDEX `ACT_IDX_PRIV_USER`(`USER_ID_`) USING BTREE,
  INDEX `ACT_IDX_PRIV_GROUP`(`GROUP_ID_`) USING BTREE,
  CONSTRAINT `ACT_FK_PRIV_MAPPING` FOREIGN KEY (`PRIV_ID_`) REFERENCES `act_id_priv` (`ID_`) ON DELETE RESTRICT ON UPDATE RESTRICT
) ENGINE = InnoDB CHARACTER SET = utf8 COLLATE = utf8_bin ROW_FORMAT = Dynamic;

-- ----------------------------
-- Records of act_id_priv_mapping
-- ----------------------------

-- ----------------------------
-- Table structure for act_id_property
-- ----------------------------
DROP TABLE IF EXISTS `act_id_property`;
CREATE TABLE `act_id_property`  (
  `NAME_` varchar(64) CHARACTER SET utf8 COLLATE utf8_bin NOT NULL,
  `VALUE_` varchar(300) CHARACTER SET utf8 COLLATE utf8_bin NULL DEFAULT NULL,
  `REV_` int(11) NULL DEFAULT NULL,
  PRIMARY KEY (`NAME_`) USING BTREE
) ENGINE = InnoDB CHARACTER SET = utf8 COLLATE = utf8_bin ROW_FORMAT = Dynamic;

-- ----------------------------
-- Records of act_id_property
-- ----------------------------
INSERT INTO `act_id_property` VALUES ('schema.version', '6.5.0.1', 1);

-- ----------------------------
-- Table structure for act_id_token
-- ----------------------------
DROP TABLE IF EXISTS `act_id_token`;
CREATE TABLE `act_id_token`  (
  `ID_` varchar(64) CHARACTER SET utf8 COLLATE utf8_bin NOT NULL,
  `REV_` int(11) NULL DEFAULT NULL,
  `TOKEN_VALUE_` varchar(255) CHARACTER SET utf8 COLLATE utf8_bin NULL DEFAULT NULL,
  `TOKEN_DATE_` timestamp(3) NOT NULL DEFAULT CURRENT_TIMESTAMP(3) ON UPDATE CURRENT_TIMESTAMP(3),
  `IP_ADDRESS_` varchar(255) CHARACTER SET utf8 COLLATE utf8_bin NULL DEFAULT NULL,
  `USER_AGENT_` varchar(255) CHARACTER SET utf8 COLLATE utf8_bin NULL DEFAULT NULL,
  `USER_ID_` varchar(255) CHARACTER SET utf8 COLLATE utf8_bin NULL DEFAULT NULL,
  `TOKEN_DATA_` varchar(2000) CHARACTER SET utf8 COLLATE utf8_bin NULL DEFAULT NULL,
  PRIMARY KEY (`ID_`) USING BTREE
) ENGINE = InnoDB CHARACTER SET = utf8 COLLATE = utf8_bin ROW_FORMAT = Dynamic;

-- ----------------------------
-- Records of act_id_token
-- ----------------------------

-- ----------------------------
-- Table structure for act_id_user
-- ----------------------------
DROP TABLE IF EXISTS `act_id_user`;
CREATE TABLE `act_id_user`  (
  `ID_` varchar(64) CHARACTER SET utf8 COLLATE utf8_bin NOT NULL,
  `REV_` int(11) NULL DEFAULT NULL,
  `FIRST_` varchar(255) CHARACTER SET utf8 COLLATE utf8_bin NULL DEFAULT NULL,
  `LAST_` varchar(255) CHARACTER SET utf8 COLLATE utf8_bin NULL DEFAULT NULL,
  `DISPLAY_NAME_` varchar(255) CHARACTER SET utf8 COLLATE utf8_bin NULL DEFAULT NULL,
  `EMAIL_` varchar(255) CHARACTER SET utf8 COLLATE utf8_bin NULL DEFAULT NULL,
  `PWD_` varchar(255) CHARACTER SET utf8 COLLATE utf8_bin NULL DEFAULT NULL,
  `PICTURE_ID_` varchar(64) CHARACTER SET utf8 COLLATE utf8_bin NULL DEFAULT NULL,
  `TENANT_ID_` varchar(255) CHARACTER SET utf8 COLLATE utf8_bin NULL DEFAULT '',
  PRIMARY KEY (`ID_`) USING BTREE
) ENGINE = InnoDB CHARACTER SET = utf8 COLLATE = utf8_bin ROW_FORMAT = Dynamic;

-- ----------------------------
-- Records of act_id_user
-- ----------------------------

-- ----------------------------
-- Table structure for act_leave
-- ----------------------------
DROP TABLE IF EXISTS `act_leave`;
CREATE TABLE `act_leave`  (
  `id` int(11) NOT NULL AUTO_INCREMENT COMMENT '主键',
  `user_name` varchar(40) CHARACTER SET utf8mb4 COLLATE utf8mb4_general_ci NULL DEFAULT NULL COMMENT '用户名',
  `type` char(1) CHARACTER SET utf8mb4 COLLATE utf8mb4_general_ci NULL DEFAULT NULL COMMENT '0事假 1病假 2产假',
  `cause` varchar(255) CHARACTER SET utf8mb4 COLLATE utf8mb4_general_ci NULL DEFAULT NULL COMMENT '事由',
  `leave_time` datetime(0) NULL DEFAULT NULL COMMENT '请假时间',
  `days` int(4) NULL DEFAULT NULL COMMENT '请假天数',
  `proc_ins_id` varchar(40) CHARACTER SET utf8mb4 COLLATE utf8mb4_general_ci NULL DEFAULT '0' COMMENT '流程实例ID',
  `create_by` varchar(64) CHARACTER SET utf8mb4 COLLATE utf8mb4_general_ci NULL DEFAULT '' COMMENT '创建者',
  `create_time` datetime(0) NULL DEFAULT NULL COMMENT '创建时间',
  `update_by` varchar(64) CHARACTER SET utf8mb4 COLLATE utf8mb4_general_ci NULL DEFAULT '' COMMENT '更新者',
  `update_time` datetime(0) NULL DEFAULT NULL COMMENT '更新时间',
  `remarks` varchar(500) CHARACTER SET utf8mb4 COLLATE utf8mb4_general_ci NULL DEFAULT NULL COMMENT '备注',
  `del_flag` char(1) CHARACTER SET utf8mb4 COLLATE utf8mb4_general_ci NULL DEFAULT '0' COMMENT '删除标志（0正常 1删除）',
  PRIMARY KEY (`id`) USING BTREE
) ENGINE = InnoDB AUTO_INCREMENT = 11 CHARACTER SET = utf8mb4 COLLATE = utf8mb4_general_ci ROW_FORMAT = DYNAMIC;

-- ----------------------------
-- Records of act_leave
-- ----------------------------
INSERT INTO `act_leave` VALUES (1, '小狗', '1', '我晚上要敲代码,白天请假睡觉', '2021-04-09 00:00:00', 1, '522afc77-ba2f-11eb-8452-00ff08753f51', '小狗', '2021-04-30 05:15:11', '', '2021-04-30 05:15:18', NULL, '0');
INSERT INTO `act_leave` VALUES (2, '小狗', '1', '我要上厕所', '2021-04-07 00:00:00', 1, '9b192772-ba32-11eb-8452-00ff08753f51', '小狗', '2021-04-30 05:39:43', '小可爱', '2021-04-30 05:50:31', NULL, '0');
INSERT INTO `act_leave` VALUES (3, '小狗', '1', '请假', '2021-05-13 00:00:00', 1, '098065b0-ba33-11eb-8d3e-00ff08753f51', '小狗', '2021-05-08 04:21:01', '', '2021-05-08 04:21:04', NULL, '0');
INSERT INTO `act_leave` VALUES (4, '小狗', '2', '看看', '2021-05-05 00:00:00', 1, '0a98be51-ba34-11eb-8096-00ff08753f51', '小狗', '2021-05-08 04:48:15', '', '2021-05-08 04:48:20', NULL, '0');
INSERT INTO `act_leave` VALUES (5, '小狗', '1', '请假', '2021-05-05 00:00:00', 1, 'c0c9cbae-ba37-11eb-a656-00ff08753f51', '小狗', '2021-05-11 09:43:59', '', NULL, NULL, '0');
INSERT INTO `act_leave` VALUES (6, '小狗', '1', '请假', '2021-05-05 00:00:00', 1, '6dfd8531-ba3b-11eb-b716-00ff08753f51', '小狗', '2021-05-11 10:29:08', '', NULL, NULL, '0');
INSERT INTO `act_leave` VALUES (7, 'entfrm', '1', '测试', '2021-05-12 00:00:00', 1, '19c181d0-ba3f-11eb-b716-00ff08753f51', 'entfrm', '2021-05-21 22:16:10', '', NULL, NULL, '0');
INSERT INTO `act_leave` VALUES (8, '小狗', '1', '次数', '2021-05-12 00:00:00', 1, '6c06d243-ba48-11eb-a5f7-00ff08753f51', '小狗', '2021-05-21 23:00:43', '', NULL, NULL, '0');
INSERT INTO `act_leave` VALUES (9, '小狗', '2', '123', '2021-05-12 00:00:00', 1, 'd45c1c81-ba48-11eb-a5f7-00ff08753f51', '小狗', '2021-05-21 23:25:34', '', NULL, NULL, '0');
INSERT INTO `act_leave` VALUES (10, 'entfrm', '1', '1234564212', '2021-05-11 00:00:00', 1, '0', 'entfrm', '2021-05-21 23:30:21', '', '2021-05-21 23:30:26', NULL, '1');

-- ----------------------------
-- Table structure for act_procdef_info
-- ----------------------------
DROP TABLE IF EXISTS `act_procdef_info`;
CREATE TABLE `act_procdef_info`  (
  `ID_` varchar(64) CHARACTER SET utf8 COLLATE utf8_bin NOT NULL,
  `PROC_DEF_ID_` varchar(64) CHARACTER SET utf8 COLLATE utf8_bin NOT NULL,
  `REV_` int(11) NULL DEFAULT NULL,
  `INFO_JSON_ID_` varchar(64) CHARACTER SET utf8 COLLATE utf8_bin NULL DEFAULT NULL,
  PRIMARY KEY (`ID_`) USING BTREE,
  UNIQUE INDEX `ACT_UNIQ_INFO_PROCDEF`(`PROC_DEF_ID_`) USING BTREE,
  INDEX `ACT_IDX_INFO_PROCDEF`(`PROC_DEF_ID_`) USING BTREE,
  INDEX `ACT_FK_INFO_JSON_BA`(`INFO_JSON_ID_`) USING BTREE,
  CONSTRAINT `ACT_FK_INFO_JSON_BA` FOREIGN KEY (`INFO_JSON_ID_`) REFERENCES `act_ge_bytearray` (`ID_`) ON DELETE RESTRICT ON UPDATE RESTRICT,
  CONSTRAINT `ACT_FK_INFO_PROCDEF` FOREIGN KEY (`PROC_DEF_ID_`) REFERENCES `act_re_procdef` (`ID_`) ON DELETE RESTRICT ON UPDATE RESTRICT
) ENGINE = InnoDB CHARACTER SET = utf8 COLLATE = utf8_bin ROW_FORMAT = Dynamic;

-- ----------------------------
-- Records of act_procdef_info
-- ----------------------------

-- ----------------------------
-- Table structure for act_re_deployment
-- ----------------------------
DROP TABLE IF EXISTS `act_re_deployment`;
CREATE TABLE `act_re_deployment`  (
  `ID_` varchar(64) CHARACTER SET utf8 COLLATE utf8_bin NOT NULL,
  `NAME_` varchar(255) CHARACTER SET utf8 COLLATE utf8_bin NULL DEFAULT NULL,
  `CATEGORY_` varchar(255) CHARACTER SET utf8 COLLATE utf8_bin NULL DEFAULT NULL,
  `KEY_` varchar(255) CHARACTER SET utf8 COLLATE utf8_bin NULL DEFAULT NULL,
  `TENANT_ID_` varchar(255) CHARACTER SET utf8 COLLATE utf8_bin NULL DEFAULT '',
  `DEPLOY_TIME_` timestamp(3) NULL DEFAULT NULL,
  `DERIVED_FROM_` varchar(64) CHARACTER SET utf8 COLLATE utf8_bin NULL DEFAULT NULL,
  `DERIVED_FROM_ROOT_` varchar(64) CHARACTER SET utf8 COLLATE utf8_bin NULL DEFAULT NULL,
  `PARENT_DEPLOYMENT_ID_` varchar(255) CHARACTER SET utf8 COLLATE utf8_bin NULL DEFAULT NULL,
  `ENGINE_VERSION_` varchar(255) CHARACTER SET utf8 COLLATE utf8_bin NULL DEFAULT NULL,
  PRIMARY KEY (`ID_`) USING BTREE
) ENGINE = InnoDB CHARACTER SET = utf8 COLLATE = utf8_bin ROW_FORMAT = Dynamic;

-- ----------------------------
-- Records of act_re_deployment
-- ----------------------------
INSERT INTO `act_re_deployment` VALUES ('065c4c0c-ba3f-11eb-b716-00ff08753f51', '请假工作流', NULL, 'Leave', '', '2021-05-21 22:15:41.734', NULL, NULL, NULL, NULL);
INSERT INTO `act_re_deployment` VALUES ('b365d26a-ba1b-11eb-b8de-00ff08753f51', '请假工作流', NULL, 'Leave', '', '2021-05-21 18:02:50.161', NULL, NULL, NULL, NULL);

-- ----------------------------
-- Table structure for act_re_model
-- ----------------------------
DROP TABLE IF EXISTS `act_re_model`;
CREATE TABLE `act_re_model`  (
  `ID_` varchar(64) CHARACTER SET utf8 COLLATE utf8_bin NOT NULL,
  `REV_` int(11) NULL DEFAULT NULL,
  `NAME_` varchar(255) CHARACTER SET utf8 COLLATE utf8_bin NULL DEFAULT NULL,
  `KEY_` varchar(255) CHARACTER SET utf8 COLLATE utf8_bin NULL DEFAULT NULL,
  `CATEGORY_` varchar(255) CHARACTER SET utf8 COLLATE utf8_bin NULL DEFAULT NULL,
  `CREATE_TIME_` timestamp(3) NULL DEFAULT NULL,
  `LAST_UPDATE_TIME_` timestamp(3) NULL DEFAULT NULL,
  `VERSION_` int(11) NULL DEFAULT NULL,
  `META_INFO_` varchar(4000) CHARACTER SET utf8 COLLATE utf8_bin NULL DEFAULT NULL,
  `DEPLOYMENT_ID_` varchar(64) CHARACTER SET utf8 COLLATE utf8_bin NULL DEFAULT NULL,
  `EDITOR_SOURCE_VALUE_ID_` varchar(64) CHARACTER SET utf8 COLLATE utf8_bin NULL DEFAULT NULL,
  `EDITOR_SOURCE_EXTRA_VALUE_ID_` varchar(64) CHARACTER SET utf8 COLLATE utf8_bin NULL DEFAULT NULL,
  `TENANT_ID_` varchar(255) CHARACTER SET utf8 COLLATE utf8_bin NULL DEFAULT '',
  PRIMARY KEY (`ID_`) USING BTREE,
  INDEX `ACT_FK_MODEL_SOURCE`(`EDITOR_SOURCE_VALUE_ID_`) USING BTREE,
  INDEX `ACT_FK_MODEL_SOURCE_EXTRA`(`EDITOR_SOURCE_EXTRA_VALUE_ID_`) USING BTREE,
  INDEX `ACT_FK_MODEL_DEPLOYMENT`(`DEPLOYMENT_ID_`) USING BTREE,
  CONSTRAINT `ACT_FK_MODEL_DEPLOYMENT` FOREIGN KEY (`DEPLOYMENT_ID_`) REFERENCES `act_re_deployment` (`ID_`) ON DELETE RESTRICT ON UPDATE RESTRICT,
  CONSTRAINT `ACT_FK_MODEL_SOURCE` FOREIGN KEY (`EDITOR_SOURCE_VALUE_ID_`) REFERENCES `act_ge_bytearray` (`ID_`) ON DELETE RESTRICT ON UPDATE RESTRICT,
  CONSTRAINT `ACT_FK_MODEL_SOURCE_EXTRA` FOREIGN KEY (`EDITOR_SOURCE_EXTRA_VALUE_ID_`) REFERENCES `act_ge_bytearray` (`ID_`) ON DELETE RESTRICT ON UPDATE RESTRICT
) ENGINE = InnoDB CHARACTER SET = utf8 COLLATE = utf8_bin ROW_FORMAT = Dynamic;

-- ----------------------------
-- Records of act_re_model
-- ----------------------------
INSERT INTO `act_re_model` VALUES ('f7518d24-ba0d-11eb-ba55-00ff08753f51', 5, '请假工作流', 'Leave', 'office', '2021-05-21 16:24:31.159', '2021-05-21 22:15:35.973', 1, '{\"name\":\"请假工作流\",\"revision\":1,\"description\":\"请假流模型\"}', NULL, 'f76c1a05-ba0d-11eb-ba55-00ff08753f51', '23b097d3-ba14-11eb-ad90-00ff08753f51', '');

-- ----------------------------
-- Table structure for act_re_procdef
-- ----------------------------
DROP TABLE IF EXISTS `act_re_procdef`;
CREATE TABLE `act_re_procdef`  (
  `ID_` varchar(64) CHARACTER SET utf8 COLLATE utf8_bin NOT NULL,
  `REV_` int(11) NULL DEFAULT NULL,
  `CATEGORY_` varchar(255) CHARACTER SET utf8 COLLATE utf8_bin NULL DEFAULT NULL,
  `NAME_` varchar(255) CHARACTER SET utf8 COLLATE utf8_bin NULL DEFAULT NULL,
  `KEY_` varchar(255) CHARACTER SET utf8 COLLATE utf8_bin NOT NULL,
  `VERSION_` int(11) NOT NULL,
  `DEPLOYMENT_ID_` varchar(64) CHARACTER SET utf8 COLLATE utf8_bin NULL DEFAULT NULL,
  `RESOURCE_NAME_` varchar(4000) CHARACTER SET utf8 COLLATE utf8_bin NULL DEFAULT NULL,
  `DGRM_RESOURCE_NAME_` varchar(4000) CHARACTER SET utf8 COLLATE utf8_bin NULL DEFAULT NULL,
  `DESCRIPTION_` varchar(4000) CHARACTER SET utf8 COLLATE utf8_bin NULL DEFAULT NULL,
  `HAS_START_FORM_KEY_` tinyint(4) NULL DEFAULT NULL,
  `HAS_GRAPHICAL_NOTATION_` tinyint(4) NULL DEFAULT NULL,
  `SUSPENSION_STATE_` int(11) NULL DEFAULT NULL,
  `TENANT_ID_` varchar(255) CHARACTER SET utf8 COLLATE utf8_bin NULL DEFAULT '',
  `ENGINE_VERSION_` varchar(255) CHARACTER SET utf8 COLLATE utf8_bin NULL DEFAULT NULL,
  `DERIVED_FROM_` varchar(64) CHARACTER SET utf8 COLLATE utf8_bin NULL DEFAULT NULL,
  `DERIVED_FROM_ROOT_` varchar(64) CHARACTER SET utf8 COLLATE utf8_bin NULL DEFAULT NULL,
  `DERIVED_VERSION_` int(11) NOT NULL DEFAULT 0,
  PRIMARY KEY (`ID_`) USING BTREE,
  UNIQUE INDEX `ACT_UNIQ_PROCDEF`(`KEY_`, `VERSION_`, `DERIVED_VERSION_`, `TENANT_ID_`) USING BTREE
) ENGINE = InnoDB CHARACTER SET = utf8 COLLATE = utf8_bin ROW_FORMAT = Dynamic;

-- ----------------------------
-- Records of act_re_procdef
-- ----------------------------
INSERT INTO `act_re_procdef` VALUES ('Leave:1:b3dadb5d-ba1b-11eb-b8de-00ff08753f51', 2, 'office', '请假工作流', 'Leave', 1, 'b365d26a-ba1b-11eb-b8de-00ff08753f51', '请假工作流.bpmn20.xml', '请假工作流.Leave.png', NULL, 0, 1, 1, '', NULL, NULL, NULL, 0);
INSERT INTO `act_re_procdef` VALUES ('Leave:2:08c5f90f-ba3f-11eb-b716-00ff08753f51', 2, 'office', '请假工作流', 'Leave', 2, '065c4c0c-ba3f-11eb-b716-00ff08753f51', '请假工作流.bpmn20.xml', '请假工作流.Leave.png', NULL, 0, 1, 1, '', NULL, NULL, NULL, 0);

-- ----------------------------
-- Table structure for act_ru_actinst
-- ----------------------------
DROP TABLE IF EXISTS `act_ru_actinst`;
CREATE TABLE `act_ru_actinst`  (
  `ID_` varchar(64) CHARACTER SET utf8 COLLATE utf8_bin NOT NULL,
  `REV_` int(11) NULL DEFAULT 1,
  `PROC_DEF_ID_` varchar(64) CHARACTER SET utf8 COLLATE utf8_bin NOT NULL,
  `PROC_INST_ID_` varchar(64) CHARACTER SET utf8 COLLATE utf8_bin NOT NULL,
  `EXECUTION_ID_` varchar(64) CHARACTER SET utf8 COLLATE utf8_bin NOT NULL,
  `ACT_ID_` varchar(255) CHARACTER SET utf8 COLLATE utf8_bin NOT NULL,
  `TASK_ID_` varchar(64) CHARACTER SET utf8 COLLATE utf8_bin NULL DEFAULT NULL,
  `CALL_PROC_INST_ID_` varchar(64) CHARACTER SET utf8 COLLATE utf8_bin NULL DEFAULT NULL,
  `ACT_NAME_` varchar(255) CHARACTER SET utf8 COLLATE utf8_bin NULL DEFAULT NULL,
  `ACT_TYPE_` varchar(255) CHARACTER SET utf8 COLLATE utf8_bin NOT NULL,
  `ASSIGNEE_` varchar(255) CHARACTER SET utf8 COLLATE utf8_bin NULL DEFAULT NULL,
  `START_TIME_` datetime(3) NOT NULL,
  `END_TIME_` datetime(3) NULL DEFAULT NULL,
  `DURATION_` bigint(20) NULL DEFAULT NULL,
  `DELETE_REASON_` varchar(4000) CHARACTER SET utf8 COLLATE utf8_bin NULL DEFAULT NULL,
  `TENANT_ID_` varchar(255) CHARACTER SET utf8 COLLATE utf8_bin NULL DEFAULT '',
  PRIMARY KEY (`ID_`) USING BTREE,
  INDEX `ACT_IDX_RU_ACTI_START`(`START_TIME_`) USING BTREE,
  INDEX `ACT_IDX_RU_ACTI_END`(`END_TIME_`) USING BTREE,
  INDEX `ACT_IDX_RU_ACTI_PROC`(`PROC_INST_ID_`) USING BTREE,
  INDEX `ACT_IDX_RU_ACTI_PROC_ACT`(`PROC_INST_ID_`, `ACT_ID_`) USING BTREE,
  INDEX `ACT_IDX_RU_ACTI_EXEC`(`EXECUTION_ID_`) USING BTREE,
  INDEX `ACT_IDX_RU_ACTI_EXEC_ACT`(`EXECUTION_ID_`, `ACT_ID_`) USING BTREE
) ENGINE = InnoDB CHARACTER SET = utf8 COLLATE = utf8_bin ROW_FORMAT = Dynamic;

-- ----------------------------
-- Records of act_ru_actinst
-- ----------------------------
INSERT INTO `act_ru_actinst` VALUES ('09845d55-ba33-11eb-8d3e-00ff08753f51', 1, 'Leave:1:b3dadb5d-ba1b-11eb-b8de-00ff08753f51', '098065b0-ba33-11eb-8d3e-00ff08753f51', '09843644-ba33-11eb-8d3e-00ff08753f51', 'sid-26EFEE94-8062-446B-B4C2-E5AA91E15120', NULL, NULL, NULL, 'startEvent', NULL, '2021-05-21 20:49:53.070', '2021-05-21 20:49:53.086', 16, NULL, '');
INSERT INTO `act_ru_actinst` VALUES ('098806d6-ba33-11eb-8d3e-00ff08753f51', 1, 'Leave:1:b3dadb5d-ba1b-11eb-b8de-00ff08753f51', '098065b0-ba33-11eb-8d3e-00ff08753f51', '09843644-ba33-11eb-8d3e-00ff08753f51', 'sid-5E1E027D-620D-4C90-AEFF-DC1A986E6991', NULL, NULL, NULL, 'sequenceFlow', NULL, '2021-05-21 20:49:53.094', '2021-05-21 20:49:53.094', 0, NULL, '');
INSERT INTO `act_ru_actinst` VALUES ('098806d7-ba33-11eb-8d3e-00ff08753f51', 1, 'Leave:1:b3dadb5d-ba1b-11eb-b8de-00ff08753f51', '098065b0-ba33-11eb-8d3e-00ff08753f51', '09843644-ba33-11eb-8d3e-00ff08753f51', 'sid-319D25F3-5CA4-4F9B-BCC6-D4F6EE578E8B', '0992b538-ba33-11eb-8d3e-00ff08753f51', NULL, '小狗审批', 'userTask', '小狗', '2021-05-21 20:49:53.094', NULL, NULL, NULL, '');
INSERT INTO `act_ru_actinst` VALUES ('0a9d5236-ba34-11eb-8096-00ff08753f51', 1, 'Leave:1:b3dadb5d-ba1b-11eb-b8de-00ff08753f51', '0a98be51-ba34-11eb-8096-00ff08753f51', '0a9d5235-ba34-11eb-8096-00ff08753f51', 'sid-26EFEE94-8062-446B-B4C2-E5AA91E15120', NULL, NULL, NULL, 'startEvent', NULL, '2021-05-21 20:57:04.408', '2021-05-21 20:57:04.419', 11, NULL, '');
INSERT INTO `act_ru_actinst` VALUES ('0aa01157-ba34-11eb-8096-00ff08753f51', 1, 'Leave:1:b3dadb5d-ba1b-11eb-b8de-00ff08753f51', '0a98be51-ba34-11eb-8096-00ff08753f51', '0a9d5235-ba34-11eb-8096-00ff08753f51', 'sid-5E1E027D-620D-4C90-AEFF-DC1A986E6991', NULL, NULL, NULL, 'sequenceFlow', NULL, '2021-05-21 20:57:04.426', '2021-05-21 20:57:04.426', 0, NULL, '');
INSERT INTO `act_ru_actinst` VALUES ('0aa01158-ba34-11eb-8096-00ff08753f51', 1, 'Leave:1:b3dadb5d-ba1b-11eb-b8de-00ff08753f51', '0a98be51-ba34-11eb-8096-00ff08753f51', '0a9d5235-ba34-11eb-8096-00ff08753f51', 'sid-319D25F3-5CA4-4F9B-BCC6-D4F6EE578E8B', '0aa96029-ba34-11eb-8096-00ff08753f51', NULL, '小狗审批', 'userTask', '小狗', '2021-05-21 20:57:04.426', NULL, NULL, NULL, '');
INSERT INTO `act_ru_actinst` VALUES ('3b3af241-ba2f-11eb-8452-00ff08753f51', 1, 'Leave:1:b3dadb5d-ba1b-11eb-b8de-00ff08753f51', '3b3aa41c-ba2f-11eb-8452-00ff08753f51', '3b3af240-ba2f-11eb-8452-00ff08753f51', 'sid-26EFEE94-8062-446B-B4C2-E5AA91E15120', NULL, NULL, NULL, 'startEvent', NULL, '2021-05-21 20:22:38.488', '2021-05-21 20:22:38.489', 1, NULL, '');
INSERT INTO `act_ru_actinst` VALUES ('3b3b1952-ba2f-11eb-8452-00ff08753f51', 1, 'Leave:1:b3dadb5d-ba1b-11eb-b8de-00ff08753f51', '3b3aa41c-ba2f-11eb-8452-00ff08753f51', '3b3af240-ba2f-11eb-8452-00ff08753f51', 'sid-5E1E027D-620D-4C90-AEFF-DC1A986E6991', NULL, NULL, NULL, 'sequenceFlow', NULL, '2021-05-21 20:22:38.489', '2021-05-21 20:22:38.489', 0, NULL, '');
INSERT INTO `act_ru_actinst` VALUES ('3b3b1953-ba2f-11eb-8452-00ff08753f51', 1, 'Leave:1:b3dadb5d-ba1b-11eb-b8de-00ff08753f51', '3b3aa41c-ba2f-11eb-8452-00ff08753f51', '3b3af240-ba2f-11eb-8452-00ff08753f51', 'sid-319D25F3-5CA4-4F9B-BCC6-D4F6EE578E8B', '3b3b4064-ba2f-11eb-8452-00ff08753f51', NULL, '小狗审批', 'userTask', '小狗', '2021-05-21 20:22:38.489', NULL, NULL, NULL, '');
INSERT INTO `act_ru_actinst` VALUES ('3f789140-ba2e-11eb-8452-00ff08753f51', 1, 'Leave:1:b3dadb5d-ba1b-11eb-b8de-00ff08753f51', '3f78913b-ba2e-11eb-8452-00ff08753f51', '3f78913f-ba2e-11eb-8452-00ff08753f51', 'sid-26EFEE94-8062-446B-B4C2-E5AA91E15120', NULL, NULL, NULL, 'startEvent', NULL, '2021-05-21 20:15:36.106', '2021-05-21 20:15:36.106', 0, NULL, '');
INSERT INTO `act_ru_actinst` VALUES ('3f78b851-ba2e-11eb-8452-00ff08753f51', 1, 'Leave:1:b3dadb5d-ba1b-11eb-b8de-00ff08753f51', '3f78913b-ba2e-11eb-8452-00ff08753f51', '3f78913f-ba2e-11eb-8452-00ff08753f51', 'sid-5E1E027D-620D-4C90-AEFF-DC1A986E6991', NULL, NULL, NULL, 'sequenceFlow', NULL, '2021-05-21 20:15:36.107', '2021-05-21 20:15:36.107', 0, NULL, '');
INSERT INTO `act_ru_actinst` VALUES ('3f78b852-ba2e-11eb-8452-00ff08753f51', 1, 'Leave:1:b3dadb5d-ba1b-11eb-b8de-00ff08753f51', '3f78913b-ba2e-11eb-8452-00ff08753f51', '3f78913f-ba2e-11eb-8452-00ff08753f51', 'sid-319D25F3-5CA4-4F9B-BCC6-D4F6EE578E8B', '3f78b853-ba2e-11eb-8452-00ff08753f51', NULL, '小狗审批', 'userTask', '小狗', '2021-05-21 20:15:36.107', NULL, NULL, NULL, '');
INSERT INTO `act_ru_actinst` VALUES ('522afc7c-ba2f-11eb-8452-00ff08753f51', 1, 'Leave:1:b3dadb5d-ba1b-11eb-b8de-00ff08753f51', '522afc77-ba2f-11eb-8452-00ff08753f51', '522afc7b-ba2f-11eb-8452-00ff08753f51', 'sid-26EFEE94-8062-446B-B4C2-E5AA91E15120', NULL, NULL, NULL, 'startEvent', NULL, '2021-05-21 20:23:16.971', '2021-05-21 20:23:16.971', 0, NULL, '');
INSERT INTO `act_ru_actinst` VALUES ('522afc7d-ba2f-11eb-8452-00ff08753f51', 1, 'Leave:1:b3dadb5d-ba1b-11eb-b8de-00ff08753f51', '522afc77-ba2f-11eb-8452-00ff08753f51', '522afc7b-ba2f-11eb-8452-00ff08753f51', 'sid-5E1E027D-620D-4C90-AEFF-DC1A986E6991', NULL, NULL, NULL, 'sequenceFlow', NULL, '2021-05-21 20:23:16.972', '2021-05-21 20:23:16.972', 0, NULL, '');
INSERT INTO `act_ru_actinst` VALUES ('522b238e-ba2f-11eb-8452-00ff08753f51', 1, 'Leave:1:b3dadb5d-ba1b-11eb-b8de-00ff08753f51', '522afc77-ba2f-11eb-8452-00ff08753f51', '522afc7b-ba2f-11eb-8452-00ff08753f51', 'sid-319D25F3-5CA4-4F9B-BCC6-D4F6EE578E8B', '522b238f-ba2f-11eb-8452-00ff08753f51', NULL, '小狗审批', 'userTask', '小狗', '2021-05-21 20:23:16.972', NULL, NULL, NULL, '');
INSERT INTO `act_ru_actinst` VALUES ('6e009276-ba3b-11eb-b716-00ff08753f51', 1, 'Leave:1:b3dadb5d-ba1b-11eb-b8de-00ff08753f51', '6dfd8531-ba3b-11eb-b716-00ff08753f51', '6e009275-ba3b-11eb-b716-00ff08753f51', 'sid-26EFEE94-8062-446B-B4C2-E5AA91E15120', NULL, NULL, NULL, 'startEvent', NULL, '2021-05-21 21:49:57.631', '2021-05-21 21:49:57.644', 13, NULL, '');
INSERT INTO `act_ru_actinst` VALUES ('6e03c6c7-ba3b-11eb-b716-00ff08753f51', 1, 'Leave:1:b3dadb5d-ba1b-11eb-b8de-00ff08753f51', '6dfd8531-ba3b-11eb-b716-00ff08753f51', '6e009275-ba3b-11eb-b716-00ff08753f51', 'sid-5E1E027D-620D-4C90-AEFF-DC1A986E6991', NULL, NULL, NULL, 'sequenceFlow', NULL, '2021-05-21 21:49:57.651', '2021-05-21 21:49:57.651', 0, NULL, '');
INSERT INTO `act_ru_actinst` VALUES ('6e03c6c8-ba3b-11eb-b716-00ff08753f51', 1, 'Leave:1:b3dadb5d-ba1b-11eb-b8de-00ff08753f51', '6dfd8531-ba3b-11eb-b716-00ff08753f51', '6e009275-ba3b-11eb-b716-00ff08753f51', 'sid-319D25F3-5CA4-4F9B-BCC6-D4F6EE578E8B', '6e0e9c39-ba3b-11eb-b716-00ff08753f51', NULL, '小狗审批', 'userTask', '小狗', '2021-05-21 21:49:57.651', NULL, NULL, NULL, '');
INSERT INTO `act_ru_actinst` VALUES ('92e1de9b-ba2e-11eb-8452-00ff08753f51', 1, 'Leave:1:b3dadb5d-ba1b-11eb-b8de-00ff08753f51', '92dfe2c6-ba2e-11eb-8452-00ff08753f51', '92e1de9a-ba2e-11eb-8452-00ff08753f51', 'sid-26EFEE94-8062-446B-B4C2-E5AA91E15120', NULL, NULL, NULL, 'startEvent', NULL, '2021-05-21 20:17:56.047', '2021-05-21 20:17:56.048', 1, NULL, '');
INSERT INTO `act_ru_actinst` VALUES ('92e205ac-ba2e-11eb-8452-00ff08753f51', 1, 'Leave:1:b3dadb5d-ba1b-11eb-b8de-00ff08753f51', '92dfe2c6-ba2e-11eb-8452-00ff08753f51', '92e1de9a-ba2e-11eb-8452-00ff08753f51', 'sid-5E1E027D-620D-4C90-AEFF-DC1A986E6991', NULL, NULL, NULL, 'sequenceFlow', NULL, '2021-05-21 20:17:56.048', '2021-05-21 20:17:56.048', 0, NULL, '');
INSERT INTO `act_ru_actinst` VALUES ('92e22cbd-ba2e-11eb-8452-00ff08753f51', 1, 'Leave:1:b3dadb5d-ba1b-11eb-b8de-00ff08753f51', '92dfe2c6-ba2e-11eb-8452-00ff08753f51', '92e1de9a-ba2e-11eb-8452-00ff08753f51', 'sid-319D25F3-5CA4-4F9B-BCC6-D4F6EE578E8B', '92e22cbe-ba2e-11eb-8452-00ff08753f51', NULL, '小狗审批', 'userTask', '小狗', '2021-05-21 20:17:56.049', NULL, NULL, NULL, '');
INSERT INTO `act_ru_actinst` VALUES ('9b199ca7-ba32-11eb-8452-00ff08753f51', 1, 'Leave:1:b3dadb5d-ba1b-11eb-b8de-00ff08753f51', '9b192772-ba32-11eb-8452-00ff08753f51', '9b199ca6-ba32-11eb-8452-00ff08753f51', 'sid-26EFEE94-8062-446B-B4C2-E5AA91E15120', NULL, NULL, NULL, 'startEvent', NULL, '2021-05-21 20:46:47.821', '2021-05-21 20:46:47.821', 0, NULL, '');
INSERT INTO `act_ru_actinst` VALUES ('9b199ca8-ba32-11eb-8452-00ff08753f51', 1, 'Leave:1:b3dadb5d-ba1b-11eb-b8de-00ff08753f51', '9b192772-ba32-11eb-8452-00ff08753f51', '9b199ca6-ba32-11eb-8452-00ff08753f51', 'sid-5E1E027D-620D-4C90-AEFF-DC1A986E6991', NULL, NULL, NULL, 'sequenceFlow', NULL, '2021-05-21 20:46:47.821', '2021-05-21 20:46:47.821', 0, NULL, '');
INSERT INTO `act_ru_actinst` VALUES ('9b19c3b9-ba32-11eb-8452-00ff08753f51', 1, 'Leave:1:b3dadb5d-ba1b-11eb-b8de-00ff08753f51', '9b192772-ba32-11eb-8452-00ff08753f51', '9b199ca6-ba32-11eb-8452-00ff08753f51', 'sid-319D25F3-5CA4-4F9B-BCC6-D4F6EE578E8B', '9b19eaca-ba32-11eb-8452-00ff08753f51', NULL, '小狗审批', 'userTask', '小狗', '2021-05-21 20:46:47.822', NULL, NULL, NULL, '');
INSERT INTO `act_ru_actinst` VALUES ('c0ccb1e3-ba37-11eb-a656-00ff08753f51', 1, 'Leave:1:b3dadb5d-ba1b-11eb-b8de-00ff08753f51', 'c0c9cbae-ba37-11eb-a656-00ff08753f51', 'c0ccb1e2-ba37-11eb-a656-00ff08753f51', 'sid-26EFEE94-8062-446B-B4C2-E5AA91E15120', NULL, NULL, NULL, 'startEvent', NULL, '2021-05-21 21:23:38.554', '2021-05-21 21:23:38.564', 10, NULL, '');
INSERT INTO `act_ru_actinst` VALUES ('c0cf22e4-ba37-11eb-a656-00ff08753f51', 1, 'Leave:1:b3dadb5d-ba1b-11eb-b8de-00ff08753f51', 'c0c9cbae-ba37-11eb-a656-00ff08753f51', 'c0ccb1e2-ba37-11eb-a656-00ff08753f51', 'sid-5E1E027D-620D-4C90-AEFF-DC1A986E6991', NULL, NULL, NULL, 'sequenceFlow', NULL, '2021-05-21 21:23:38.570', '2021-05-21 21:23:38.570', 0, NULL, '');
INSERT INTO `act_ru_actinst` VALUES ('c0cf22e5-ba37-11eb-a656-00ff08753f51', 1, 'Leave:1:b3dadb5d-ba1b-11eb-b8de-00ff08753f51', 'c0c9cbae-ba37-11eb-a656-00ff08753f51', 'c0ccb1e2-ba37-11eb-a656-00ff08753f51', 'sid-319D25F3-5CA4-4F9B-BCC6-D4F6EE578E8B', 'c0d76046-ba37-11eb-a656-00ff08753f51', NULL, '小狗审批', 'userTask', '小狗', '2021-05-21 21:23:38.570', NULL, NULL, NULL, '');
INSERT INTO `act_ru_actinst` VALUES ('ec178bf6-ba2e-11eb-8452-00ff08753f51', 1, 'Leave:1:b3dadb5d-ba1b-11eb-b8de-00ff08753f51', 'ec1764e1-ba2e-11eb-8452-00ff08753f51', 'ec178bf5-ba2e-11eb-8452-00ff08753f51', 'sid-26EFEE94-8062-446B-B4C2-E5AA91E15120', NULL, NULL, NULL, 'startEvent', NULL, '2021-05-21 20:20:25.716', '2021-05-21 20:20:25.718', 2, NULL, '');
INSERT INTO `act_ru_actinst` VALUES ('ec17da17-ba2e-11eb-8452-00ff08753f51', 1, 'Leave:1:b3dadb5d-ba1b-11eb-b8de-00ff08753f51', 'ec1764e1-ba2e-11eb-8452-00ff08753f51', 'ec178bf5-ba2e-11eb-8452-00ff08753f51', 'sid-5E1E027D-620D-4C90-AEFF-DC1A986E6991', NULL, NULL, NULL, 'sequenceFlow', NULL, '2021-05-21 20:20:25.718', '2021-05-21 20:20:25.718', 0, NULL, '');
INSERT INTO `act_ru_actinst` VALUES ('ec180128-ba2e-11eb-8452-00ff08753f51', 1, 'Leave:1:b3dadb5d-ba1b-11eb-b8de-00ff08753f51', 'ec1764e1-ba2e-11eb-8452-00ff08753f51', 'ec178bf5-ba2e-11eb-8452-00ff08753f51', 'sid-319D25F3-5CA4-4F9B-BCC6-D4F6EE578E8B', 'ec180129-ba2e-11eb-8452-00ff08753f51', NULL, '小狗审批', 'userTask', '小狗', '2021-05-21 20:20:25.719', NULL, NULL, NULL, '');
INSERT INTO `act_ru_actinst` VALUES ('f8196355-ba2d-11eb-8452-00ff08753f51', 1, 'Leave:1:b3dadb5d-ba1b-11eb-b8de-00ff08753f51', 'f81544a0-ba2d-11eb-8452-00ff08753f51', 'f8196354-ba2d-11eb-8452-00ff08753f51', 'sid-26EFEE94-8062-446B-B4C2-E5AA91E15120', NULL, NULL, NULL, 'startEvent', NULL, '2021-05-21 20:13:36.364', '2021-05-21 20:13:36.379', 15, NULL, '');
INSERT INTO `act_ru_actinst` VALUES ('f81ce5c6-ba2d-11eb-8452-00ff08753f51', 1, 'Leave:1:b3dadb5d-ba1b-11eb-b8de-00ff08753f51', 'f81544a0-ba2d-11eb-8452-00ff08753f51', 'f8196354-ba2d-11eb-8452-00ff08753f51', 'sid-5E1E027D-620D-4C90-AEFF-DC1A986E6991', NULL, NULL, NULL, 'sequenceFlow', NULL, '2021-05-21 20:13:36.387', '2021-05-21 20:13:36.387', 0, NULL, '');
INSERT INTO `act_ru_actinst` VALUES ('f81ce5c7-ba2d-11eb-8452-00ff08753f51', 1, 'Leave:1:b3dadb5d-ba1b-11eb-b8de-00ff08753f51', 'f81544a0-ba2d-11eb-8452-00ff08753f51', 'f8196354-ba2d-11eb-8452-00ff08753f51', 'sid-319D25F3-5CA4-4F9B-BCC6-D4F6EE578E8B', 'f827e248-ba2d-11eb-8452-00ff08753f51', NULL, '小狗审批', 'userTask', '小狗', '2021-05-21 20:13:36.387', NULL, NULL, NULL, '');

-- ----------------------------
-- Table structure for act_ru_deadletter_job
-- ----------------------------
DROP TABLE IF EXISTS `act_ru_deadletter_job`;
CREATE TABLE `act_ru_deadletter_job`  (
  `ID_` varchar(64) CHARACTER SET utf8 COLLATE utf8_bin NOT NULL,
  `REV_` int(11) NULL DEFAULT NULL,
  `TYPE_` varchar(255) CHARACTER SET utf8 COLLATE utf8_bin NOT NULL,
  `EXCLUSIVE_` tinyint(1) NULL DEFAULT NULL,
  `EXECUTION_ID_` varchar(64) CHARACTER SET utf8 COLLATE utf8_bin NULL DEFAULT NULL,
  `PROCESS_INSTANCE_ID_` varchar(64) CHARACTER SET utf8 COLLATE utf8_bin NULL DEFAULT NULL,
  `PROC_DEF_ID_` varchar(64) CHARACTER SET utf8 COLLATE utf8_bin NULL DEFAULT NULL,
  `ELEMENT_ID_` varchar(255) CHARACTER SET utf8 COLLATE utf8_bin NULL DEFAULT NULL,
  `ELEMENT_NAME_` varchar(255) CHARACTER SET utf8 COLLATE utf8_bin NULL DEFAULT NULL,
  `SCOPE_ID_` varchar(255) CHARACTER SET utf8 COLLATE utf8_bin NULL DEFAULT NULL,
  `SUB_SCOPE_ID_` varchar(255) CHARACTER SET utf8 COLLATE utf8_bin NULL DEFAULT NULL,
  `SCOPE_TYPE_` varchar(255) CHARACTER SET utf8 COLLATE utf8_bin NULL DEFAULT NULL,
  `SCOPE_DEFINITION_ID_` varchar(255) CHARACTER SET utf8 COLLATE utf8_bin NULL DEFAULT NULL,
  `EXCEPTION_STACK_ID_` varchar(64) CHARACTER SET utf8 COLLATE utf8_bin NULL DEFAULT NULL,
  `EXCEPTION_MSG_` varchar(4000) CHARACTER SET utf8 COLLATE utf8_bin NULL DEFAULT NULL,
  `DUEDATE_` timestamp(3) NULL DEFAULT NULL,
  `REPEAT_` varchar(255) CHARACTER SET utf8 COLLATE utf8_bin NULL DEFAULT NULL,
  `HANDLER_TYPE_` varchar(255) CHARACTER SET utf8 COLLATE utf8_bin NULL DEFAULT NULL,
  `HANDLER_CFG_` varchar(4000) CHARACTER SET utf8 COLLATE utf8_bin NULL DEFAULT NULL,
  `CUSTOM_VALUES_ID_` varchar(64) CHARACTER SET utf8 COLLATE utf8_bin NULL DEFAULT NULL,
  `CREATE_TIME_` timestamp(3) NULL DEFAULT NULL,
  `TENANT_ID_` varchar(255) CHARACTER SET utf8 COLLATE utf8_bin NULL DEFAULT '',
  PRIMARY KEY (`ID_`) USING BTREE,
  INDEX `ACT_IDX_DEADLETTER_JOB_EXCEPTION_STACK_ID`(`EXCEPTION_STACK_ID_`) USING BTREE,
  INDEX `ACT_IDX_DEADLETTER_JOB_CUSTOM_VALUES_ID`(`CUSTOM_VALUES_ID_`) USING BTREE,
  INDEX `ACT_IDX_DJOB_SCOPE`(`SCOPE_ID_`, `SCOPE_TYPE_`) USING BTREE,
  INDEX `ACT_IDX_DJOB_SUB_SCOPE`(`SUB_SCOPE_ID_`, `SCOPE_TYPE_`) USING BTREE,
  INDEX `ACT_IDX_DJOB_SCOPE_DEF`(`SCOPE_DEFINITION_ID_`, `SCOPE_TYPE_`) USING BTREE,
  INDEX `ACT_FK_DEADLETTER_JOB_EXECUTION`(`EXECUTION_ID_`) USING BTREE,
  INDEX `ACT_FK_DEADLETTER_JOB_PROCESS_INSTANCE`(`PROCESS_INSTANCE_ID_`) USING BTREE,
  INDEX `ACT_FK_DEADLETTER_JOB_PROC_DEF`(`PROC_DEF_ID_`) USING BTREE,
  CONSTRAINT `ACT_FK_DEADLETTER_JOB_CUSTOM_VALUES` FOREIGN KEY (`CUSTOM_VALUES_ID_`) REFERENCES `act_ge_bytearray` (`ID_`) ON DELETE RESTRICT ON UPDATE RESTRICT,
  CONSTRAINT `ACT_FK_DEADLETTER_JOB_EXCEPTION` FOREIGN KEY (`EXCEPTION_STACK_ID_`) REFERENCES `act_ge_bytearray` (`ID_`) ON DELETE RESTRICT ON UPDATE RESTRICT,
  CONSTRAINT `ACT_FK_DEADLETTER_JOB_EXECUTION` FOREIGN KEY (`EXECUTION_ID_`) REFERENCES `act_ru_execution` (`ID_`) ON DELETE RESTRICT ON UPDATE RESTRICT,
  CONSTRAINT `ACT_FK_DEADLETTER_JOB_PROCESS_INSTANCE` FOREIGN KEY (`PROCESS_INSTANCE_ID_`) REFERENCES `act_ru_execution` (`ID_`) ON DELETE RESTRICT ON UPDATE RESTRICT,
  CONSTRAINT `ACT_FK_DEADLETTER_JOB_PROC_DEF` FOREIGN KEY (`PROC_DEF_ID_`) REFERENCES `act_re_procdef` (`ID_`) ON DELETE RESTRICT ON UPDATE RESTRICT
) ENGINE = InnoDB CHARACTER SET = utf8 COLLATE = utf8_bin ROW_FORMAT = Dynamic;

-- ----------------------------
-- Records of act_ru_deadletter_job
-- ----------------------------

-- ----------------------------
-- Table structure for act_ru_entitylink
-- ----------------------------
DROP TABLE IF EXISTS `act_ru_entitylink`;
CREATE TABLE `act_ru_entitylink`  (
  `ID_` varchar(64) CHARACTER SET utf8 COLLATE utf8_bin NOT NULL,
  `REV_` int(11) NULL DEFAULT NULL,
  `CREATE_TIME_` datetime(3) NULL DEFAULT NULL,
  `LINK_TYPE_` varchar(255) CHARACTER SET utf8 COLLATE utf8_bin NULL DEFAULT NULL,
  `SCOPE_ID_` varchar(255) CHARACTER SET utf8 COLLATE utf8_bin NULL DEFAULT NULL,
  `SCOPE_TYPE_` varchar(255) CHARACTER SET utf8 COLLATE utf8_bin NULL DEFAULT NULL,
  `SCOPE_DEFINITION_ID_` varchar(255) CHARACTER SET utf8 COLLATE utf8_bin NULL DEFAULT NULL,
  `REF_SCOPE_ID_` varchar(255) CHARACTER SET utf8 COLLATE utf8_bin NULL DEFAULT NULL,
  `REF_SCOPE_TYPE_` varchar(255) CHARACTER SET utf8 COLLATE utf8_bin NULL DEFAULT NULL,
  `REF_SCOPE_DEFINITION_ID_` varchar(255) CHARACTER SET utf8 COLLATE utf8_bin NULL DEFAULT NULL,
  `HIERARCHY_TYPE_` varchar(255) CHARACTER SET utf8 COLLATE utf8_bin NULL DEFAULT NULL,
  PRIMARY KEY (`ID_`) USING BTREE,
  INDEX `ACT_IDX_ENT_LNK_SCOPE`(`SCOPE_ID_`, `SCOPE_TYPE_`, `LINK_TYPE_`) USING BTREE,
  INDEX `ACT_IDX_ENT_LNK_SCOPE_DEF`(`SCOPE_DEFINITION_ID_`, `SCOPE_TYPE_`, `LINK_TYPE_`) USING BTREE
) ENGINE = InnoDB CHARACTER SET = utf8 COLLATE = utf8_bin ROW_FORMAT = Dynamic;

-- ----------------------------
-- Records of act_ru_entitylink
-- ----------------------------

-- ----------------------------
-- Table structure for act_ru_event_subscr
-- ----------------------------
DROP TABLE IF EXISTS `act_ru_event_subscr`;
CREATE TABLE `act_ru_event_subscr`  (
  `ID_` varchar(64) CHARACTER SET utf8 COLLATE utf8_bin NOT NULL,
  `REV_` int(11) NULL DEFAULT NULL,
  `EVENT_TYPE_` varchar(255) CHARACTER SET utf8 COLLATE utf8_bin NOT NULL,
  `EVENT_NAME_` varchar(255) CHARACTER SET utf8 COLLATE utf8_bin NULL DEFAULT NULL,
  `EXECUTION_ID_` varchar(64) CHARACTER SET utf8 COLLATE utf8_bin NULL DEFAULT NULL,
  `PROC_INST_ID_` varchar(64) CHARACTER SET utf8 COLLATE utf8_bin NULL DEFAULT NULL,
  `ACTIVITY_ID_` varchar(64) CHARACTER SET utf8 COLLATE utf8_bin NULL DEFAULT NULL,
  `CONFIGURATION_` varchar(255) CHARACTER SET utf8 COLLATE utf8_bin NULL DEFAULT NULL,
  `CREATED_` timestamp(3) NOT NULL DEFAULT CURRENT_TIMESTAMP(3),
  `PROC_DEF_ID_` varchar(64) CHARACTER SET utf8 COLLATE utf8_bin NULL DEFAULT NULL,
  `SUB_SCOPE_ID_` varchar(64) CHARACTER SET utf8 COLLATE utf8_bin NULL DEFAULT NULL,
  `SCOPE_ID_` varchar(64) CHARACTER SET utf8 COLLATE utf8_bin NULL DEFAULT NULL,
  `SCOPE_DEFINITION_ID_` varchar(64) CHARACTER SET utf8 COLLATE utf8_bin NULL DEFAULT NULL,
  `SCOPE_TYPE_` varchar(64) CHARACTER SET utf8 COLLATE utf8_bin NULL DEFAULT NULL,
  `TENANT_ID_` varchar(255) CHARACTER SET utf8 COLLATE utf8_bin NULL DEFAULT '',
  PRIMARY KEY (`ID_`) USING BTREE,
  INDEX `ACT_IDX_EVENT_SUBSCR_CONFIG_`(`CONFIGURATION_`) USING BTREE,
  INDEX `ACT_FK_EVENT_EXEC`(`EXECUTION_ID_`) USING BTREE,
  CONSTRAINT `ACT_FK_EVENT_EXEC` FOREIGN KEY (`EXECUTION_ID_`) REFERENCES `act_ru_execution` (`ID_`) ON DELETE RESTRICT ON UPDATE RESTRICT
) ENGINE = InnoDB CHARACTER SET = utf8 COLLATE = utf8_bin ROW_FORMAT = Dynamic;

-- ----------------------------
-- Records of act_ru_event_subscr
-- ----------------------------

-- ----------------------------
-- Table structure for act_ru_execution
-- ----------------------------
DROP TABLE IF EXISTS `act_ru_execution`;
CREATE TABLE `act_ru_execution`  (
  `ID_` varchar(64) CHARACTER SET utf8 COLLATE utf8_bin NOT NULL,
  `REV_` int(11) NULL DEFAULT NULL,
  `PROC_INST_ID_` varchar(64) CHARACTER SET utf8 COLLATE utf8_bin NULL DEFAULT NULL,
  `BUSINESS_KEY_` varchar(255) CHARACTER SET utf8 COLLATE utf8_bin NULL DEFAULT NULL,
  `PARENT_ID_` varchar(64) CHARACTER SET utf8 COLLATE utf8_bin NULL DEFAULT NULL,
  `PROC_DEF_ID_` varchar(64) CHARACTER SET utf8 COLLATE utf8_bin NULL DEFAULT NULL,
  `SUPER_EXEC_` varchar(64) CHARACTER SET utf8 COLLATE utf8_bin NULL DEFAULT NULL,
  `ROOT_PROC_INST_ID_` varchar(64) CHARACTER SET utf8 COLLATE utf8_bin NULL DEFAULT NULL,
  `ACT_ID_` varchar(255) CHARACTER SET utf8 COLLATE utf8_bin NULL DEFAULT NULL,
  `IS_ACTIVE_` tinyint(4) NULL DEFAULT NULL,
  `IS_CONCURRENT_` tinyint(4) NULL DEFAULT NULL,
  `IS_SCOPE_` tinyint(4) NULL DEFAULT NULL,
  `IS_EVENT_SCOPE_` tinyint(4) NULL DEFAULT NULL,
  `IS_MI_ROOT_` tinyint(4) NULL DEFAULT NULL,
  `SUSPENSION_STATE_` int(11) NULL DEFAULT NULL,
  `CACHED_ENT_STATE_` int(11) NULL DEFAULT NULL,
  `TENANT_ID_` varchar(255) CHARACTER SET utf8 COLLATE utf8_bin NULL DEFAULT '',
  `NAME_` varchar(255) CHARACTER SET utf8 COLLATE utf8_bin NULL DEFAULT NULL,
  `START_ACT_ID_` varchar(255) CHARACTER SET utf8 COLLATE utf8_bin NULL DEFAULT NULL,
  `START_TIME_` datetime(3) NULL DEFAULT NULL,
  `START_USER_ID_` varchar(255) CHARACTER SET utf8 COLLATE utf8_bin NULL DEFAULT NULL,
  `LOCK_TIME_` timestamp(3) NULL DEFAULT NULL,
  `IS_COUNT_ENABLED_` tinyint(4) NULL DEFAULT NULL,
  `EVT_SUBSCR_COUNT_` int(11) NULL DEFAULT NULL,
  `TASK_COUNT_` int(11) NULL DEFAULT NULL,
  `JOB_COUNT_` int(11) NULL DEFAULT NULL,
  `TIMER_JOB_COUNT_` int(11) NULL DEFAULT NULL,
  `SUSP_JOB_COUNT_` int(11) NULL DEFAULT NULL,
  `DEADLETTER_JOB_COUNT_` int(11) NULL DEFAULT NULL,
  `VAR_COUNT_` int(11) NULL DEFAULT NULL,
  `ID_LINK_COUNT_` int(11) NULL DEFAULT NULL,
  `CALLBACK_ID_` varchar(255) CHARACTER SET utf8 COLLATE utf8_bin NULL DEFAULT NULL,
  `CALLBACK_TYPE_` varchar(255) CHARACTER SET utf8 COLLATE utf8_bin NULL DEFAULT NULL,
  PRIMARY KEY (`ID_`) USING BTREE,
  INDEX `ACT_IDX_EXEC_BUSKEY`(`BUSINESS_KEY_`) USING BTREE,
  INDEX `ACT_IDC_EXEC_ROOT`(`ROOT_PROC_INST_ID_`) USING BTREE,
  INDEX `ACT_FK_EXE_PROCINST`(`PROC_INST_ID_`) USING BTREE,
  INDEX `ACT_FK_EXE_PARENT`(`PARENT_ID_`) USING BTREE,
  INDEX `ACT_FK_EXE_SUPER`(`SUPER_EXEC_`) USING BTREE,
  INDEX `ACT_FK_EXE_PROCDEF`(`PROC_DEF_ID_`) USING BTREE,
  CONSTRAINT `ACT_FK_EXE_PARENT` FOREIGN KEY (`PARENT_ID_`) REFERENCES `act_ru_execution` (`ID_`) ON DELETE CASCADE ON UPDATE RESTRICT,
  CONSTRAINT `ACT_FK_EXE_PROCDEF` FOREIGN KEY (`PROC_DEF_ID_`) REFERENCES `act_re_procdef` (`ID_`) ON DELETE RESTRICT ON UPDATE RESTRICT,
  CONSTRAINT `ACT_FK_EXE_PROCINST` FOREIGN KEY (`PROC_INST_ID_`) REFERENCES `act_ru_execution` (`ID_`) ON DELETE CASCADE ON UPDATE CASCADE,
  CONSTRAINT `ACT_FK_EXE_SUPER` FOREIGN KEY (`SUPER_EXEC_`) REFERENCES `act_ru_execution` (`ID_`) ON DELETE CASCADE ON UPDATE RESTRICT
) ENGINE = InnoDB CHARACTER SET = utf8 COLLATE = utf8_bin ROW_FORMAT = Dynamic;

-- ----------------------------
-- Records of act_ru_execution
-- ----------------------------
INSERT INTO `act_ru_execution` VALUES ('098065b0-ba33-11eb-8d3e-00ff08753f51', 1, '098065b0-ba33-11eb-8d3e-00ff08753f51', 'act_leave_3', NULL, 'Leave:1:b3dadb5d-ba1b-11eb-b8de-00ff08753f51', NULL, '098065b0-ba33-11eb-8d3e-00ff08753f51', NULL, 1, 0, 1, 0, 0, 1, NULL, '', NULL, 'sid-26EFEE94-8062-446B-B4C2-E5AA91E15120', '2021-05-21 20:49:53.044', '1', NULL, 1, 0, 0, 0, 0, 0, 0, 0, 0, NULL, NULL);
INSERT INTO `act_ru_execution` VALUES ('09843644-ba33-11eb-8d3e-00ff08753f51', 1, '098065b0-ba33-11eb-8d3e-00ff08753f51', NULL, '098065b0-ba33-11eb-8d3e-00ff08753f51', 'Leave:1:b3dadb5d-ba1b-11eb-b8de-00ff08753f51', NULL, '098065b0-ba33-11eb-8d3e-00ff08753f51', 'sid-319D25F3-5CA4-4F9B-BCC6-D4F6EE578E8B', 1, 0, 0, 0, 0, 1, NULL, '', NULL, NULL, '2021-05-21 20:49:53.069', NULL, NULL, 1, 0, 1, 0, 0, 0, 0, 0, 0, NULL, NULL);
INSERT INTO `act_ru_execution` VALUES ('0a98be51-ba34-11eb-8096-00ff08753f51', 1, '0a98be51-ba34-11eb-8096-00ff08753f51', 'act_leave_4', NULL, 'Leave:1:b3dadb5d-ba1b-11eb-b8de-00ff08753f51', NULL, '0a98be51-ba34-11eb-8096-00ff08753f51', NULL, 1, 0, 1, 0, 0, 1, NULL, '', NULL, 'sid-26EFEE94-8062-446B-B4C2-E5AA91E15120', '2021-05-21 20:57:04.378', 'entfrm', NULL, 1, 0, 0, 0, 0, 0, 0, 0, 0, NULL, NULL);
INSERT INTO `act_ru_execution` VALUES ('0a9d5235-ba34-11eb-8096-00ff08753f51', 1, '0a98be51-ba34-11eb-8096-00ff08753f51', NULL, '0a98be51-ba34-11eb-8096-00ff08753f51', 'Leave:1:b3dadb5d-ba1b-11eb-b8de-00ff08753f51', NULL, '0a98be51-ba34-11eb-8096-00ff08753f51', 'sid-319D25F3-5CA4-4F9B-BCC6-D4F6EE578E8B', 1, 0, 0, 0, 0, 1, NULL, '', NULL, NULL, '2021-05-21 20:57:04.408', NULL, NULL, 1, 0, 1, 0, 0, 0, 0, 0, 0, NULL, NULL);
INSERT INTO `act_ru_execution` VALUES ('3b3aa41c-ba2f-11eb-8452-00ff08753f51', 1, '3b3aa41c-ba2f-11eb-8452-00ff08753f51', 'act_leave_1', NULL, 'Leave:1:b3dadb5d-ba1b-11eb-b8de-00ff08753f51', NULL, '3b3aa41c-ba2f-11eb-8452-00ff08753f51', NULL, 1, 0, 1, 0, 0, 1, NULL, '', NULL, 'sid-26EFEE94-8062-446B-B4C2-E5AA91E15120', '2021-05-21 20:22:38.486', 'entfrm', NULL, 1, 0, 0, 0, 0, 0, 0, 0, 0, NULL, NULL);
INSERT INTO `act_ru_execution` VALUES ('3b3af240-ba2f-11eb-8452-00ff08753f51', 1, '3b3aa41c-ba2f-11eb-8452-00ff08753f51', NULL, '3b3aa41c-ba2f-11eb-8452-00ff08753f51', 'Leave:1:b3dadb5d-ba1b-11eb-b8de-00ff08753f51', NULL, '3b3aa41c-ba2f-11eb-8452-00ff08753f51', 'sid-319D25F3-5CA4-4F9B-BCC6-D4F6EE578E8B', 1, 0, 0, 0, 0, 1, NULL, '', NULL, NULL, '2021-05-21 20:22:38.488', NULL, NULL, 1, 0, 1, 0, 0, 0, 0, 0, 0, NULL, NULL);
INSERT INTO `act_ru_execution` VALUES ('3f78913b-ba2e-11eb-8452-00ff08753f51', 1, '3f78913b-ba2e-11eb-8452-00ff08753f51', 'act_leave_1', NULL, 'Leave:1:b3dadb5d-ba1b-11eb-b8de-00ff08753f51', NULL, '3f78913b-ba2e-11eb-8452-00ff08753f51', NULL, 1, 0, 1, 0, 0, 1, NULL, '', NULL, 'sid-26EFEE94-8062-446B-B4C2-E5AA91E15120', '2021-05-21 20:15:36.106', 'entfrm', NULL, 1, 0, 0, 0, 0, 0, 0, 0, 0, NULL, NULL);
INSERT INTO `act_ru_execution` VALUES ('3f78913f-ba2e-11eb-8452-00ff08753f51', 1, '3f78913b-ba2e-11eb-8452-00ff08753f51', NULL, '3f78913b-ba2e-11eb-8452-00ff08753f51', 'Leave:1:b3dadb5d-ba1b-11eb-b8de-00ff08753f51', NULL, '3f78913b-ba2e-11eb-8452-00ff08753f51', 'sid-319D25F3-5CA4-4F9B-BCC6-D4F6EE578E8B', 1, 0, 0, 0, 0, 1, NULL, '', NULL, NULL, '2021-05-21 20:15:36.106', NULL, NULL, 1, 0, 1, 0, 0, 0, 0, 0, 0, NULL, NULL);
INSERT INTO `act_ru_execution` VALUES ('522afc77-ba2f-11eb-8452-00ff08753f51', 1, '522afc77-ba2f-11eb-8452-00ff08753f51', 'act_leave_1', NULL, 'Leave:1:b3dadb5d-ba1b-11eb-b8de-00ff08753f51', NULL, '522afc77-ba2f-11eb-8452-00ff08753f51', NULL, 1, 0, 1, 0, 0, 1, NULL, '', NULL, 'sid-26EFEE94-8062-446B-B4C2-E5AA91E15120', '2021-05-21 20:23:16.971', 'entfrm', NULL, 1, 0, 0, 0, 0, 0, 0, 0, 0, NULL, NULL);
INSERT INTO `act_ru_execution` VALUES ('522afc7b-ba2f-11eb-8452-00ff08753f51', 1, '522afc77-ba2f-11eb-8452-00ff08753f51', NULL, '522afc77-ba2f-11eb-8452-00ff08753f51', 'Leave:1:b3dadb5d-ba1b-11eb-b8de-00ff08753f51', NULL, '522afc77-ba2f-11eb-8452-00ff08753f51', 'sid-319D25F3-5CA4-4F9B-BCC6-D4F6EE578E8B', 1, 0, 0, 0, 0, 1, NULL, '', NULL, NULL, '2021-05-21 20:23:16.971', NULL, NULL, 1, 0, 1, 0, 0, 0, 0, 0, 0, NULL, NULL);
INSERT INTO `act_ru_execution` VALUES ('6dfd8531-ba3b-11eb-b716-00ff08753f51', 1, '6dfd8531-ba3b-11eb-b716-00ff08753f51', 'act_leave:6', NULL, 'Leave:1:b3dadb5d-ba1b-11eb-b8de-00ff08753f51', NULL, '6dfd8531-ba3b-11eb-b716-00ff08753f51', NULL, 1, 0, 1, 0, 0, 1, NULL, '', NULL, 'sid-26EFEE94-8062-446B-B4C2-E5AA91E15120', '2021-05-21 21:49:57.610', '小狗', NULL, 1, 0, 0, 0, 0, 0, 0, 0, 0, NULL, NULL);
INSERT INTO `act_ru_execution` VALUES ('6e009275-ba3b-11eb-b716-00ff08753f51', 1, '6dfd8531-ba3b-11eb-b716-00ff08753f51', NULL, '6dfd8531-ba3b-11eb-b716-00ff08753f51', 'Leave:1:b3dadb5d-ba1b-11eb-b8de-00ff08753f51', NULL, '6dfd8531-ba3b-11eb-b716-00ff08753f51', 'sid-319D25F3-5CA4-4F9B-BCC6-D4F6EE578E8B', 1, 0, 0, 0, 0, 1, NULL, '', NULL, NULL, '2021-05-21 21:49:57.630', NULL, NULL, 1, 0, 1, 0, 0, 0, 0, 0, 0, NULL, NULL);
INSERT INTO `act_ru_execution` VALUES ('92dfe2c6-ba2e-11eb-8452-00ff08753f51', 1, '92dfe2c6-ba2e-11eb-8452-00ff08753f51', 'act_leave_1', NULL, 'Leave:1:b3dadb5d-ba1b-11eb-b8de-00ff08753f51', NULL, '92dfe2c6-ba2e-11eb-8452-00ff08753f51', NULL, 1, 0, 1, 0, 0, 1, NULL, '', NULL, 'sid-26EFEE94-8062-446B-B4C2-E5AA91E15120', '2021-05-21 20:17:56.034', 'entfrm', NULL, 1, 0, 0, 0, 0, 0, 0, 0, 0, NULL, NULL);
INSERT INTO `act_ru_execution` VALUES ('92e1de9a-ba2e-11eb-8452-00ff08753f51', 1, '92dfe2c6-ba2e-11eb-8452-00ff08753f51', NULL, '92dfe2c6-ba2e-11eb-8452-00ff08753f51', 'Leave:1:b3dadb5d-ba1b-11eb-b8de-00ff08753f51', NULL, '92dfe2c6-ba2e-11eb-8452-00ff08753f51', 'sid-319D25F3-5CA4-4F9B-BCC6-D4F6EE578E8B', 1, 0, 0, 0, 0, 1, NULL, '', NULL, NULL, '2021-05-21 20:17:56.047', NULL, NULL, 1, 0, 1, 0, 0, 0, 0, 0, 0, NULL, NULL);
INSERT INTO `act_ru_execution` VALUES ('9b192772-ba32-11eb-8452-00ff08753f51', 1, '9b192772-ba32-11eb-8452-00ff08753f51', 'act_leave_2', NULL, 'Leave:1:b3dadb5d-ba1b-11eb-b8de-00ff08753f51', NULL, '9b192772-ba32-11eb-8452-00ff08753f51', NULL, 1, 0, 1, 0, 0, 1, NULL, '', NULL, 'sid-26EFEE94-8062-446B-B4C2-E5AA91E15120', '2021-05-21 20:46:47.818', 'entfrm', NULL, 1, 0, 0, 0, 0, 0, 0, 0, 0, NULL, NULL);
INSERT INTO `act_ru_execution` VALUES ('9b199ca6-ba32-11eb-8452-00ff08753f51', 1, '9b192772-ba32-11eb-8452-00ff08753f51', NULL, '9b192772-ba32-11eb-8452-00ff08753f51', 'Leave:1:b3dadb5d-ba1b-11eb-b8de-00ff08753f51', NULL, '9b192772-ba32-11eb-8452-00ff08753f51', 'sid-319D25F3-5CA4-4F9B-BCC6-D4F6EE578E8B', 1, 0, 0, 0, 0, 1, NULL, '', NULL, NULL, '2021-05-21 20:46:47.821', NULL, NULL, 1, 0, 1, 0, 0, 0, 0, 0, 0, NULL, NULL);
INSERT INTO `act_ru_execution` VALUES ('c0c9cbae-ba37-11eb-a656-00ff08753f51', 1, 'c0c9cbae-ba37-11eb-a656-00ff08753f51', 'act_leave_5', NULL, 'Leave:1:b3dadb5d-ba1b-11eb-b8de-00ff08753f51', NULL, 'c0c9cbae-ba37-11eb-a656-00ff08753f51', NULL, 1, 0, 1, 0, 0, 1, NULL, '', NULL, 'sid-26EFEE94-8062-446B-B4C2-E5AA91E15120', '2021-05-21 21:23:38.535', '小狗', NULL, 1, 0, 0, 0, 0, 0, 0, 0, 0, NULL, NULL);
INSERT INTO `act_ru_execution` VALUES ('c0ccb1e2-ba37-11eb-a656-00ff08753f51', 1, 'c0c9cbae-ba37-11eb-a656-00ff08753f51', NULL, 'c0c9cbae-ba37-11eb-a656-00ff08753f51', 'Leave:1:b3dadb5d-ba1b-11eb-b8de-00ff08753f51', NULL, 'c0c9cbae-ba37-11eb-a656-00ff08753f51', 'sid-319D25F3-5CA4-4F9B-BCC6-D4F6EE578E8B', 1, 0, 0, 0, 0, 1, NULL, '', NULL, NULL, '2021-05-21 21:23:38.554', NULL, NULL, 1, 0, 1, 0, 0, 0, 0, 0, 0, NULL, NULL);
INSERT INTO `act_ru_execution` VALUES ('ec1764e1-ba2e-11eb-8452-00ff08753f51', 1, 'ec1764e1-ba2e-11eb-8452-00ff08753f51', 'act_leave_1', NULL, 'Leave:1:b3dadb5d-ba1b-11eb-b8de-00ff08753f51', NULL, 'ec1764e1-ba2e-11eb-8452-00ff08753f51', NULL, 1, 0, 1, 0, 0, 1, NULL, '', NULL, 'sid-26EFEE94-8062-446B-B4C2-E5AA91E15120', '2021-05-21 20:20:25.715', 'entfrm', NULL, 1, 0, 0, 0, 0, 0, 0, 0, 0, NULL, NULL);
INSERT INTO `act_ru_execution` VALUES ('ec178bf5-ba2e-11eb-8452-00ff08753f51', 1, 'ec1764e1-ba2e-11eb-8452-00ff08753f51', NULL, 'ec1764e1-ba2e-11eb-8452-00ff08753f51', 'Leave:1:b3dadb5d-ba1b-11eb-b8de-00ff08753f51', NULL, 'ec1764e1-ba2e-11eb-8452-00ff08753f51', 'sid-319D25F3-5CA4-4F9B-BCC6-D4F6EE578E8B', 1, 0, 0, 0, 0, 1, NULL, '', NULL, NULL, '2021-05-21 20:20:25.716', NULL, NULL, 1, 0, 1, 0, 0, 0, 0, 0, 0, NULL, NULL);
INSERT INTO `act_ru_execution` VALUES ('f81544a0-ba2d-11eb-8452-00ff08753f51', 1, 'f81544a0-ba2d-11eb-8452-00ff08753f51', 'act_leave_1', NULL, 'Leave:1:b3dadb5d-ba1b-11eb-b8de-00ff08753f51', NULL, 'f81544a0-ba2d-11eb-8452-00ff08753f51', NULL, 1, 0, 1, 0, 0, 1, NULL, '', NULL, 'sid-26EFEE94-8062-446B-B4C2-E5AA91E15120', '2021-05-21 20:13:36.337', 'entfrm', NULL, 1, 0, 0, 0, 0, 0, 0, 0, 0, NULL, NULL);
INSERT INTO `act_ru_execution` VALUES ('f8196354-ba2d-11eb-8452-00ff08753f51', 1, 'f81544a0-ba2d-11eb-8452-00ff08753f51', NULL, 'f81544a0-ba2d-11eb-8452-00ff08753f51', 'Leave:1:b3dadb5d-ba1b-11eb-b8de-00ff08753f51', NULL, 'f81544a0-ba2d-11eb-8452-00ff08753f51', 'sid-319D25F3-5CA4-4F9B-BCC6-D4F6EE578E8B', 1, 0, 0, 0, 0, 1, NULL, '', NULL, NULL, '2021-05-21 20:13:36.364', NULL, NULL, 1, 0, 1, 0, 0, 0, 0, 0, 0, NULL, NULL);

-- ----------------------------
-- Table structure for act_ru_history_job
-- ----------------------------
DROP TABLE IF EXISTS `act_ru_history_job`;
CREATE TABLE `act_ru_history_job`  (
  `ID_` varchar(64) CHARACTER SET utf8 COLLATE utf8_bin NOT NULL,
  `REV_` int(11) NULL DEFAULT NULL,
  `LOCK_EXP_TIME_` timestamp(3) NULL DEFAULT NULL,
  `LOCK_OWNER_` varchar(255) CHARACTER SET utf8 COLLATE utf8_bin NULL DEFAULT NULL,
  `RETRIES_` int(11) NULL DEFAULT NULL,
  `EXCEPTION_STACK_ID_` varchar(64) CHARACTER SET utf8 COLLATE utf8_bin NULL DEFAULT NULL,
  `EXCEPTION_MSG_` varchar(4000) CHARACTER SET utf8 COLLATE utf8_bin NULL DEFAULT NULL,
  `HANDLER_TYPE_` varchar(255) CHARACTER SET utf8 COLLATE utf8_bin NULL DEFAULT NULL,
  `HANDLER_CFG_` varchar(4000) CHARACTER SET utf8 COLLATE utf8_bin NULL DEFAULT NULL,
  `CUSTOM_VALUES_ID_` varchar(64) CHARACTER SET utf8 COLLATE utf8_bin NULL DEFAULT NULL,
  `ADV_HANDLER_CFG_ID_` varchar(64) CHARACTER SET utf8 COLLATE utf8_bin NULL DEFAULT NULL,
  `CREATE_TIME_` timestamp(3) NULL DEFAULT NULL,
  `SCOPE_TYPE_` varchar(255) CHARACTER SET utf8 COLLATE utf8_bin NULL DEFAULT NULL,
  `TENANT_ID_` varchar(255) CHARACTER SET utf8 COLLATE utf8_bin NULL DEFAULT '',
  PRIMARY KEY (`ID_`) USING BTREE
) ENGINE = InnoDB CHARACTER SET = utf8 COLLATE = utf8_bin ROW_FORMAT = Dynamic;

-- ----------------------------
-- Records of act_ru_history_job
-- ----------------------------

-- ----------------------------
-- Table structure for act_ru_identitylink
-- ----------------------------
DROP TABLE IF EXISTS `act_ru_identitylink`;
CREATE TABLE `act_ru_identitylink`  (
  `ID_` varchar(64) CHARACTER SET utf8 COLLATE utf8_bin NOT NULL,
  `REV_` int(11) NULL DEFAULT NULL,
  `GROUP_ID_` varchar(255) CHARACTER SET utf8 COLLATE utf8_bin NULL DEFAULT NULL,
  `TYPE_` varchar(255) CHARACTER SET utf8 COLLATE utf8_bin NULL DEFAULT NULL,
  `USER_ID_` varchar(255) CHARACTER SET utf8 COLLATE utf8_bin NULL DEFAULT NULL,
  `TASK_ID_` varchar(64) CHARACTER SET utf8 COLLATE utf8_bin NULL DEFAULT NULL,
  `PROC_INST_ID_` varchar(64) CHARACTER SET utf8 COLLATE utf8_bin NULL DEFAULT NULL,
  `PROC_DEF_ID_` varchar(64) CHARACTER SET utf8 COLLATE utf8_bin NULL DEFAULT NULL,
  `SCOPE_ID_` varchar(255) CHARACTER SET utf8 COLLATE utf8_bin NULL DEFAULT NULL,
  `SCOPE_TYPE_` varchar(255) CHARACTER SET utf8 COLLATE utf8_bin NULL DEFAULT NULL,
  `SCOPE_DEFINITION_ID_` varchar(255) CHARACTER SET utf8 COLLATE utf8_bin NULL DEFAULT NULL,
  PRIMARY KEY (`ID_`) USING BTREE,
  INDEX `ACT_IDX_IDENT_LNK_USER`(`USER_ID_`) USING BTREE,
  INDEX `ACT_IDX_IDENT_LNK_GROUP`(`GROUP_ID_`) USING BTREE,
  INDEX `ACT_IDX_IDENT_LNK_SCOPE`(`SCOPE_ID_`, `SCOPE_TYPE_`) USING BTREE,
  INDEX `ACT_IDX_IDENT_LNK_SCOPE_DEF`(`SCOPE_DEFINITION_ID_`, `SCOPE_TYPE_`) USING BTREE,
  INDEX `ACT_IDX_ATHRZ_PROCEDEF`(`PROC_DEF_ID_`) USING BTREE,
  INDEX `ACT_FK_TSKASS_TASK`(`TASK_ID_`) USING BTREE,
  INDEX `ACT_FK_IDL_PROCINST`(`PROC_INST_ID_`) USING BTREE,
  CONSTRAINT `ACT_FK_ATHRZ_PROCEDEF` FOREIGN KEY (`PROC_DEF_ID_`) REFERENCES `act_re_procdef` (`ID_`) ON DELETE RESTRICT ON UPDATE RESTRICT,
  CONSTRAINT `ACT_FK_IDL_PROCINST` FOREIGN KEY (`PROC_INST_ID_`) REFERENCES `act_ru_execution` (`ID_`) ON DELETE RESTRICT ON UPDATE RESTRICT,
  CONSTRAINT `ACT_FK_TSKASS_TASK` FOREIGN KEY (`TASK_ID_`) REFERENCES `act_ru_task` (`ID_`) ON DELETE RESTRICT ON UPDATE RESTRICT
) ENGINE = InnoDB CHARACTER SET = utf8 COLLATE = utf8_bin ROW_FORMAT = Dynamic;

-- ----------------------------
-- Records of act_ru_identitylink
-- ----------------------------
INSERT INTO `act_ru_identitylink` VALUES ('0980b3d1-ba33-11eb-8d3e-00ff08753f51', 1, NULL, 'starter', '1', NULL, '098065b0-ba33-11eb-8d3e-00ff08753f51', NULL, NULL, NULL, NULL);
INSERT INTO `act_ru_identitylink` VALUES ('0993035a-ba33-11eb-8d3e-00ff08753f51', 1, NULL, 'participant', '小狗', NULL, '098065b0-ba33-11eb-8d3e-00ff08753f51', NULL, NULL, NULL, NULL);
INSERT INTO `act_ru_identitylink` VALUES ('0a995a92-ba34-11eb-8096-00ff08753f51', 1, NULL, 'starter', 'entfrm', NULL, '0a98be51-ba34-11eb-8096-00ff08753f51', NULL, NULL, NULL, NULL);
INSERT INTO `act_ru_identitylink` VALUES ('0aa9ae4b-ba34-11eb-8096-00ff08753f51', 1, NULL, 'participant', '小狗', NULL, '0a98be51-ba34-11eb-8096-00ff08753f51', NULL, NULL, NULL, NULL);
INSERT INTO `act_ru_identitylink` VALUES ('3b3aa41d-ba2f-11eb-8452-00ff08753f51', 1, NULL, 'starter', 'entfrm', NULL, '3b3aa41c-ba2f-11eb-8452-00ff08753f51', NULL, NULL, NULL, NULL);
INSERT INTO `act_ru_identitylink` VALUES ('3b3b6776-ba2f-11eb-8452-00ff08753f51', 1, NULL, 'participant', '小狗', NULL, '3b3aa41c-ba2f-11eb-8452-00ff08753f51', NULL, NULL, NULL, NULL);
INSERT INTO `act_ru_identitylink` VALUES ('3f78913c-ba2e-11eb-8452-00ff08753f51', 1, NULL, 'starter', 'entfrm', NULL, '3f78913b-ba2e-11eb-8452-00ff08753f51', NULL, NULL, NULL, NULL);
INSERT INTO `act_ru_identitylink` VALUES ('3f78b855-ba2e-11eb-8452-00ff08753f51', 1, NULL, 'participant', '小狗', NULL, '3f78913b-ba2e-11eb-8452-00ff08753f51', NULL, NULL, NULL, NULL);
INSERT INTO `act_ru_identitylink` VALUES ('522afc78-ba2f-11eb-8452-00ff08753f51', 1, NULL, 'starter', 'entfrm', NULL, '522afc77-ba2f-11eb-8452-00ff08753f51', NULL, NULL, NULL, NULL);
INSERT INTO `act_ru_identitylink` VALUES ('522b2391-ba2f-11eb-8452-00ff08753f51', 1, NULL, 'participant', '小狗', NULL, '522afc77-ba2f-11eb-8452-00ff08753f51', NULL, NULL, NULL, NULL);
INSERT INTO `act_ru_identitylink` VALUES ('6dfdd352-ba3b-11eb-b716-00ff08753f51', 1, NULL, 'starter', '小狗', NULL, '6dfd8531-ba3b-11eb-b716-00ff08753f51', NULL, NULL, NULL, NULL);
INSERT INTO `act_ru_identitylink` VALUES ('6e0f116b-ba3b-11eb-b716-00ff08753f51', 1, NULL, 'participant', '小狗', NULL, '6dfd8531-ba3b-11eb-b716-00ff08753f51', NULL, NULL, NULL, NULL);
INSERT INTO `act_ru_identitylink` VALUES ('92dfe2c7-ba2e-11eb-8452-00ff08753f51', 1, NULL, 'starter', 'entfrm', NULL, '92dfe2c6-ba2e-11eb-8452-00ff08753f51', NULL, NULL, NULL, NULL);
INSERT INTO `act_ru_identitylink` VALUES ('92e253d0-ba2e-11eb-8452-00ff08753f51', 1, NULL, 'participant', '小狗', NULL, '92dfe2c6-ba2e-11eb-8452-00ff08753f51', NULL, NULL, NULL, NULL);
INSERT INTO `act_ru_identitylink` VALUES ('9b194e83-ba32-11eb-8452-00ff08753f51', 1, NULL, 'starter', 'entfrm', NULL, '9b192772-ba32-11eb-8452-00ff08753f51', NULL, NULL, NULL, NULL);
INSERT INTO `act_ru_identitylink` VALUES ('9b19eacc-ba32-11eb-8452-00ff08753f51', 1, NULL, 'participant', '小狗', NULL, '9b192772-ba32-11eb-8452-00ff08753f51', NULL, NULL, NULL, NULL);
INSERT INTO `act_ru_identitylink` VALUES ('c0ca19cf-ba37-11eb-a656-00ff08753f51', 1, NULL, 'starter', '小狗', NULL, 'c0c9cbae-ba37-11eb-a656-00ff08753f51', NULL, NULL, NULL, NULL);
INSERT INTO `act_ru_identitylink` VALUES ('c0d7d578-ba37-11eb-a656-00ff08753f51', 1, NULL, 'participant', '小狗', NULL, 'c0c9cbae-ba37-11eb-a656-00ff08753f51', NULL, NULL, NULL, NULL);
INSERT INTO `act_ru_identitylink` VALUES ('ec1764e2-ba2e-11eb-8452-00ff08753f51', 1, NULL, 'starter', 'entfrm', NULL, 'ec1764e1-ba2e-11eb-8452-00ff08753f51', NULL, NULL, NULL, NULL);
INSERT INTO `act_ru_identitylink` VALUES ('ec184f4b-ba2e-11eb-8452-00ff08753f51', 1, NULL, 'participant', '小狗', NULL, 'ec1764e1-ba2e-11eb-8452-00ff08753f51', NULL, NULL, NULL, NULL);
INSERT INTO `act_ru_identitylink` VALUES ('f815b9d1-ba2d-11eb-8452-00ff08753f51', 1, NULL, 'starter', 'entfrm', NULL, 'f81544a0-ba2d-11eb-8452-00ff08753f51', NULL, NULL, NULL, NULL);
INSERT INTO `act_ru_identitylink` VALUES ('f8287e8a-ba2d-11eb-8452-00ff08753f51', 1, NULL, 'participant', '小狗', NULL, 'f81544a0-ba2d-11eb-8452-00ff08753f51', NULL, NULL, NULL, NULL);

-- ----------------------------
-- Table structure for act_ru_job
-- ----------------------------
DROP TABLE IF EXISTS `act_ru_job`;
CREATE TABLE `act_ru_job`  (
  `ID_` varchar(64) CHARACTER SET utf8 COLLATE utf8_bin NOT NULL,
  `REV_` int(11) NULL DEFAULT NULL,
  `TYPE_` varchar(255) CHARACTER SET utf8 COLLATE utf8_bin NOT NULL,
  `LOCK_EXP_TIME_` timestamp(3) NULL DEFAULT NULL,
  `LOCK_OWNER_` varchar(255) CHARACTER SET utf8 COLLATE utf8_bin NULL DEFAULT NULL,
  `EXCLUSIVE_` tinyint(1) NULL DEFAULT NULL,
  `EXECUTION_ID_` varchar(64) CHARACTER SET utf8 COLLATE utf8_bin NULL DEFAULT NULL,
  `PROCESS_INSTANCE_ID_` varchar(64) CHARACTER SET utf8 COLLATE utf8_bin NULL DEFAULT NULL,
  `PROC_DEF_ID_` varchar(64) CHARACTER SET utf8 COLLATE utf8_bin NULL DEFAULT NULL,
  `ELEMENT_ID_` varchar(255) CHARACTER SET utf8 COLLATE utf8_bin NULL DEFAULT NULL,
  `ELEMENT_NAME_` varchar(255) CHARACTER SET utf8 COLLATE utf8_bin NULL DEFAULT NULL,
  `SCOPE_ID_` varchar(255) CHARACTER SET utf8 COLLATE utf8_bin NULL DEFAULT NULL,
  `SUB_SCOPE_ID_` varchar(255) CHARACTER SET utf8 COLLATE utf8_bin NULL DEFAULT NULL,
  `SCOPE_TYPE_` varchar(255) CHARACTER SET utf8 COLLATE utf8_bin NULL DEFAULT NULL,
  `SCOPE_DEFINITION_ID_` varchar(255) CHARACTER SET utf8 COLLATE utf8_bin NULL DEFAULT NULL,
  `RETRIES_` int(11) NULL DEFAULT NULL,
  `EXCEPTION_STACK_ID_` varchar(64) CHARACTER SET utf8 COLLATE utf8_bin NULL DEFAULT NULL,
  `EXCEPTION_MSG_` varchar(4000) CHARACTER SET utf8 COLLATE utf8_bin NULL DEFAULT NULL,
  `DUEDATE_` timestamp(3) NULL DEFAULT NULL,
  `REPEAT_` varchar(255) CHARACTER SET utf8 COLLATE utf8_bin NULL DEFAULT NULL,
  `HANDLER_TYPE_` varchar(255) CHARACTER SET utf8 COLLATE utf8_bin NULL DEFAULT NULL,
  `HANDLER_CFG_` varchar(4000) CHARACTER SET utf8 COLLATE utf8_bin NULL DEFAULT NULL,
  `CUSTOM_VALUES_ID_` varchar(64) CHARACTER SET utf8 COLLATE utf8_bin NULL DEFAULT NULL,
  `CREATE_TIME_` timestamp(3) NULL DEFAULT NULL,
  `TENANT_ID_` varchar(255) CHARACTER SET utf8 COLLATE utf8_bin NULL DEFAULT '',
  PRIMARY KEY (`ID_`) USING BTREE,
  INDEX `ACT_IDX_JOB_EXCEPTION_STACK_ID`(`EXCEPTION_STACK_ID_`) USING BTREE,
  INDEX `ACT_IDX_JOB_CUSTOM_VALUES_ID`(`CUSTOM_VALUES_ID_`) USING BTREE,
  INDEX `ACT_IDX_JOB_SCOPE`(`SCOPE_ID_`, `SCOPE_TYPE_`) USING BTREE,
  INDEX `ACT_IDX_JOB_SUB_SCOPE`(`SUB_SCOPE_ID_`, `SCOPE_TYPE_`) USING BTREE,
  INDEX `ACT_IDX_JOB_SCOPE_DEF`(`SCOPE_DEFINITION_ID_`, `SCOPE_TYPE_`) USING BTREE,
  INDEX `ACT_FK_JOB_EXECUTION`(`EXECUTION_ID_`) USING BTREE,
  INDEX `ACT_FK_JOB_PROCESS_INSTANCE`(`PROCESS_INSTANCE_ID_`) USING BTREE,
  INDEX `ACT_FK_JOB_PROC_DEF`(`PROC_DEF_ID_`) USING BTREE,
  CONSTRAINT `ACT_FK_JOB_CUSTOM_VALUES` FOREIGN KEY (`CUSTOM_VALUES_ID_`) REFERENCES `act_ge_bytearray` (`ID_`) ON DELETE RESTRICT ON UPDATE RESTRICT,
  CONSTRAINT `ACT_FK_JOB_EXCEPTION` FOREIGN KEY (`EXCEPTION_STACK_ID_`) REFERENCES `act_ge_bytearray` (`ID_`) ON DELETE RESTRICT ON UPDATE RESTRICT,
  CONSTRAINT `ACT_FK_JOB_EXECUTION` FOREIGN KEY (`EXECUTION_ID_`) REFERENCES `act_ru_execution` (`ID_`) ON DELETE RESTRICT ON UPDATE RESTRICT,
  CONSTRAINT `ACT_FK_JOB_PROCESS_INSTANCE` FOREIGN KEY (`PROCESS_INSTANCE_ID_`) REFERENCES `act_ru_execution` (`ID_`) ON DELETE RESTRICT ON UPDATE RESTRICT,
  CONSTRAINT `ACT_FK_JOB_PROC_DEF` FOREIGN KEY (`PROC_DEF_ID_`) REFERENCES `act_re_procdef` (`ID_`) ON DELETE RESTRICT ON UPDATE RESTRICT
) ENGINE = InnoDB CHARACTER SET = utf8 COLLATE = utf8_bin ROW_FORMAT = Dynamic;

-- ----------------------------
-- Records of act_ru_job
-- ----------------------------

-- ----------------------------
-- Table structure for act_ru_suspended_job
-- ----------------------------
DROP TABLE IF EXISTS `act_ru_suspended_job`;
CREATE TABLE `act_ru_suspended_job`  (
  `ID_` varchar(64) CHARACTER SET utf8 COLLATE utf8_bin NOT NULL,
  `REV_` int(11) NULL DEFAULT NULL,
  `TYPE_` varchar(255) CHARACTER SET utf8 COLLATE utf8_bin NOT NULL,
  `EXCLUSIVE_` tinyint(1) NULL DEFAULT NULL,
  `EXECUTION_ID_` varchar(64) CHARACTER SET utf8 COLLATE utf8_bin NULL DEFAULT NULL,
  `PROCESS_INSTANCE_ID_` varchar(64) CHARACTER SET utf8 COLLATE utf8_bin NULL DEFAULT NULL,
  `PROC_DEF_ID_` varchar(64) CHARACTER SET utf8 COLLATE utf8_bin NULL DEFAULT NULL,
  `ELEMENT_ID_` varchar(255) CHARACTER SET utf8 COLLATE utf8_bin NULL DEFAULT NULL,
  `ELEMENT_NAME_` varchar(255) CHARACTER SET utf8 COLLATE utf8_bin NULL DEFAULT NULL,
  `SCOPE_ID_` varchar(255) CHARACTER SET utf8 COLLATE utf8_bin NULL DEFAULT NULL,
  `SUB_SCOPE_ID_` varchar(255) CHARACTER SET utf8 COLLATE utf8_bin NULL DEFAULT NULL,
  `SCOPE_TYPE_` varchar(255) CHARACTER SET utf8 COLLATE utf8_bin NULL DEFAULT NULL,
  `SCOPE_DEFINITION_ID_` varchar(255) CHARACTER SET utf8 COLLATE utf8_bin NULL DEFAULT NULL,
  `RETRIES_` int(11) NULL DEFAULT NULL,
  `EXCEPTION_STACK_ID_` varchar(64) CHARACTER SET utf8 COLLATE utf8_bin NULL DEFAULT NULL,
  `EXCEPTION_MSG_` varchar(4000) CHARACTER SET utf8 COLLATE utf8_bin NULL DEFAULT NULL,
  `DUEDATE_` timestamp(3) NULL DEFAULT NULL,
  `REPEAT_` varchar(255) CHARACTER SET utf8 COLLATE utf8_bin NULL DEFAULT NULL,
  `HANDLER_TYPE_` varchar(255) CHARACTER SET utf8 COLLATE utf8_bin NULL DEFAULT NULL,
  `HANDLER_CFG_` varchar(4000) CHARACTER SET utf8 COLLATE utf8_bin NULL DEFAULT NULL,
  `CUSTOM_VALUES_ID_` varchar(64) CHARACTER SET utf8 COLLATE utf8_bin NULL DEFAULT NULL,
  `CREATE_TIME_` timestamp(3) NULL DEFAULT NULL,
  `TENANT_ID_` varchar(255) CHARACTER SET utf8 COLLATE utf8_bin NULL DEFAULT '',
  PRIMARY KEY (`ID_`) USING BTREE,
  INDEX `ACT_IDX_SUSPENDED_JOB_EXCEPTION_STACK_ID`(`EXCEPTION_STACK_ID_`) USING BTREE,
  INDEX `ACT_IDX_SUSPENDED_JOB_CUSTOM_VALUES_ID`(`CUSTOM_VALUES_ID_`) USING BTREE,
  INDEX `ACT_IDX_SJOB_SCOPE`(`SCOPE_ID_`, `SCOPE_TYPE_`) USING BTREE,
  INDEX `ACT_IDX_SJOB_SUB_SCOPE`(`SUB_SCOPE_ID_`, `SCOPE_TYPE_`) USING BTREE,
  INDEX `ACT_IDX_SJOB_SCOPE_DEF`(`SCOPE_DEFINITION_ID_`, `SCOPE_TYPE_`) USING BTREE,
  INDEX `ACT_FK_SUSPENDED_JOB_EXECUTION`(`EXECUTION_ID_`) USING BTREE,
  INDEX `ACT_FK_SUSPENDED_JOB_PROCESS_INSTANCE`(`PROCESS_INSTANCE_ID_`) USING BTREE,
  INDEX `ACT_FK_SUSPENDED_JOB_PROC_DEF`(`PROC_DEF_ID_`) USING BTREE,
  CONSTRAINT `ACT_FK_SUSPENDED_JOB_CUSTOM_VALUES` FOREIGN KEY (`CUSTOM_VALUES_ID_`) REFERENCES `act_ge_bytearray` (`ID_`) ON DELETE RESTRICT ON UPDATE RESTRICT,
  CONSTRAINT `ACT_FK_SUSPENDED_JOB_EXCEPTION` FOREIGN KEY (`EXCEPTION_STACK_ID_`) REFERENCES `act_ge_bytearray` (`ID_`) ON DELETE RESTRICT ON UPDATE RESTRICT,
  CONSTRAINT `ACT_FK_SUSPENDED_JOB_EXECUTION` FOREIGN KEY (`EXECUTION_ID_`) REFERENCES `act_ru_execution` (`ID_`) ON DELETE RESTRICT ON UPDATE RESTRICT,
  CONSTRAINT `ACT_FK_SUSPENDED_JOB_PROCESS_INSTANCE` FOREIGN KEY (`PROCESS_INSTANCE_ID_`) REFERENCES `act_ru_execution` (`ID_`) ON DELETE RESTRICT ON UPDATE RESTRICT,
  CONSTRAINT `ACT_FK_SUSPENDED_JOB_PROC_DEF` FOREIGN KEY (`PROC_DEF_ID_`) REFERENCES `act_re_procdef` (`ID_`) ON DELETE RESTRICT ON UPDATE RESTRICT
) ENGINE = InnoDB CHARACTER SET = utf8 COLLATE = utf8_bin ROW_FORMAT = Dynamic;

-- ----------------------------
-- Records of act_ru_suspended_job
-- ----------------------------

-- ----------------------------
-- Table structure for act_ru_task
-- ----------------------------
DROP TABLE IF EXISTS `act_ru_task`;
CREATE TABLE `act_ru_task`  (
  `ID_` varchar(64) CHARACTER SET utf8 COLLATE utf8_bin NOT NULL,
  `REV_` int(11) NULL DEFAULT NULL,
  `EXECUTION_ID_` varchar(64) CHARACTER SET utf8 COLLATE utf8_bin NULL DEFAULT NULL,
  `PROC_INST_ID_` varchar(64) CHARACTER SET utf8 COLLATE utf8_bin NULL DEFAULT NULL,
  `PROC_DEF_ID_` varchar(64) CHARACTER SET utf8 COLLATE utf8_bin NULL DEFAULT NULL,
  `TASK_DEF_ID_` varchar(64) CHARACTER SET utf8 COLLATE utf8_bin NULL DEFAULT NULL,
  `SCOPE_ID_` varchar(255) CHARACTER SET utf8 COLLATE utf8_bin NULL DEFAULT NULL,
  `SUB_SCOPE_ID_` varchar(255) CHARACTER SET utf8 COLLATE utf8_bin NULL DEFAULT NULL,
  `SCOPE_TYPE_` varchar(255) CHARACTER SET utf8 COLLATE utf8_bin NULL DEFAULT NULL,
  `SCOPE_DEFINITION_ID_` varchar(255) CHARACTER SET utf8 COLLATE utf8_bin NULL DEFAULT NULL,
  `NAME_` varchar(255) CHARACTER SET utf8 COLLATE utf8_bin NULL DEFAULT NULL,
  `PARENT_TASK_ID_` varchar(64) CHARACTER SET utf8 COLLATE utf8_bin NULL DEFAULT NULL,
  `DESCRIPTION_` varchar(4000) CHARACTER SET utf8 COLLATE utf8_bin NULL DEFAULT NULL,
  `TASK_DEF_KEY_` varchar(255) CHARACTER SET utf8 COLLATE utf8_bin NULL DEFAULT NULL,
  `OWNER_` varchar(255) CHARACTER SET utf8 COLLATE utf8_bin NULL DEFAULT NULL,
  `ASSIGNEE_` varchar(255) CHARACTER SET utf8 COLLATE utf8_bin NULL DEFAULT NULL,
  `DELEGATION_` varchar(64) CHARACTER SET utf8 COLLATE utf8_bin NULL DEFAULT NULL,
  `PRIORITY_` int(11) NULL DEFAULT NULL,
  `CREATE_TIME_` timestamp(3) NULL DEFAULT NULL,
  `DUE_DATE_` datetime(3) NULL DEFAULT NULL,
  `CATEGORY_` varchar(255) CHARACTER SET utf8 COLLATE utf8_bin NULL DEFAULT NULL,
  `SUSPENSION_STATE_` int(11) NULL DEFAULT NULL,
  `TENANT_ID_` varchar(255) CHARACTER SET utf8 COLLATE utf8_bin NULL DEFAULT '',
  `FORM_KEY_` varchar(255) CHARACTER SET utf8 COLLATE utf8_bin NULL DEFAULT NULL,
  `CLAIM_TIME_` datetime(3) NULL DEFAULT NULL,
  `IS_COUNT_ENABLED_` tinyint(4) NULL DEFAULT NULL,
  `VAR_COUNT_` int(11) NULL DEFAULT NULL,
  `ID_LINK_COUNT_` int(11) NULL DEFAULT NULL,
  `SUB_TASK_COUNT_` int(11) NULL DEFAULT NULL,
  PRIMARY KEY (`ID_`) USING BTREE,
  INDEX `ACT_IDX_TASK_CREATE`(`CREATE_TIME_`) USING BTREE,
  INDEX `ACT_IDX_TASK_SCOPE`(`SCOPE_ID_`, `SCOPE_TYPE_`) USING BTREE,
  INDEX `ACT_IDX_TASK_SUB_SCOPE`(`SUB_SCOPE_ID_`, `SCOPE_TYPE_`) USING BTREE,
  INDEX `ACT_IDX_TASK_SCOPE_DEF`(`SCOPE_DEFINITION_ID_`, `SCOPE_TYPE_`) USING BTREE,
  INDEX `ACT_FK_TASK_EXE`(`EXECUTION_ID_`) USING BTREE,
  INDEX `ACT_FK_TASK_PROCINST`(`PROC_INST_ID_`) USING BTREE,
  INDEX `ACT_FK_TASK_PROCDEF`(`PROC_DEF_ID_`) USING BTREE,
  CONSTRAINT `ACT_FK_TASK_EXE` FOREIGN KEY (`EXECUTION_ID_`) REFERENCES `act_ru_execution` (`ID_`) ON DELETE RESTRICT ON UPDATE RESTRICT,
  CONSTRAINT `ACT_FK_TASK_PROCDEF` FOREIGN KEY (`PROC_DEF_ID_`) REFERENCES `act_re_procdef` (`ID_`) ON DELETE RESTRICT ON UPDATE RESTRICT,
  CONSTRAINT `ACT_FK_TASK_PROCINST` FOREIGN KEY (`PROC_INST_ID_`) REFERENCES `act_ru_execution` (`ID_`) ON DELETE RESTRICT ON UPDATE RESTRICT
) ENGINE = InnoDB CHARACTER SET = utf8 COLLATE = utf8_bin ROW_FORMAT = Dynamic;

-- ----------------------------
-- Records of act_ru_task
-- ----------------------------
INSERT INTO `act_ru_task` VALUES ('0992b538-ba33-11eb-8d3e-00ff08753f51', 1, '09843644-ba33-11eb-8d3e-00ff08753f51', '098065b0-ba33-11eb-8d3e-00ff08753f51', 'Leave:1:b3dadb5d-ba1b-11eb-b8de-00ff08753f51', NULL, NULL, NULL, NULL, NULL, '小狗审批', NULL, NULL, 'sid-319D25F3-5CA4-4F9B-BCC6-D4F6EE578E8B', NULL, '小狗', NULL, 50, '2021-05-21 20:49:53.094', NULL, NULL, 1, '', NULL, NULL, 1, 0, 0, 0);
INSERT INTO `act_ru_task` VALUES ('0aa96029-ba34-11eb-8096-00ff08753f51', 1, '0a9d5235-ba34-11eb-8096-00ff08753f51', '0a98be51-ba34-11eb-8096-00ff08753f51', 'Leave:1:b3dadb5d-ba1b-11eb-b8de-00ff08753f51', NULL, NULL, NULL, NULL, NULL, '小狗审批', NULL, NULL, 'sid-319D25F3-5CA4-4F9B-BCC6-D4F6EE578E8B', NULL, '小狗', NULL, 50, '2021-05-21 20:57:04.426', NULL, NULL, 1, '', NULL, NULL, 1, 0, 0, 0);
INSERT INTO `act_ru_task` VALUES ('3b3b4064-ba2f-11eb-8452-00ff08753f51', 1, '3b3af240-ba2f-11eb-8452-00ff08753f51', '3b3aa41c-ba2f-11eb-8452-00ff08753f51', 'Leave:1:b3dadb5d-ba1b-11eb-b8de-00ff08753f51', NULL, NULL, NULL, NULL, NULL, '小狗审批', NULL, NULL, 'sid-319D25F3-5CA4-4F9B-BCC6-D4F6EE578E8B', NULL, '小狗', NULL, 50, '2021-05-21 20:22:38.490', NULL, NULL, 1, '', NULL, NULL, 1, 0, 0, 0);
INSERT INTO `act_ru_task` VALUES ('3f78b853-ba2e-11eb-8452-00ff08753f51', 1, '3f78913f-ba2e-11eb-8452-00ff08753f51', '3f78913b-ba2e-11eb-8452-00ff08753f51', 'Leave:1:b3dadb5d-ba1b-11eb-b8de-00ff08753f51', NULL, NULL, NULL, NULL, NULL, '小狗审批', NULL, NULL, 'sid-319D25F3-5CA4-4F9B-BCC6-D4F6EE578E8B', NULL, '小狗', NULL, 50, '2021-05-21 20:15:36.107', NULL, NULL, 1, '', NULL, NULL, 1, 0, 0, 0);
INSERT INTO `act_ru_task` VALUES ('522b238f-ba2f-11eb-8452-00ff08753f51', 1, '522afc7b-ba2f-11eb-8452-00ff08753f51', '522afc77-ba2f-11eb-8452-00ff08753f51', 'Leave:1:b3dadb5d-ba1b-11eb-b8de-00ff08753f51', NULL, NULL, NULL, NULL, NULL, '小狗审批', NULL, NULL, 'sid-319D25F3-5CA4-4F9B-BCC6-D4F6EE578E8B', NULL, '小狗', NULL, 50, '2021-05-21 20:23:16.972', NULL, NULL, 1, '', NULL, NULL, 1, 0, 0, 0);
INSERT INTO `act_ru_task` VALUES ('6e0e9c39-ba3b-11eb-b716-00ff08753f51', 1, '6e009275-ba3b-11eb-b716-00ff08753f51', '6dfd8531-ba3b-11eb-b716-00ff08753f51', 'Leave:1:b3dadb5d-ba1b-11eb-b8de-00ff08753f51', NULL, NULL, NULL, NULL, NULL, '小狗审批', NULL, NULL, 'sid-319D25F3-5CA4-4F9B-BCC6-D4F6EE578E8B', NULL, '小狗', NULL, 50, '2021-05-21 21:49:57.651', NULL, NULL, 1, '', NULL, NULL, 1, 0, 0, 0);
INSERT INTO `act_ru_task` VALUES ('92e22cbe-ba2e-11eb-8452-00ff08753f51', 1, '92e1de9a-ba2e-11eb-8452-00ff08753f51', '92dfe2c6-ba2e-11eb-8452-00ff08753f51', 'Leave:1:b3dadb5d-ba1b-11eb-b8de-00ff08753f51', NULL, NULL, NULL, NULL, NULL, '小狗审批', NULL, NULL, 'sid-319D25F3-5CA4-4F9B-BCC6-D4F6EE578E8B', NULL, '小狗', NULL, 50, '2021-05-21 20:17:56.049', NULL, NULL, 1, '', NULL, NULL, 1, 0, 0, 0);
INSERT INTO `act_ru_task` VALUES ('9b19eaca-ba32-11eb-8452-00ff08753f51', 1, '9b199ca6-ba32-11eb-8452-00ff08753f51', '9b192772-ba32-11eb-8452-00ff08753f51', 'Leave:1:b3dadb5d-ba1b-11eb-b8de-00ff08753f51', NULL, NULL, NULL, NULL, NULL, '小狗审批', NULL, NULL, 'sid-319D25F3-5CA4-4F9B-BCC6-D4F6EE578E8B', NULL, '小狗', NULL, 50, '2021-05-21 20:46:47.822', NULL, NULL, 1, '', NULL, NULL, 1, 0, 0, 0);
INSERT INTO `act_ru_task` VALUES ('c0d76046-ba37-11eb-a656-00ff08753f51', 1, 'c0ccb1e2-ba37-11eb-a656-00ff08753f51', 'c0c9cbae-ba37-11eb-a656-00ff08753f51', 'Leave:1:b3dadb5d-ba1b-11eb-b8de-00ff08753f51', NULL, NULL, NULL, NULL, NULL, '小狗审批', NULL, NULL, 'sid-319D25F3-5CA4-4F9B-BCC6-D4F6EE578E8B', NULL, '小狗', NULL, 50, '2021-05-21 21:23:38.570', NULL, NULL, 1, '', NULL, NULL, 1, 0, 0, 0);
INSERT INTO `act_ru_task` VALUES ('ec180129-ba2e-11eb-8452-00ff08753f51', 1, 'ec178bf5-ba2e-11eb-8452-00ff08753f51', 'ec1764e1-ba2e-11eb-8452-00ff08753f51', 'Leave:1:b3dadb5d-ba1b-11eb-b8de-00ff08753f51', NULL, NULL, NULL, NULL, NULL, '小狗审批', NULL, NULL, 'sid-319D25F3-5CA4-4F9B-BCC6-D4F6EE578E8B', NULL, '小狗', NULL, 50, '2021-05-21 20:20:25.719', NULL, NULL, 1, '', NULL, NULL, 1, 0, 0, 0);
INSERT INTO `act_ru_task` VALUES ('f827e248-ba2d-11eb-8452-00ff08753f51', 1, 'f8196354-ba2d-11eb-8452-00ff08753f51', 'f81544a0-ba2d-11eb-8452-00ff08753f51', 'Leave:1:b3dadb5d-ba1b-11eb-b8de-00ff08753f51', NULL, NULL, NULL, NULL, NULL, '小狗审批', NULL, NULL, 'sid-319D25F3-5CA4-4F9B-BCC6-D4F6EE578E8B', NULL, '小狗', NULL, 50, '2021-05-21 20:13:36.387', NULL, NULL, 1, '', NULL, NULL, 1, 0, 0, 0);

-- ----------------------------
-- Table structure for act_ru_timer_job
-- ----------------------------
DROP TABLE IF EXISTS `act_ru_timer_job`;
CREATE TABLE `act_ru_timer_job`  (
  `ID_` varchar(64) CHARACTER SET utf8 COLLATE utf8_bin NOT NULL,
  `REV_` int(11) NULL DEFAULT NULL,
  `TYPE_` varchar(255) CHARACTER SET utf8 COLLATE utf8_bin NOT NULL,
  `LOCK_EXP_TIME_` timestamp(3) NULL DEFAULT NULL,
  `LOCK_OWNER_` varchar(255) CHARACTER SET utf8 COLLATE utf8_bin NULL DEFAULT NULL,
  `EXCLUSIVE_` tinyint(1) NULL DEFAULT NULL,
  `EXECUTION_ID_` varchar(64) CHARACTER SET utf8 COLLATE utf8_bin NULL DEFAULT NULL,
  `PROCESS_INSTANCE_ID_` varchar(64) CHARACTER SET utf8 COLLATE utf8_bin NULL DEFAULT NULL,
  `PROC_DEF_ID_` varchar(64) CHARACTER SET utf8 COLLATE utf8_bin NULL DEFAULT NULL,
  `ELEMENT_ID_` varchar(255) CHARACTER SET utf8 COLLATE utf8_bin NULL DEFAULT NULL,
  `ELEMENT_NAME_` varchar(255) CHARACTER SET utf8 COLLATE utf8_bin NULL DEFAULT NULL,
  `SCOPE_ID_` varchar(255) CHARACTER SET utf8 COLLATE utf8_bin NULL DEFAULT NULL,
  `SUB_SCOPE_ID_` varchar(255) CHARACTER SET utf8 COLLATE utf8_bin NULL DEFAULT NULL,
  `SCOPE_TYPE_` varchar(255) CHARACTER SET utf8 COLLATE utf8_bin NULL DEFAULT NULL,
  `SCOPE_DEFINITION_ID_` varchar(255) CHARACTER SET utf8 COLLATE utf8_bin NULL DEFAULT NULL,
  `RETRIES_` int(11) NULL DEFAULT NULL,
  `EXCEPTION_STACK_ID_` varchar(64) CHARACTER SET utf8 COLLATE utf8_bin NULL DEFAULT NULL,
  `EXCEPTION_MSG_` varchar(4000) CHARACTER SET utf8 COLLATE utf8_bin NULL DEFAULT NULL,
  `DUEDATE_` timestamp(3) NULL DEFAULT NULL,
  `REPEAT_` varchar(255) CHARACTER SET utf8 COLLATE utf8_bin NULL DEFAULT NULL,
  `HANDLER_TYPE_` varchar(255) CHARACTER SET utf8 COLLATE utf8_bin NULL DEFAULT NULL,
  `HANDLER_CFG_` varchar(4000) CHARACTER SET utf8 COLLATE utf8_bin NULL DEFAULT NULL,
  `CUSTOM_VALUES_ID_` varchar(64) CHARACTER SET utf8 COLLATE utf8_bin NULL DEFAULT NULL,
  `CREATE_TIME_` timestamp(3) NULL DEFAULT NULL,
  `TENANT_ID_` varchar(255) CHARACTER SET utf8 COLLATE utf8_bin NULL DEFAULT '',
  PRIMARY KEY (`ID_`) USING BTREE,
  INDEX `ACT_IDX_TIMER_JOB_EXCEPTION_STACK_ID`(`EXCEPTION_STACK_ID_`) USING BTREE,
  INDEX `ACT_IDX_TIMER_JOB_CUSTOM_VALUES_ID`(`CUSTOM_VALUES_ID_`) USING BTREE,
  INDEX `ACT_IDX_TJOB_SCOPE`(`SCOPE_ID_`, `SCOPE_TYPE_`) USING BTREE,
  INDEX `ACT_IDX_TJOB_SUB_SCOPE`(`SUB_SCOPE_ID_`, `SCOPE_TYPE_`) USING BTREE,
  INDEX `ACT_IDX_TJOB_SCOPE_DEF`(`SCOPE_DEFINITION_ID_`, `SCOPE_TYPE_`) USING BTREE,
  INDEX `ACT_FK_TIMER_JOB_EXECUTION`(`EXECUTION_ID_`) USING BTREE,
  INDEX `ACT_FK_TIMER_JOB_PROCESS_INSTANCE`(`PROCESS_INSTANCE_ID_`) USING BTREE,
  INDEX `ACT_FK_TIMER_JOB_PROC_DEF`(`PROC_DEF_ID_`) USING BTREE,
  CONSTRAINT `ACT_FK_TIMER_JOB_CUSTOM_VALUES` FOREIGN KEY (`CUSTOM_VALUES_ID_`) REFERENCES `act_ge_bytearray` (`ID_`) ON DELETE RESTRICT ON UPDATE RESTRICT,
  CONSTRAINT `ACT_FK_TIMER_JOB_EXCEPTION` FOREIGN KEY (`EXCEPTION_STACK_ID_`) REFERENCES `act_ge_bytearray` (`ID_`) ON DELETE RESTRICT ON UPDATE RESTRICT,
  CONSTRAINT `ACT_FK_TIMER_JOB_EXECUTION` FOREIGN KEY (`EXECUTION_ID_`) REFERENCES `act_ru_execution` (`ID_`) ON DELETE RESTRICT ON UPDATE RESTRICT,
  CONSTRAINT `ACT_FK_TIMER_JOB_PROCESS_INSTANCE` FOREIGN KEY (`PROCESS_INSTANCE_ID_`) REFERENCES `act_ru_execution` (`ID_`) ON DELETE RESTRICT ON UPDATE RESTRICT,
  CONSTRAINT `ACT_FK_TIMER_JOB_PROC_DEF` FOREIGN KEY (`PROC_DEF_ID_`) REFERENCES `act_re_procdef` (`ID_`) ON DELETE RESTRICT ON UPDATE RESTRICT
) ENGINE = InnoDB CHARACTER SET = utf8 COLLATE = utf8_bin ROW_FORMAT = Dynamic;

-- ----------------------------
-- Records of act_ru_timer_job
-- ----------------------------

-- ----------------------------
-- Table structure for act_ru_variable
-- ----------------------------
DROP TABLE IF EXISTS `act_ru_variable`;
CREATE TABLE `act_ru_variable`  (
  `ID_` varchar(64) CHARACTER SET utf8 COLLATE utf8_bin NOT NULL,
  `REV_` int(11) NULL DEFAULT NULL,
  `TYPE_` varchar(255) CHARACTER SET utf8 COLLATE utf8_bin NOT NULL,
  `NAME_` varchar(255) CHARACTER SET utf8 COLLATE utf8_bin NOT NULL,
  `EXECUTION_ID_` varchar(64) CHARACTER SET utf8 COLLATE utf8_bin NULL DEFAULT NULL,
  `PROC_INST_ID_` varchar(64) CHARACTER SET utf8 COLLATE utf8_bin NULL DEFAULT NULL,
  `TASK_ID_` varchar(64) CHARACTER SET utf8 COLLATE utf8_bin NULL DEFAULT NULL,
  `SCOPE_ID_` varchar(255) CHARACTER SET utf8 COLLATE utf8_bin NULL DEFAULT NULL,
  `SUB_SCOPE_ID_` varchar(255) CHARACTER SET utf8 COLLATE utf8_bin NULL DEFAULT NULL,
  `SCOPE_TYPE_` varchar(255) CHARACTER SET utf8 COLLATE utf8_bin NULL DEFAULT NULL,
  `BYTEARRAY_ID_` varchar(64) CHARACTER SET utf8 COLLATE utf8_bin NULL DEFAULT NULL,
  `DOUBLE_` double NULL DEFAULT NULL,
  `LONG_` bigint(20) NULL DEFAULT NULL,
  `TEXT_` varchar(4000) CHARACTER SET utf8 COLLATE utf8_bin NULL DEFAULT NULL,
  `TEXT2_` varchar(4000) CHARACTER SET utf8 COLLATE utf8_bin NULL DEFAULT NULL,
  PRIMARY KEY (`ID_`) USING BTREE,
  INDEX `ACT_IDX_RU_VAR_SCOPE_ID_TYPE`(`SCOPE_ID_`, `SCOPE_TYPE_`) USING BTREE,
  INDEX `ACT_IDX_RU_VAR_SUB_ID_TYPE`(`SUB_SCOPE_ID_`, `SCOPE_TYPE_`) USING BTREE,
  INDEX `ACT_FK_VAR_BYTEARRAY`(`BYTEARRAY_ID_`) USING BTREE,
  INDEX `ACT_IDX_VARIABLE_TASK_ID`(`TASK_ID_`) USING BTREE,
  INDEX `ACT_FK_VAR_EXE`(`EXECUTION_ID_`) USING BTREE,
  INDEX `ACT_FK_VAR_PROCINST`(`PROC_INST_ID_`) USING BTREE,
  CONSTRAINT `ACT_FK_VAR_BYTEARRAY` FOREIGN KEY (`BYTEARRAY_ID_`) REFERENCES `act_ge_bytearray` (`ID_`) ON DELETE RESTRICT ON UPDATE RESTRICT,
  CONSTRAINT `ACT_FK_VAR_EXE` FOREIGN KEY (`EXECUTION_ID_`) REFERENCES `act_ru_execution` (`ID_`) ON DELETE RESTRICT ON UPDATE RESTRICT,
  CONSTRAINT `ACT_FK_VAR_PROCINST` FOREIGN KEY (`PROC_INST_ID_`) REFERENCES `act_ru_execution` (`ID_`) ON DELETE RESTRICT ON UPDATE RESTRICT
) ENGINE = InnoDB CHARACTER SET = utf8 COLLATE = utf8_bin ROW_FORMAT = Dynamic;

-- ----------------------------
-- Records of act_ru_variable
-- ----------------------------
INSERT INTO `act_ru_variable` VALUES ('09826182-ba33-11eb-8d3e-00ff08753f51', 1, 'string', 'userName', '098065b0-ba33-11eb-8d3e-00ff08753f51', '098065b0-ba33-11eb-8d3e-00ff08753f51', NULL, NULL, NULL, NULL, NULL, NULL, NULL, 'entfrm', NULL);
INSERT INTO `act_ru_variable` VALUES ('09839a03-ba33-11eb-8d3e-00ff08753f51', 1, 'string', 'title', '098065b0-ba33-11eb-8d3e-00ff08753f51', '098065b0-ba33-11eb-8d3e-00ff08753f51', NULL, NULL, NULL, NULL, NULL, NULL, NULL, '请假审批', NULL);
INSERT INTO `act_ru_variable` VALUES ('0a9bcb93-ba34-11eb-8096-00ff08753f51', 1, 'string', 'userName', '0a98be51-ba34-11eb-8096-00ff08753f51', '0a98be51-ba34-11eb-8096-00ff08753f51', NULL, NULL, NULL, NULL, NULL, NULL, NULL, 'entfrm', NULL);
INSERT INTO `act_ru_variable` VALUES ('0a9cb5f4-ba34-11eb-8096-00ff08753f51', 1, 'string', 'title', '0a98be51-ba34-11eb-8096-00ff08753f51', '0a98be51-ba34-11eb-8096-00ff08753f51', NULL, NULL, NULL, NULL, NULL, NULL, NULL, '请假审批', NULL);
INSERT INTO `act_ru_variable` VALUES ('3b3acb2e-ba2f-11eb-8452-00ff08753f51', 1, 'string', 'userName', '3b3aa41c-ba2f-11eb-8452-00ff08753f51', '3b3aa41c-ba2f-11eb-8452-00ff08753f51', NULL, NULL, NULL, NULL, NULL, NULL, NULL, 'entfrm', NULL);
INSERT INTO `act_ru_variable` VALUES ('3b3acb2f-ba2f-11eb-8452-00ff08753f51', 1, 'string', 'title', '3b3aa41c-ba2f-11eb-8452-00ff08753f51', '3b3aa41c-ba2f-11eb-8452-00ff08753f51', NULL, NULL, NULL, NULL, NULL, NULL, NULL, '请假审批', NULL);
INSERT INTO `act_ru_variable` VALUES ('3f78913d-ba2e-11eb-8452-00ff08753f51', 1, 'string', 'userName', '3f78913b-ba2e-11eb-8452-00ff08753f51', '3f78913b-ba2e-11eb-8452-00ff08753f51', NULL, NULL, NULL, NULL, NULL, NULL, NULL, 'entfrm', NULL);
INSERT INTO `act_ru_variable` VALUES ('3f78913e-ba2e-11eb-8452-00ff08753f51', 1, 'string', 'title', '3f78913b-ba2e-11eb-8452-00ff08753f51', '3f78913b-ba2e-11eb-8452-00ff08753f51', NULL, NULL, NULL, NULL, NULL, NULL, NULL, '请假审批', NULL);
INSERT INTO `act_ru_variable` VALUES ('522afc79-ba2f-11eb-8452-00ff08753f51', 1, 'string', 'userName', '522afc77-ba2f-11eb-8452-00ff08753f51', '522afc77-ba2f-11eb-8452-00ff08753f51', NULL, NULL, NULL, NULL, NULL, NULL, NULL, 'entfrm', NULL);
INSERT INTO `act_ru_variable` VALUES ('522afc7a-ba2f-11eb-8452-00ff08753f51', 1, 'string', 'title', '522afc77-ba2f-11eb-8452-00ff08753f51', '522afc77-ba2f-11eb-8452-00ff08753f51', NULL, NULL, NULL, NULL, NULL, NULL, NULL, '请假审批', NULL);
INSERT INTO `act_ru_variable` VALUES ('6dff0bd3-ba3b-11eb-b716-00ff08753f51', 1, 'string', 'userName', '6dfd8531-ba3b-11eb-b716-00ff08753f51', '6dfd8531-ba3b-11eb-b716-00ff08753f51', NULL, NULL, NULL, NULL, NULL, NULL, NULL, '小狗', NULL);
INSERT INTO `act_ru_variable` VALUES ('6e004454-ba3b-11eb-b716-00ff08753f51', 1, 'string', 'title', '6dfd8531-ba3b-11eb-b716-00ff08753f51', '6dfd8531-ba3b-11eb-b716-00ff08753f51', NULL, NULL, NULL, NULL, NULL, NULL, NULL, '请假审批', NULL);
INSERT INTO `act_ru_variable` VALUES ('92e1b788-ba2e-11eb-8452-00ff08753f51', 1, 'string', 'userName', '92dfe2c6-ba2e-11eb-8452-00ff08753f51', '92dfe2c6-ba2e-11eb-8452-00ff08753f51', NULL, NULL, NULL, NULL, NULL, NULL, NULL, 'entfrm', NULL);
INSERT INTO `act_ru_variable` VALUES ('92e1de99-ba2e-11eb-8452-00ff08753f51', 1, 'string', 'title', '92dfe2c6-ba2e-11eb-8452-00ff08753f51', '92dfe2c6-ba2e-11eb-8452-00ff08753f51', NULL, NULL, NULL, NULL, NULL, NULL, NULL, '请假审批', NULL);
INSERT INTO `act_ru_variable` VALUES ('9b197594-ba32-11eb-8452-00ff08753f51', 1, 'string', 'userName', '9b192772-ba32-11eb-8452-00ff08753f51', '9b192772-ba32-11eb-8452-00ff08753f51', NULL, NULL, NULL, NULL, NULL, NULL, NULL, 'entfrm', NULL);
INSERT INTO `act_ru_variable` VALUES ('9b199ca5-ba32-11eb-8452-00ff08753f51', 1, 'string', 'title', '9b192772-ba32-11eb-8452-00ff08753f51', '9b192772-ba32-11eb-8452-00ff08753f51', NULL, NULL, NULL, NULL, NULL, NULL, NULL, '请假审批', NULL);
INSERT INTO `act_ru_variable` VALUES ('c0cba070-ba37-11eb-a656-00ff08753f51', 1, 'string', 'userName', 'c0c9cbae-ba37-11eb-a656-00ff08753f51', 'c0c9cbae-ba37-11eb-a656-00ff08753f51', NULL, NULL, NULL, NULL, NULL, NULL, NULL, '小狗', NULL);
INSERT INTO `act_ru_variable` VALUES ('c0cc3cb1-ba37-11eb-a656-00ff08753f51', 1, 'string', 'title', 'c0c9cbae-ba37-11eb-a656-00ff08753f51', 'c0c9cbae-ba37-11eb-a656-00ff08753f51', NULL, NULL, NULL, NULL, NULL, NULL, NULL, '请假审批', NULL);
INSERT INTO `act_ru_variable` VALUES ('ec1764e3-ba2e-11eb-8452-00ff08753f51', 1, 'string', 'userName', 'ec1764e1-ba2e-11eb-8452-00ff08753f51', 'ec1764e1-ba2e-11eb-8452-00ff08753f51', NULL, NULL, NULL, NULL, NULL, NULL, NULL, 'entfrm', NULL);
INSERT INTO `act_ru_variable` VALUES ('ec178bf4-ba2e-11eb-8452-00ff08753f51', 1, 'string', 'title', 'ec1764e1-ba2e-11eb-8452-00ff08753f51', 'ec1764e1-ba2e-11eb-8452-00ff08753f51', NULL, NULL, NULL, NULL, NULL, NULL, NULL, '请假审批', NULL);
INSERT INTO `act_ru_variable` VALUES ('f817dcb2-ba2d-11eb-8452-00ff08753f51', 1, 'string', 'userName', 'f81544a0-ba2d-11eb-8452-00ff08753f51', 'f81544a0-ba2d-11eb-8452-00ff08753f51', NULL, NULL, NULL, NULL, NULL, NULL, NULL, 'entfrm', NULL);
INSERT INTO `act_ru_variable` VALUES ('f818c713-ba2d-11eb-8452-00ff08753f51', 1, 'string', 'title', 'f81544a0-ba2d-11eb-8452-00ff08753f51', 'f81544a0-ba2d-11eb-8452-00ff08753f51', NULL, NULL, NULL, NULL, NULL, NULL, NULL, '请假审批', NULL);

-- ----------------------------
-- Table structure for dev_apiinfo
-- ----------------------------
DROP TABLE IF EXISTS `dev_apiinfo`;
CREATE TABLE `dev_apiinfo`  (
  `id` int(11) NOT NULL AUTO_INCREMENT COMMENT '编号',
  `application_id` int(11) NULL DEFAULT NULL COMMENT '应用编号',
  `table_id` int(11) NULL DEFAULT NULL COMMENT '表编号',
  `table_name` varchar(60) CHARACTER SET utf8mb4 COLLATE utf8mb4_general_ci NULL DEFAULT NULL COMMENT '表名',
  `name` varchar(60) CHARACTER SET utf8mb4 COLLATE utf8mb4_general_ci NULL DEFAULT NULL COMMENT '名称',
  `code` varchar(32) CHARACTER SET utf8mb4 COLLATE utf8mb4_general_ci NULL DEFAULT NULL COMMENT '自定义编号',
  `parent_id` int(11) NULL DEFAULT NULL COMMENT '父编号',
  `type` varchar(10) CHARACTER SET utf8mb4 COLLATE utf8mb4_general_ci NULL DEFAULT NULL COMMENT '接口类型',
  `request_type` varchar(10) CHARACTER SET utf8mb4 COLLATE utf8mb4_general_ci NULL DEFAULT NULL COMMENT '请求方式',
  `request_method` varchar(30) CHARACTER SET utf8mb4 COLLATE utf8mb4_general_ci NULL DEFAULT NULL COMMENT '请求方法',
  `fdata` text CHARACTER SET utf8mb4 COLLATE utf8mb4_general_ci NULL COMMENT '字段数据',
  `pdata` text CHARACTER SET utf8mb4 COLLATE utf8mb4_general_ci NULL COMMENT '参数数据',
  `scripts` varchar(255) CHARACTER SET utf8mb4 COLLATE utf8mb4_general_ci NULL DEFAULT NULL COMMENT '脚本',
  `dept_id` int(11) NULL DEFAULT NULL COMMENT '机构编号',
  `status` char(1) CHARACTER SET utf8mb4 COLLATE utf8mb4_general_ci NULL DEFAULT '0' COMMENT '状态（0-正常，1-停用）',
  `create_by` varchar(60) CHARACTER SET utf8mb4 COLLATE utf8mb4_general_ci NULL DEFAULT NULL COMMENT '创建人',
  `create_time` datetime(0) NULL DEFAULT NULL COMMENT '创建时间',
  `update_by` varchar(60) CHARACTER SET utf8mb4 COLLATE utf8mb4_general_ci NULL DEFAULT NULL COMMENT '更新人',
  `update_time` datetime(0) NULL DEFAULT NULL COMMENT '更新时间',
  `remarks` varchar(255) CHARACTER SET utf8mb4 COLLATE utf8mb4_general_ci NULL DEFAULT NULL COMMENT '备注',
  `del_flag` char(1) CHARACTER SET utf8mb4 COLLATE utf8mb4_general_ci NULL DEFAULT '0' COMMENT '删除标识（0-正常，1-删除）',
  PRIMARY KEY (`id`) USING BTREE
) ENGINE = InnoDB AUTO_INCREMENT = 1 CHARACTER SET = utf8mb4 COLLATE = utf8mb4_general_ci COMMENT = '接口信息' ROW_FORMAT = DYNAMIC;

-- ----------------------------
-- Records of dev_apiinfo
-- ----------------------------

-- ----------------------------
-- Table structure for dev_column
-- ----------------------------
DROP TABLE IF EXISTS `dev_column`;
CREATE TABLE `dev_column`  (
  `id` int(11) NOT NULL AUTO_INCREMENT COMMENT '编号',
  `table_id` varchar(64) CHARACTER SET utf8mb4 COLLATE utf8mb4_general_ci NULL DEFAULT NULL COMMENT '归属表编号',
  `column_name` varchar(200) CHARACTER SET utf8mb4 COLLATE utf8mb4_general_ci NULL DEFAULT NULL COMMENT '列名称',
  `column_comment` varchar(500) CHARACTER SET utf8mb4 COLLATE utf8mb4_general_ci NULL DEFAULT NULL COMMENT '列描述',
  `column_type` varchar(100) CHARACTER SET utf8mb4 COLLATE utf8mb4_general_ci NULL DEFAULT NULL COMMENT '列类型',
  `java_type` varchar(500) CHARACTER SET utf8mb4 COLLATE utf8mb4_general_ci NULL DEFAULT NULL COMMENT 'JAVA类型',
  `java_field` varchar(200) CHARACTER SET utf8mb4 COLLATE utf8mb4_general_ci NULL DEFAULT NULL COMMENT 'JAVA字段名',
  `def_value` varchar(120) CHARACTER SET utf8 COLLATE utf8_general_ci NULL DEFAULT NULL COMMENT '默认值',
  `is_pk` char(1) CHARACTER SET utf8mb4 COLLATE utf8mb4_general_ci NULL DEFAULT '0' COMMENT '是否主键（1是）',
  `is_increment` char(1) CHARACTER SET utf8mb4 COLLATE utf8mb4_general_ci NULL DEFAULT '0' COMMENT '是否自增（1是）',
  `is_required` char(1) CHARACTER SET utf8mb4 COLLATE utf8mb4_general_ci NULL DEFAULT '0' COMMENT '是否必填（1是）',
  `is_add` char(1) CHARACTER SET utf8mb4 COLLATE utf8mb4_general_ci NULL DEFAULT '0' COMMENT '是否为新增字段（1是）',
  `is_edit` char(1) CHARACTER SET utf8mb4 COLLATE utf8mb4_general_ci NULL DEFAULT '0' COMMENT '是否编辑字段（1是）',
  `is_list` char(1) CHARACTER SET utf8mb4 COLLATE utf8mb4_general_ci NULL DEFAULT '0' COMMENT '是否列表字段（1是）',
  `is_query` char(1) CHARACTER SET utf8mb4 COLLATE utf8mb4_general_ci NULL DEFAULT '0' COMMENT '是否查询字段（1是）',
  `query_type` varchar(20) CHARACTER SET utf8mb4 COLLATE utf8mb4_general_ci NULL DEFAULT 'eq' COMMENT '查询方式（等于、不等于、大于、小于、范围）',
  `html_type` varchar(200) CHARACTER SET utf8mb4 COLLATE utf8mb4_general_ci NULL DEFAULT NULL COMMENT '显示类型（文本框、文本域、下拉框、复选框、单选框、日期控件）',
  `dict_type` varchar(200) CHARACTER SET utf8mb4 COLLATE utf8mb4_general_ci NULL DEFAULT '' COMMENT '字典类型',
  `sort` int(11) NULL DEFAULT NULL COMMENT '排序',
  `create_by` varchar(64) CHARACTER SET utf8mb4 COLLATE utf8mb4_general_ci NULL DEFAULT '' COMMENT '创建者',
  `create_time` datetime(0) NULL DEFAULT NULL COMMENT '创建时间',
  `update_by` varchar(64) CHARACTER SET utf8mb4 COLLATE utf8mb4_general_ci NULL DEFAULT '' COMMENT '更新者',
  `update_time` datetime(0) NULL DEFAULT NULL COMMENT '更新时间',
  `remarks` varchar(500) CHARACTER SET utf8mb4 COLLATE utf8mb4_general_ci NULL DEFAULT NULL COMMENT '备注',
  `del_flag` char(1) CHARACTER SET utf8mb4 COLLATE utf8mb4_bin NULL DEFAULT '0' COMMENT '0-正常，1-删除',
  PRIMARY KEY (`id`) USING BTREE
) ENGINE = InnoDB AUTO_INCREMENT = 11 CHARACTER SET = utf8 COLLATE = utf8_general_ci ROW_FORMAT = DYNAMIC;

-- ----------------------------
-- Records of dev_column
-- ----------------------------
INSERT INTO `dev_column` VALUES (1, '1', 'id', '编号', 'int(11)', 'Integer', 'id', NULL, '1', '1', '0', '0', '0', '1', '0', 'eq', 'input', '', NULL, '小狗', '2021-05-11 10:00:49', '', NULL, NULL, '0');
INSERT INTO `dev_column` VALUES (2, '1', 'user_name', '请假人', 'varchar(60)', 'String', 'userName', NULL, '0', '0', '0', '1', '1', '1', '1', 'like', 'input', '', NULL, '小狗', '2021-05-11 10:00:49', '', NULL, NULL, '0');
INSERT INTO `dev_column` VALUES (3, '1', 'type', '请假类型', 'varchar(60)', 'String', 'type', NULL, '0', '0', '0', '1', '1', '1', '0', 'eq', 'input', '', NULL, '小狗', '2021-05-11 10:00:50', '', NULL, NULL, '0');
INSERT INTO `dev_column` VALUES (4, '1', 'cause', '请假事由', 'varchar(255)', 'String', 'cause', NULL, '0', '0', '0', '1', '1', '0', '0', 'eq', 'textarea', '', NULL, '小狗', '2021-05-11 10:00:50', '', NULL, NULL, '0');
INSERT INTO `dev_column` VALUES (5, '1', 'create_by', '创建人', 'varchar(60)', 'String', 'createBy', NULL, '0', '0', '0', '0', '0', '0', '0', 'eq', 'input', '', NULL, '小狗', '2021-05-11 10:00:50', '', NULL, NULL, '0');
INSERT INTO `dev_column` VALUES (6, '1', 'create_time', '创建时间', 'datetime', 'Date', 'createTime', NULL, '0', '0', '0', '0', '0', '1', '1', 'between', 'datetime', '', NULL, '小狗', '2021-05-11 10:00:50', '', NULL, NULL, '0');
INSERT INTO `dev_column` VALUES (7, '1', 'update_by', '更新人', 'varchar(60)', 'String', 'updateBy', NULL, '0', '0', '0', '0', '0', '0', '0', 'eq', 'input', '', NULL, '小狗', '2021-05-11 10:00:50', '', NULL, NULL, '0');
INSERT INTO `dev_column` VALUES (8, '1', 'update_time', '更新时间', 'datetime', 'Date', 'updateTime', NULL, '0', '0', '0', '0', '0', '0', '0', 'between', 'datetime', '', NULL, '小狗', '2021-05-11 10:00:50', '', NULL, NULL, '0');
INSERT INTO `dev_column` VALUES (9, '1', 'remarks', '备注', 'varchar(255)', 'String', 'remarks', NULL, '0', '0', '0', '1', '1', '0', '0', 'eq', 'textarea', '', NULL, '小狗', '2021-05-11 10:00:50', '', NULL, NULL, '0');
INSERT INTO `dev_column` VALUES (10, '1', 'del_flag', '删除标识（0-正常，1-删除）', 'char(1)', 'String', 'delFlag', '0', '0', '0', '0', '0', '0', '0', '0', 'eq', 'input', '', NULL, '小狗', '2021-05-11 10:00:50', '', NULL, NULL, '0');

-- ----------------------------
-- Table structure for dev_dataset
-- ----------------------------
DROP TABLE IF EXISTS `dev_dataset`;
CREATE TABLE `dev_dataset`  (
  `id` int(11) NOT NULL AUTO_INCREMENT COMMENT '编号',
  `code` varchar(64) CHARACTER SET utf8 COLLATE utf8_general_ci NULL DEFAULT NULL COMMENT '编码',
  `name` varchar(60) CHARACTER SET utf8 COLLATE utf8_general_ci NULL DEFAULT NULL COMMENT '名称',
  `alias` varchar(120) CHARACTER SET utf8 COLLATE utf8_general_ci NULL DEFAULT NULL COMMENT '数据源别名',
  `ftype` varchar(10) CHARACTER SET utf8 COLLATE utf8_general_ci NULL DEFAULT 'json' COMMENT '格式类型',
  `cdata` text CHARACTER SET utf8 COLLATE utf8_general_ci NULL COMMENT '配置数据',
  `is_page` char(1) CHARACTER SET utf8 COLLATE utf8_general_ci NULL DEFAULT '0' COMMENT '是否分页',
  `scripts` text CHARACTER SET utf8 COLLATE utf8_general_ci NULL COMMENT 'sql脚本',
  `create_by` varchar(60) CHARACTER SET utf8 COLLATE utf8_general_ci NULL DEFAULT NULL COMMENT '创建人',
  `create_time` datetime(0) NULL DEFAULT NULL COMMENT '创建时间',
  `update_by` varchar(60) CHARACTER SET utf8 COLLATE utf8_general_ci NULL DEFAULT NULL COMMENT '更新人',
  `update_time` datetime(0) NULL DEFAULT NULL COMMENT '更新时间',
  `remarks` varchar(255) CHARACTER SET utf8 COLLATE utf8_general_ci NULL DEFAULT NULL COMMENT '备注',
  `del_flag` char(1) CHARACTER SET utf8 COLLATE utf8_general_ci NOT NULL DEFAULT '0' COMMENT '删除标识（0-正常，1-删除）',
  PRIMARY KEY (`id`) USING BTREE
) ENGINE = InnoDB AUTO_INCREMENT = 1 CHARACTER SET = utf8 COLLATE = utf8_general_ci COMMENT = '数据源' ROW_FORMAT = DYNAMIC;

-- ----------------------------
-- Records of dev_dataset
-- ----------------------------

-- ----------------------------
-- Table structure for dev_form
-- ----------------------------
DROP TABLE IF EXISTS `dev_form`;
CREATE TABLE `dev_form`  (
  `id` int(11) NOT NULL AUTO_INCREMENT,
  `name` varchar(60) CHARACTER SET utf8mb4 COLLATE utf8mb4_general_ci NULL DEFAULT NULL COMMENT '表单名称',
  `code` varchar(30) CHARACTER SET utf8mb4 COLLATE utf8mb4_general_ci NULL DEFAULT NULL COMMENT '表单标识',
  `type` char(1) CHARACTER SET utf8mb4 COLLATE utf8mb4_general_ci NULL DEFAULT '0' COMMENT '表单类型',
  `ds_alias` varchar(30) CHARACTER SET utf8mb4 COLLATE utf8mb4_general_ci NULL DEFAULT NULL COMMENT '数据库别名',
  `table_name` varchar(60) CHARACTER SET utf8mb4 COLLATE utf8mb4_general_ci NULL DEFAULT NULL COMMENT '表名',
  `data` text CHARACTER SET utf8mb4 COLLATE utf8mb4_general_ci NULL COMMENT '表单数据',
  `auto_create` char(1) CHARACTER SET utf8mb4 COLLATE utf8mb4_general_ci NULL DEFAULT '0' COMMENT '自动创建',
  `version` varchar(30) CHARACTER SET utf8mb4 COLLATE utf8mb4_general_ci NULL DEFAULT NULL COMMENT '版本号',
  `status` char(1) CHARACTER SET utf8mb4 COLLATE utf8mb4_general_ci NULL DEFAULT '0' COMMENT '状态',
  `create_by` varchar(64) CHARACTER SET utf8mb4 COLLATE utf8mb4_general_ci NULL DEFAULT '' COMMENT '创建者',
  `create_time` datetime(0) NULL DEFAULT NULL COMMENT '创建时间',
  `update_by` varchar(64) CHARACTER SET utf8mb4 COLLATE utf8mb4_general_ci NULL DEFAULT '' COMMENT '更新者',
  `update_time` datetime(0) NULL DEFAULT NULL COMMENT '更新时间',
  `remarks` varchar(500) CHARACTER SET utf8mb4 COLLATE utf8mb4_general_ci NULL DEFAULT NULL COMMENT '备注',
  `del_flag` char(1) CHARACTER SET utf8mb4 COLLATE utf8mb4_general_ci NULL DEFAULT '0' COMMENT '删除标志（0代表存在 1代表删除）',
  PRIMARY KEY (`id`) USING BTREE
) ENGINE = InnoDB AUTO_INCREMENT = 3 CHARACTER SET = utf8mb4 COLLATE = utf8mb4_general_ci ROW_FORMAT = DYNAMIC;

-- ----------------------------
-- Records of dev_form
-- ----------------------------
INSERT INTO `dev_form` VALUES (1, '测试表单', 'test', '0', '1', 'test', '\"{column:[{type:\'input\',label:\'单行文本\',span:24,display:true,prop:\'1616808322555_61191\'},{type:\'textarea\',label:\'多行文本\',span:24,display:true,prop:\'1616818908722_16715\'},{type:\'radio\',label:\'单选框组\',dicData:[{label:\'选项一\',value:\'0\'},{label:\'选项二\',value:\'1\'},{label:\'选项三\',value:\'2\'}],span:12,display:true,props:{label:\'label\',value:\'value\'},prop:\'1616808328794_21064\'},{type:\'timerange\',label:\'时间范围\',span:12,display:true,format:\'HH:mm:ss\',valueFormat:\'HH:mm:ss\',prop:\'1616808492078_95952\'},{type:\'upload\',label:\'上传\',span:24,display:true,showFileList:true,multiple:true,limit:10,propsHttp:{},canvasOption:{},prop:\'1616818404413_51309\'},{type:\'icon\',label:\'图标\',component:\'avue-input-icon\',span:24,display:true,params:{iconList:[{label:\'基本图标\',list:[\'el-icon-info\',\'el-icon-error\',\'el-icon-error\',\'el-icon-success\',\'el-icon-warning\',\'el-icon-question\']},{label:\'方向图标\',list:[\'el-icon-info\',\'el-icon-back\',\'el-icon-arrow-left\',\'el-icon-arrow-down\',\'el-icon-arrow-right\',\'el-icon-arrow-up\']},{label:\'符号图标\',list:[\'el-icon-plus\',\'el-icon-minus\',\'el-icon-close\',\'el-icon-check\']}]},prop:\'1616828635931_82028\'}],labelPosition:\'left\',labelSuffix:\'：\',labelWidth:120,gutter:0,menuBtn:true,submitBtn:true,submitText:\'提交\',emptyBtn:true,emptyText:\'清空\',menuPosition:\'center\'}\"', '0', '1.0', '0', 'entfrm', '2021-03-26 23:32:55', '', '2021-03-27 11:55:19', NULL, '0');
INSERT INTO `dev_form` VALUES (2, '请假工作流表单', 'form1', '1', NULL, NULL, '{\"column\":[{\"type\":\"input\",\"label\":\"请假人\",\"span\":24,\"display\":true,\"prop\":\"userName\"},{\"type\":\"input\",\"label\":\"请假类型\",\"span\":24,\"display\":true,\"prop\":\"type\"},{\"type\":\"textarea\",\"label\":\"请假事由\",\"span\":24,\"display\":true,\"prop\":\"cause\"}],\"labelPosition\":\"left\",\"labelSuffix\":\"：\",\"labelWidth\":90,\"gutter\":0,\"menuBtn\":false,\"submitBtn\":true,\"submitText\":\"提交\",\"emptyBtn\":true,\"emptyText\":\"清空\",\"menuPosition\":\"center\",\"disabled\":true}', '0', '1.0', '0', '小狗', '2021-05-11 09:56:13', '', '2021-05-11 10:00:52', NULL, '0');

-- ----------------------------
-- Table structure for dev_table
-- ----------------------------
DROP TABLE IF EXISTS `dev_table`;
CREATE TABLE `dev_table`  (
  `id` int(11) NOT NULL AUTO_INCREMENT COMMENT '编号',
  `table_name` varchar(200) CHARACTER SET utf8mb4 COLLATE utf8mb4_general_ci NULL DEFAULT '' COMMENT '表名称',
  `table_comment` varchar(500) CHARACTER SET utf8mb4 COLLATE utf8mb4_general_ci NULL DEFAULT '' COMMENT '表描述',
  `class_name` varchar(100) CHARACTER SET utf8mb4 COLLATE utf8mb4_general_ci NULL DEFAULT '' COMMENT '实体类名称',
  `tpl_category` varchar(200) CHARACTER SET utf8mb4 COLLATE utf8mb4_general_ci NULL DEFAULT 'crud' COMMENT '使用的模板（crud单表操作 tree树表操作）',
  `package_name` varchar(100) CHARACTER SET utf8mb4 COLLATE utf8mb4_general_ci NULL DEFAULT NULL COMMENT '生成包路径',
  `module_name` varchar(30) CHARACTER SET utf8mb4 COLLATE utf8mb4_general_ci NULL DEFAULT NULL COMMENT '生成模块名',
  `business_name` varchar(30) CHARACTER SET utf8mb4 COLLATE utf8mb4_general_ci NULL DEFAULT NULL COMMENT '生成业务名',
  `function_name` varchar(50) CHARACTER SET utf8mb4 COLLATE utf8mb4_general_ci NULL DEFAULT NULL COMMENT '生成功能名',
  `function_author` varchar(50) CHARACTER SET utf8mb4 COLLATE utf8mb4_general_ci NULL DEFAULT NULL COMMENT '生成功能作者',
  `cols` varchar(2) CHARACTER SET utf8 COLLATE utf8_general_ci NULL DEFAULT '24' COMMENT '分栏',
  `gen_api` char(1) CHARACTER SET utf8 COLLATE utf8_general_ci NULL DEFAULT NULL COMMENT '生成API',
  `gen_way` char(1) CHARACTER SET utf8 COLLATE utf8_general_ci NULL DEFAULT '0' COMMENT '生成方式',
  `options` varchar(1000) CHARACTER SET utf8mb4 COLLATE utf8mb4_general_ci NULL DEFAULT NULL COMMENT '其它生成选项',
  `menu_id` int(11) NULL DEFAULT NULL COMMENT '父级菜单',
  `gen_path` varchar(255) CHARACTER SET utf8 COLLATE utf8_general_ci NULL DEFAULT NULL COMMENT '生成路径',
  `sub_table_name` varchar(120) CHARACTER SET utf8 COLLATE utf8_general_ci NULL DEFAULT NULL COMMENT '关联子表的表名',
  `sub_table_field` varchar(120) CHARACTER SET utf8 COLLATE utf8_general_ci NULL DEFAULT NULL COMMENT '关联子表的外键名',
  `create_by` varchar(64) CHARACTER SET utf8mb4 COLLATE utf8mb4_general_ci NULL DEFAULT '' COMMENT '创建者',
  `create_time` datetime(0) NULL DEFAULT NULL COMMENT '创建时间',
  `update_by` varchar(64) CHARACTER SET utf8mb4 COLLATE utf8mb4_general_ci NULL DEFAULT '' COMMENT '更新者',
  `update_time` datetime(0) NULL DEFAULT NULL COMMENT '更新时间',
  `remarks` varchar(500) CHARACTER SET utf8mb4 COLLATE utf8mb4_general_ci NULL DEFAULT NULL COMMENT '备注',
  `del_flag` char(1) CHARACTER SET utf8mb4 COLLATE utf8mb4_bin NULL DEFAULT '0' COMMENT '0-正常，1-删除',
  PRIMARY KEY (`id`) USING BTREE
) ENGINE = InnoDB AUTO_INCREMENT = 2 CHARACTER SET = utf8 COLLATE = utf8_general_ci ROW_FORMAT = DYNAMIC;

-- ----------------------------
-- Records of dev_table
-- ----------------------------
INSERT INTO `dev_table` VALUES (1, 'entfrm_null', '请假工作流表单', '', 'crud', 'com.entfrm.biz.form', NULL, NULL, NULL, 'entfrm', '12', '0', '0', '{}', NULL, NULL, NULL, NULL, '小狗', '2021-05-11 10:00:49', '', NULL, NULL, '0');

-- ----------------------------
-- Table structure for intelligent_business_demo
-- ----------------------------
DROP TABLE IF EXISTS `intelligent_business_demo`;
CREATE TABLE `intelligent_business_demo`  (
  `id` int(11) NOT NULL AUTO_INCREMENT,
  `business_id` varchar(64) CHARACTER SET utf8mb4 COLLATE utf8mb4_unicode_ci NOT NULL,
  `business_version` float(11, 2) NOT NULL,
  `field1` varchar(255) CHARACTER SET utf8mb4 COLLATE utf8mb4_unicode_ci NULL DEFAULT NULL,
  `field2` text CHARACTER SET utf8mb4 COLLATE utf8mb4_unicode_ci NULL,
  `field3` varchar(255) CHARACTER SET utf8mb4 COLLATE utf8mb4_unicode_ci NULL DEFAULT NULL,
  `field4` int(11) NULL DEFAULT NULL,
  `field5` double(16, 2) NULL DEFAULT NULL,
  PRIMARY KEY (`id`) USING BTREE
) ENGINE = InnoDB AUTO_INCREMENT = 2 CHARACTER SET = utf8mb4 COLLATE = utf8mb4_unicode_ci ROW_FORMAT = Dynamic;

-- ----------------------------
-- Records of intelligent_business_demo
-- ----------------------------
INSERT INTO `intelligent_business_demo` VALUES (1, '20', 1.10, '测试单行文本数据', '测试多行文本数据', '123456', 10, NULL);

-- ----------------------------
-- Table structure for intelligent_control_steward
-- ----------------------------
DROP TABLE IF EXISTS `intelligent_control_steward`;
CREATE TABLE `intelligent_control_steward`  (
  `id` int(11) NOT NULL AUTO_INCREMENT,
  `control_label` varchar(255) CHARACTER SET utf8mb4 COLLATE utf8mb4_unicode_ci NULL DEFAULT NULL COMMENT '控件唯一Label',
  `control_tag_icon` varchar(255) CHARACTER SET utf8mb4 COLLATE utf8mb4_unicode_ci NULL DEFAULT NULL COMMENT '控件图标',
  `control_mapping_table` varchar(255) CHARACTER SET utf8mb4 COLLATE utf8mb4_unicode_ci NULL DEFAULT NULL COMMENT '控件映射表名',
  `control_field_type` varchar(255) CHARACTER SET utf8mb4 COLLATE utf8mb4_unicode_ci NULL DEFAULT NULL COMMENT '控件映射字段类型',
  `control_field_length` int(11) NULL DEFAULT NULL COMMENT '控件映射字段长度',
  `control_attribute` text CHARACTER SET utf8mb4 COLLATE utf8mb4_unicode_ci NULL COMMENT '控件详细属性',
  `create_by` varchar(64) CHARACTER SET utf8mb4 COLLATE utf8mb4_unicode_ci NULL DEFAULT NULL COMMENT '创建人',
  `create_time` datetime(0) NULL DEFAULT NULL COMMENT '创建时间',
  `update_by` varchar(64) CHARACTER SET utf8mb4 COLLATE utf8mb4_unicode_ci NULL DEFAULT NULL COMMENT '修改人',
  `update_time` datetime(0) NULL DEFAULT NULL COMMENT '修改时间',
  `remarks` varchar(500) CHARACTER SET utf8mb4 COLLATE utf8mb4_unicode_ci NULL DEFAULT NULL COMMENT '备注',
  `control_mapping_table_prepend` varchar(255) CHARACTER SET utf8mb4 COLLATE utf8mb4_unicode_ci NULL DEFAULT NULL COMMENT '控件表面前缀',
  `control_mapping_table_suffix` varchar(255) CHARACTER SET utf8mb4 COLLATE utf8mb4_unicode_ci NULL DEFAULT NULL COMMENT '控件表面后缀',
  `control_precision` int(11) NULL DEFAULT NULL COMMENT '控件精度',
  PRIMARY KEY (`id`) USING BTREE
) ENGINE = InnoDB AUTO_INCREMENT = 23 CHARACTER SET = utf8mb4 COLLATE = utf8mb4_unicode_ci COMMENT = '控件大管家' ROW_FORMAT = Dynamic;

-- ----------------------------
-- Records of intelligent_control_steward
-- ----------------------------
INSERT INTO `intelligent_control_steward` VALUES (7, 'el-input', 'input', 'intelligent_controls_input', 'varchar', 255, '{\n    \"config\": {\n      \"label\": \"单行文本\",\n      \"labelWidth\": null,\n      \"showLabel\": true,\n      \"changeTag\": true,\n      \"tag\": \"el-input\",\n      \"tagIcon\": \"input\",\n      \"defaultValue\": \"1001\",\n      \"required\": true,\n      \"layout\": \"colFormItem\",\n      \"span\": 24,\n      \"document\": \"https://element.eleme.cn/#/zh-CN/component/input\",\n      \"regList\": [],\n      \"formId\": 101,\n      \"renderKey\": \"1011616968959836\",\n      \"vModel\": \"field101\"\n    },\n    \"slot\": {\n      \"prepend\": \"\",\n      \"append\": \"\"\n    },\n    \"attrs\": {\n      \"placeholder\": \"请输入单行文本\",\n      \"clearable\": true,\n      \"prefix-icon\": \"\",\n      \"suffix-icon\": \"\",\n      \"maxlength\": null,\n      \"show-word-limit\": false,\n      \"readonly\": false,\n      \"disabled\": false\n    },\n    \"style\": {\n      \"width\": \"100%\"\n    }\n  }', NULL, NULL, NULL, NULL, '单行文本控件', 'intelligent_controls_', 'input', NULL);
INSERT INTO `intelligent_control_steward` VALUES (8, 'el-textarea', 'textarea', 'intelligent_controls_textarea', 'text', 0, '{\n    \"config\": {\n      \"label\": \"多行文本\",\n      \"labelWidth\": null,\n      \"showLabel\": true,\n      \"tag\": \"el-input\",\n      \"tagIcon\": \"textarea\",\n      \"required\": true,\n      \"layout\": \"colFormItem\",\n      \"span\": 24,\n      \"regList\": [],\n      \"changeTag\": true,\n      \"document\": \"https://element.eleme.cn/#/zh-CN/component/input\",\n      \"formId\": 102,\n      \"renderKey\": \"1021616968962388\",\n      \"vModel\": \"field102\"\n    },\n    \"attrs\": {\n      \"type\": \"textarea\",\n      \"placeholder\": \"请输入多行文本\",\n      \"autosize\": {\n        \"minRows\": 4,\n        \"maxRows\": 4\n      },\n      \"maxlength\": null,\n      \"show-word-limit\": false,\n      \"readonly\": false,\n      \"disabled\": false\n    },\n    \"style\": {\n      \"width\": \"100%\"\n    }\n  }', 'entfrm', '2021-03-29 06:13:26', NULL, NULL, '多行文本控件', 'intelligent_controls_', 'textarea', NULL);
INSERT INTO `intelligent_control_steward` VALUES (9, 'el-password', 'password', 'intelligent_controls_password', 'varchar', 255, '{\n    \"config\": {\n      \"label\": \"密码\",\n      \"showLabel\": true,\n      \"labelWidth\": null,\n      \"changeTag\": true,\n      \"tag\": \"el-input\",\n      \"tagIcon\": \"password\",\n      \"defaultValue\": \"86228228\",\n      \"layout\": \"colFormItem\",\n      \"span\": 24,\n      \"required\": true,\n      \"regList\": [],\n      \"document\": \"https://element.eleme.cn/#/zh-CN/component/input\",\n      \"formId\": 103,\n      \"renderKey\": \"1031616968963517\",\n      \"vModel\": \"field103\"\n    },\n    \"slot\": {\n      \"prepend\": \"\",\n      \"append\": \"\"\n    },\n    \"attrs\": {\n      \"placeholder\": \"请输入密码\",\n      \"show-password\": true,\n      \"clearable\": true,\n      \"prefix-icon\": \"\",\n      \"suffix-icon\": \"\",\n      \"maxlength\": null,\n      \"show-word-limit\": false,\n      \"readonly\": false,\n      \"disabled\": false\n    },\n    \"style\": {\n      \"width\": \"100%\"\n    }\n  }', 'entfrm', '2021-03-29 06:15:10', NULL, NULL, '密码控件', 'intelligent_controls_', 'password', NULL);
INSERT INTO `intelligent_control_steward` VALUES (10, 'el-number', 'number', 'intelligent_controls_number', 'int', 11, '{\n    \"config\": {\n      \"label\": \"计数器\",\n      \"showLabel\": true,\n      \"changeTag\": true,\n      \"labelWidth\": null,\n      \"tag\": \"el-input-number\",\n      \"tagIcon\": \"number\",\n      \"span\": 24,\n      \"layout\": \"colFormItem\",\n      \"required\": true,\n      \"regList\": [],\n      \"document\": \"https://element.eleme.cn/#/zh-CN/component/input-number\",\n      \"formId\": 104,\n      \"renderKey\": \"1041616968965203\",\n      \"vModel\": \"field104\"\n    },\n    \"attrs\": {\n      \"placeholder\": \"计数器\",\n      \"step\": 1,\n      \"step-strictly\": false,\n      \"controls-position\": \"\",\n      \"disabled\": false\n    }\n  }', 'entfrm', '2021-03-29 06:16:34', NULL, NULL, '计数器控件', 'intelligent_controls_', 'number', NULL);
INSERT INTO `intelligent_control_steward` VALUES (11, 'el-select', 'select', 'intelligent_controls_select', 'varchar', 225, '{\n    \"config\": {\n      \"label\": \"下拉选择\",\n      \"showLabel\": true,\n      \"labelWidth\": null,\n      \"tag\": \"el-select\",\n      \"tagIcon\": \"select\",\n      \"layout\": \"colFormItem\",\n      \"span\": 24,\n      \"required\": true,\n      \"regList\": [],\n      \"changeTag\": true,\n      \"document\": \"https://element.eleme.cn/#/zh-CN/component/select\",\n      \"formId\": 105,\n      \"renderKey\": \"1051616971076818\",\n      \"vModel\": \"field105\"\n    },\n    \"slot\": {\n      \"options\": [{\n        \"label\": \"选项一\",\n        \"value\": 1\n      }, {\n        \"label\": \"选项二\",\n        \"value\": 2\n      }]\n    },\n    \"attrs\": {\n      \"placeholder\": \"请选择下拉选择\",\n      \"clearable\": true,\n      \"disabled\": false,\n      \"filterable\": false,\n      \"multiple\": false\n    },\n    \"style\": {\n      \"width\": \"100%\"\n    }\n  }', 'entfrm', '2021-03-29 06:39:47', NULL, NULL, '下拉选择控件', 'intelligent_controls_', 'select', NULL);
INSERT INTO `intelligent_control_steward` VALUES (12, 'el-cascader', 'cascader', 'intelligent_controls_cascader', 'varchar', 255, '{\n    \"config\": {\n      \"label\": \"级联选择\",\n      \"url\": \"https://www.fastmock.site/mock/f8d7a54fb1e60561e2f720d5a810009d/fg/cascaderList\",\n      \"method\": \"get\",\n      \"dataKey\": \"list\",\n      \"showLabel\": true,\n      \"labelWidth\": null,\n      \"tag\": \"el-cascader\",\n      \"tagIcon\": \"cascader\",\n      \"layout\": \"colFormItem\",\n      \"defaultValue\": [],\n      \"dataType\": \"dynamic\",\n      \"span\": 24,\n      \"required\": true,\n      \"regList\": [],\n      \"changeTag\": true,\n      \"document\": \"https://element.eleme.cn/#/zh-CN/component/cascader\",\n      \"formId\": 107,\n      \"renderKey\": \"1071616995731384\",\n      \"vModel\": \"field107\"\n    },\n    \"class\": {\n      \"props\": {\n        \"multiple\": false,\n        \"label\": \"label\",\n        \"value\": \"value\",\n        \"children\": \"children\"\n      }\n    },\n    \"style\": {\n      \"width\": \"100%\"\n    },\n    \"attrs\": {\n      \"placeholder\": \"请选择级联选择\",\n      \"show-all-levels\": true,\n      \"disabled\": false,\n      \"clearable\": true,\n      \"filterable\": false,\n      \"separator\": \"/\",\n      \"options\": [{\n        \"id\": 1,\n        \"value\": 1,\n        \"label\": \"选项1\",\n        \"children\": [{\n          \"id\": 2,\n          \"value\": 2,\n          \"label\": \"选项1-1\"\n        }]\n      }]\n    }\n  }', 'entfrm', '2021-03-29 13:31:02', NULL, NULL, '级联选择控件', 'intelligent_controls_', 'cascader', NULL);
INSERT INTO `intelligent_control_steward` VALUES (13, 'el-radio', 'radio', 'intelligent_controls_radio', 'varchar', 255, '{\n    \"config\": {\n      \"label\": \"单选框组\",\n      \"labelWidth\": null,\n      \"showLabel\": true,\n      \"tag\": \"el-radio-group\",\n      \"tagIcon\": \"radio\",\n      \"changeTag\": true,\n      \"layout\": \"colFormItem\",\n      \"span\": 24,\n      \"optionType\": \"default\",\n      \"regList\": [],\n      \"required\": true,\n      \"border\": false,\n      \"document\": \"https://element.eleme.cn/#/zh-CN/component/radio\",\n      \"formId\": 108,\n      \"renderKey\": \"1081616997562143\",\n      \"vModel\": \"field108\"\n    },\n    \"slot\": {\n      \"options\": [{\n        \"label\": \"选项一\",\n        \"value\": 1\n      }, {\n        \"label\": \"选项二\",\n        \"value\": 2\n      }]\n    },\n    \"style\": {},\n    \"attrs\": {\n      \"size\": \"medium\",\n      \"disabled\": false\n    }\n  }', 'entfrm', '2021-03-29 14:04:55', 'entfrm', '2021-03-29 15:23:49', '单选框组控件', 'intelligent_controls_', 'radio', NULL);
INSERT INTO `intelligent_control_steward` VALUES (14, 'el-checkbox', 'checkbox', 'intelligent_controls_checkbox', 'varchar', 225, '{\n    \"config\": {\n      \"label\": \"多选框组\",\n      \"tag\": \"el-checkbox-group\",\n      \"tagIcon\": \"checkbox\",\n      \"defaultValue\": [1, 2],\n      \"span\": 24,\n      \"showLabel\": true,\n      \"labelWidth\": null,\n      \"layout\": \"colFormItem\",\n      \"optionType\": \"default\",\n      \"required\": true,\n      \"regList\": [],\n      \"changeTag\": true,\n      \"border\": false,\n      \"document\": \"https://element.eleme.cn/#/zh-CN/component/checkbox\",\n      \"formId\": 109,\n      \"renderKey\": \"1091616998068178\",\n      \"vModel\": \"field109\"\n    },\n    \"slot\": {\n      \"options\": [{\n        \"label\": \"选项一\",\n        \"value\": 1\n      }, {\n        \"label\": \"选项二\",\n        \"value\": 2\n      }]\n    },\n    \"style\": {},\n    \"attrs\": {\n      \"size\": \"medium\",\n      \"min\": null,\n      \"disabled\": false\n    }\n  }', 'entfrm', '2021-03-29 14:09:54', 'entfrm', '2021-03-30 06:50:59', '多选框组控件', 'intelligent_controls_', 'checkbox', 0);
INSERT INTO `intelligent_control_steward` VALUES (15, 'el-switch', 'switch', 'intelligent_controls_switch', 'tinyint', 1, '{\n    \"config\": {\n      \"label\": \"开关\",\n      \"tag\": \"el-switch\",\n      \"tagIcon\": \"switch\",\n      \"defaultValue\": false,\n      \"span\": 24,\n      \"showLabel\": true,\n      \"labelWidth\": null,\n      \"layout\": \"colFormItem\",\n      \"required\": true,\n      \"regList\": [],\n      \"changeTag\": true,\n      \"document\": \"https://element.eleme.cn/#/zh-CN/component/switch\",\n      \"formId\": 109,\n      \"renderKey\": \"1091616998223676\",\n      \"vModel\": \"field109\"\n    },\n    \"style\": {},\n    \"attrs\": {\n      \"disabled\": false,\n      \"active-text\": \"\",\n      \"inactive-text\": \"\",\n      \"active-color\": null,\n      \"inactive-color\": null,\n      \"active-value\": true,\n      \"inactive-value\": false\n    }\n  }', 'entfrm', '2021-03-29 14:11:23', NULL, NULL, '开关控件', 'intelligent_controls_', 'switch', NULL);
INSERT INTO `intelligent_control_steward` VALUES (16, 'el-slider', 'slider', 'intelligent_controls_slider', 'int', 11, '{\n    \"config\": {\n      \"label\": \"滑块\",\n      \"tag\": \"el-slider\",\n      \"tagIcon\": \"slider\",\n      \"defaultValue\": 0,\n      \"span\": 24,\n      \"showLabel\": true,\n      \"layout\": \"colFormItem\",\n      \"labelWidth\": null,\n      \"required\": true,\n      \"regList\": [],\n      \"changeTag\": true,\n      \"document\": \"https://element.eleme.cn/#/zh-CN/component/slider\",\n      \"formId\": 109,\n      \"renderKey\": \"1091616998293487\",\n      \"vModel\": \"field109\"\n    },\n    \"attrs\": {\n      \"disabled\": false,\n      \"min\": 0,\n      \"max\": 100,\n      \"step\": 1,\n      \"show-stops\": false,\n      \"range\": false\n    }\n  }', 'entfrm', '2021-03-29 14:12:37', NULL, NULL, '滑块控件', 'intelligent_controls_', 'slider', NULL);
INSERT INTO `intelligent_control_steward` VALUES (17, 'el-time', 'time', 'intelligent_controls_time', 'varchar', 255, '{\n    \"config\": {\n      \"label\": \"时间选择\",\n      \"tag\": \"el-time-picker\",\n      \"tagIcon\": \"time\",\n      \"defaultValue\": null,\n      \"span\": 24,\n      \"showLabel\": true,\n      \"layout\": \"colFormItem\",\n      \"labelWidth\": null,\n      \"required\": true,\n      \"regList\": [],\n      \"changeTag\": true,\n      \"document\": \"https://element.eleme.cn/#/zh-CN/component/time-picker\",\n      \"formId\": 109,\n      \"renderKey\": \"1091616998504572\",\n      \"vModel\": \"field109\"\n    },\n    \"attrs\": {\n      \"placeholder\": \"请选择时间选择\",\n      \"disabled\": false,\n      \"clearable\": true,\n      \"picker-options\": {\n        \"selectableRange\": \"00:00:00-23:59:59\"\n      },\n      \"format\": \"HH:mm:ss\",\n      \"value-format\": \"HH:mm:ss\"\n    },\n    \"style\": {\n      \"width\": \"100%\"\n    }\n  }', 'entfrm', '2021-03-29 14:16:51', 'entfrm', '2021-03-29 18:07:11', '时间选择控件', 'intelligent_controls_', 'time', NULL);
INSERT INTO `intelligent_control_steward` VALUES (18, 'el-time-range', 'time-range', 'intelligent_controls_time_range', 'varchar', 255, '{\n    \"config\": {\n      \"label\": \"时间范围\",\n      \"tag\": \"el-time-picker\",\n      \"tagIcon\": \"time-range\",\n      \"span\": 24,\n      \"showLabel\": true,\n      \"labelWidth\": null,\n      \"layout\": \"colFormItem\",\n      \"defaultValue\": null,\n      \"required\": true,\n      \"regList\": [],\n      \"changeTag\": true,\n      \"document\": \"https://element.eleme.cn/#/zh-CN/component/time-picker\",\n      \"formId\": 110,\n      \"renderKey\": \"1101616998507819\",\n      \"vModel\": \"field110\"\n    },\n    \"style\": {\n      \"width\": \"100%\"\n    },\n    \"attrs\": {\n      \"disabled\": false,\n      \"clearable\": true,\n      \"is-range\": true,\n      \"range-separator\": \"至\",\n      \"start-placeholder\": \"开始时间\",\n      \"end-placeholder\": \"结束时间\",\n      \"format\": \"HH:mm:ss\",\n      \"value-format\": \"HH:mm:ss\"\n    }\n  }', 'entfrm', '2021-03-29 14:18:10', 'entfrm', '2021-03-29 17:59:25', '时间范围控件', 'intelligent_controls_', 'time_range', NULL);
INSERT INTO `intelligent_control_steward` VALUES (19, 'el-date', 'date', 'intelligent_controls_date', 'datetime', 0, '{\n    \"config\": {\n      \"label\": \"日期选择\",\n      \"tag\": \"el-date-picker\",\n      \"tagIcon\": \"date\",\n      \"defaultValue\": null,\n      \"showLabel\": true,\n      \"labelWidth\": null,\n      \"span\": 24,\n      \"layout\": \"colFormItem\",\n      \"required\": true,\n      \"regList\": [],\n      \"changeTag\": true,\n      \"document\": \"https://element.eleme.cn/#/zh-CN/component/date-picker\",\n      \"formId\": 111,\n      \"renderKey\": \"1111616998509005\",\n      \"vModel\": \"field111\"\n    },\n    \"attrs\": {\n      \"placeholder\": \"请选择日期选择\",\n      \"type\": \"date\",\n      \"disabled\": false,\n      \"clearable\": true,\n      \"format\": \"yyyy-MM-dd\",\n      \"value-format\": \"yyyy-MM-dd\",\n      \"readonly\": false\n    },\n    \"style\": {\n      \"width\": \"100%\"\n    }\n  }', 'entfrm', '2021-03-29 14:19:25', NULL, NULL, '日期选择控件', 'intelligent_controls_', 'date', NULL);
INSERT INTO `intelligent_control_steward` VALUES (20, 'el-date-range', 'date-range', 'intelligent_controls_date_range', 'varchar', 255, '{\n    \"config\": {\n      \"label\": \"日期范围\",\n      \"tag\": \"el-date-picker\",\n      \"tagIcon\": \"date-range\",\n      \"defaultValue\": null,\n      \"span\": 24,\n      \"showLabel\": true,\n      \"labelWidth\": null,\n      \"required\": true,\n      \"layout\": \"colFormItem\",\n      \"regList\": [],\n      \"changeTag\": true,\n      \"document\": \"https://element.eleme.cn/#/zh-CN/component/date-picker\",\n      \"formId\": 112,\n      \"renderKey\": \"1121616998510073\",\n      \"vModel\": \"field112\"\n    },\n    \"style\": {\n      \"width\": \"100%\"\n    },\n    \"attrs\": {\n      \"type\": \"daterange\",\n      \"range-separator\": \"至\",\n      \"start-placeholder\": \"开始日期\",\n      \"end-placeholder\": \"结束日期\",\n      \"disabled\": false,\n      \"clearable\": true,\n      \"format\": \"yyyy-MM-dd\",\n      \"value-format\": \"yyyy-MM-dd\",\n      \"readonly\": false\n    }\n  }', 'entfrm', '2021-03-29 14:20:34', 'entfrm', '2021-03-29 17:59:40', '日期范围控件', 'intelligent_controls_', 'date_range', NULL);
INSERT INTO `intelligent_control_steward` VALUES (21, 'el-rate', 'rate', 'intelligent_controls_rate', 'double', 16, '{\n    \"config\": {\n      \"label\": \"评分\",\n      \"tag\": \"el-rate\",\n      \"tagIcon\": \"rate\",\n      \"defaultValue\": 0,\n      \"span\": 24,\n      \"showLabel\": true,\n      \"labelWidth\": null,\n      \"layout\": \"colFormItem\",\n      \"required\": true,\n      \"regList\": [],\n      \"changeTag\": true,\n      \"document\": \"https://element.eleme.cn/#/zh-CN/component/rate\",\n      \"formId\": 113,\n      \"renderKey\": \"1131616998511488\",\n      \"vModel\": \"field113\"\n    },\n    \"style\": {},\n    \"attrs\": {\n      \"max\": 5,\n      \"allow-half\": false,\n      \"show-text\": false,\n      \"show-score\": false,\n      \"disabled\": false\n    }\n  }', 'entfrm', '2021-03-29 14:22:02', 'entfrm', '2021-03-29 18:45:03', '评分组件', 'intelligent_controls_', 'rate', 2);
INSERT INTO `intelligent_control_steward` VALUES (22, 'el-color', 'color', 'intelligent_controls_color', 'varchar', 225, '{\n    \"config\": {\n      \"label\": \"颜色选择\",\n      \"tag\": \"el-color-picker\",\n      \"tagIcon\": \"color\",\n      \"span\": 24,\n      \"defaultValue\": null,\n      \"showLabel\": true,\n      \"labelWidth\": null,\n      \"layout\": \"colFormItem\",\n      \"required\": true,\n      \"regList\": [],\n      \"changeTag\": true,\n      \"document\": \"https://element.eleme.cn/#/zh-CN/component/color-picker\",\n      \"formId\": 114,\n      \"renderKey\": \"1141616998513045\",\n      \"vModel\": \"field114\"\n    },\n    \"attrs\": {\n      \"show-alpha\": false,\n      \"color-format\": \"\",\n      \"disabled\": false,\n      \"size\": \"medium\"\n    }\n  }', 'entfrm', '2021-03-29 14:22:49', NULL, NULL, '颜色选择控件', 'intelligent_controls_', 'color', NULL);

-- ----------------------------
-- Table structure for intelligent_controls_cascader
-- ----------------------------
DROP TABLE IF EXISTS `intelligent_controls_cascader`;
CREATE TABLE `intelligent_controls_cascader`  (
  `id` int(11) NOT NULL AUTO_INCREMENT,
  `attrs_placeholder` varchar(255) CHARACTER SET utf8mb4 COLLATE utf8mb4_unicode_ci NULL DEFAULT NULL,
  `config_tag` varchar(255) CHARACTER SET utf8mb4 COLLATE utf8mb4_unicode_ci NULL DEFAULT NULL,
  `attrs_options` text CHARACTER SET utf8mb4 COLLATE utf8mb4_unicode_ci NULL,
  `config_document` varchar(255) CHARACTER SET utf8mb4 COLLATE utf8mb4_unicode_ci NULL DEFAULT NULL,
  `config_render_key` varchar(255) CHARACTER SET utf8mb4 COLLATE utf8mb4_unicode_ci NULL DEFAULT NULL,
  `config_v_model` varchar(255) CHARACTER SET utf8mb4 COLLATE utf8mb4_unicode_ci NULL DEFAULT NULL,
  `config_show_label` tinyint(1) NULL DEFAULT NULL,
  `config_required` tinyint(1) NULL DEFAULT NULL,
  `attrs_clearable` tinyint(1) NULL DEFAULT NULL,
  `class_props_children` varchar(255) CHARACTER SET utf8mb4 COLLATE utf8mb4_unicode_ci NULL DEFAULT NULL,
  `config_tag_icon` varchar(255) CHARACTER SET utf8mb4 COLLATE utf8mb4_unicode_ci NULL DEFAULT NULL,
  `config_label` varchar(255) CHARACTER SET utf8mb4 COLLATE utf8mb4_unicode_ci NULL DEFAULT NULL,
  `config_default_value` text CHARACTER SET utf8mb4 COLLATE utf8mb4_unicode_ci NULL,
  `config_reg_list` text CHARACTER SET utf8mb4 COLLATE utf8mb4_unicode_ci NULL,
  `config_method` varchar(255) CHARACTER SET utf8mb4 COLLATE utf8mb4_unicode_ci NULL DEFAULT NULL,
  `config_label_width` int(11) NULL DEFAULT NULL,
  `config_form_id` int(11) NULL DEFAULT NULL,
  `config_url` varchar(255) CHARACTER SET utf8mb4 COLLATE utf8mb4_unicode_ci NULL DEFAULT NULL,
  `config_data_key` varchar(255) CHARACTER SET utf8mb4 COLLATE utf8mb4_unicode_ci NULL DEFAULT NULL,
  `attrs_filterable` tinyint(1) NULL DEFAULT NULL,
  `config_layout` varchar(255) CHARACTER SET utf8mb4 COLLATE utf8mb4_unicode_ci NULL DEFAULT NULL,
  `attrs_separator` varchar(255) CHARACTER SET utf8mb4 COLLATE utf8mb4_unicode_ci NULL DEFAULT NULL,
  `config_span` int(11) NULL DEFAULT NULL,
  `attrs_disabled` tinyint(1) NULL DEFAULT NULL,
  `style_width` varchar(255) CHARACTER SET utf8mb4 COLLATE utf8mb4_unicode_ci NULL DEFAULT NULL,
  `config_data_type` varchar(255) CHARACTER SET utf8mb4 COLLATE utf8mb4_unicode_ci NULL DEFAULT NULL,
  `class_props_value` varchar(255) CHARACTER SET utf8mb4 COLLATE utf8mb4_unicode_ci NULL DEFAULT NULL,
  `config_change_tag` tinyint(1) NULL DEFAULT NULL,
  `class_props_multiple` tinyint(1) NULL DEFAULT NULL,
  `attrs_show_all_levels` tinyint(1) NULL DEFAULT NULL,
  `class_props_label` varchar(255) CHARACTER SET utf8mb4 COLLATE utf8mb4_unicode_ci NULL DEFAULT NULL,
  `field_length` int(11) NULL DEFAULT NULL,
  `field_current` varchar(10) CHARACTER SET utf8mb4 COLLATE utf8mb4_unicode_ci NULL DEFAULT NULL,
  `data_mapping_table` varchar(120) CHARACTER SET utf8mb4 COLLATE utf8mb4_unicode_ci NULL DEFAULT NULL,
  `create_by` varchar(64) CHARACTER SET utf8mb4 COLLATE utf8mb4_unicode_ci NULL DEFAULT NULL,
  `create_time` datetime(0) NULL DEFAULT CURRENT_TIMESTAMP(0),
  `form_extend_id` int(11) NULL DEFAULT NULL,
  `data_mapping_table_prefix` varchar(100) CHARACTER SET utf8mb4 COLLATE utf8mb4_unicode_ci NULL DEFAULT NULL,
  `data_mapping_table_suffix` varchar(100) CHARACTER SET utf8mb4 COLLATE utf8mb4_unicode_ci NULL DEFAULT NULL,
  PRIMARY KEY (`id`) USING BTREE
) ENGINE = InnoDB AUTO_INCREMENT = 1 CHARACTER SET = utf8mb4 COLLATE = utf8mb4_unicode_ci ROW_FORMAT = Dynamic;

-- ----------------------------
-- Records of intelligent_controls_cascader
-- ----------------------------

-- ----------------------------
-- Table structure for intelligent_controls_checkbox
-- ----------------------------
DROP TABLE IF EXISTS `intelligent_controls_checkbox`;
CREATE TABLE `intelligent_controls_checkbox`  (
  `id` int(11) NOT NULL AUTO_INCREMENT,
  `config_default_value` text CHARACTER SET utf8mb4 COLLATE utf8mb4_unicode_ci NULL,
  `config_reg_list` text CHARACTER SET utf8mb4 COLLATE utf8mb4_unicode_ci NULL,
  `slot_options` text CHARACTER SET utf8mb4 COLLATE utf8mb4_unicode_ci NULL,
  `config_label_width` int(11) NULL DEFAULT NULL,
  `config_form_id` int(11) NULL DEFAULT NULL,
  `attrs_min` varchar(255) CHARACTER SET utf8mb4 COLLATE utf8mb4_unicode_ci NULL DEFAULT NULL,
  `config_border` tinyint(1) NULL DEFAULT NULL,
  `config_layout` varchar(255) CHARACTER SET utf8mb4 COLLATE utf8mb4_unicode_ci NULL DEFAULT NULL,
  `config_tag` varchar(255) CHARACTER SET utf8mb4 COLLATE utf8mb4_unicode_ci NULL DEFAULT NULL,
  `attrs_size` varchar(255) CHARACTER SET utf8mb4 COLLATE utf8mb4_unicode_ci NULL DEFAULT NULL,
  `config_document` varchar(255) CHARACTER SET utf8mb4 COLLATE utf8mb4_unicode_ci NULL DEFAULT NULL,
  `config_span` int(11) NULL DEFAULT NULL,
  `config_option_type` varchar(255) CHARACTER SET utf8mb4 COLLATE utf8mb4_unicode_ci NULL DEFAULT NULL,
  `config_render_key` varchar(255) CHARACTER SET utf8mb4 COLLATE utf8mb4_unicode_ci NULL DEFAULT NULL,
  `attrs_disabled` tinyint(1) NULL DEFAULT NULL,
  `config_v_model` varchar(255) CHARACTER SET utf8mb4 COLLATE utf8mb4_unicode_ci NULL DEFAULT NULL,
  `config_show_label` tinyint(1) NULL DEFAULT NULL,
  `config_required` tinyint(1) NULL DEFAULT NULL,
  `config_change_tag` tinyint(1) NULL DEFAULT NULL,
  `config_tag_icon` varchar(255) CHARACTER SET utf8mb4 COLLATE utf8mb4_unicode_ci NULL DEFAULT NULL,
  `config_label` varchar(255) CHARACTER SET utf8mb4 COLLATE utf8mb4_unicode_ci NULL DEFAULT NULL,
  `field_length` int(11) NULL DEFAULT NULL,
  `field_current` varchar(10) CHARACTER SET utf8mb4 COLLATE utf8mb4_unicode_ci NULL DEFAULT NULL,
  `data_mapping_table` varchar(120) CHARACTER SET utf8mb4 COLLATE utf8mb4_unicode_ci NULL DEFAULT NULL,
  `create_by` varchar(64) CHARACTER SET utf8mb4 COLLATE utf8mb4_unicode_ci NULL DEFAULT NULL,
  `create_time` datetime(0) NULL DEFAULT CURRENT_TIMESTAMP(0),
  `form_extend_id` int(11) NULL DEFAULT NULL,
  `data_mapping_table_prefix` varchar(100) CHARACTER SET utf8mb4 COLLATE utf8mb4_unicode_ci NULL DEFAULT NULL,
  `data_mapping_table_suffix` varchar(100) CHARACTER SET utf8mb4 COLLATE utf8mb4_unicode_ci NULL DEFAULT NULL,
  PRIMARY KEY (`id`) USING BTREE
) ENGINE = InnoDB AUTO_INCREMENT = 1 CHARACTER SET = utf8mb4 COLLATE = utf8mb4_unicode_ci ROW_FORMAT = Dynamic;

-- ----------------------------
-- Records of intelligent_controls_checkbox
-- ----------------------------

-- ----------------------------
-- Table structure for intelligent_controls_color
-- ----------------------------
DROP TABLE IF EXISTS `intelligent_controls_color`;
CREATE TABLE `intelligent_controls_color`  (
  `id` int(11) NOT NULL AUTO_INCREMENT,
  `config_default_value` varchar(255) CHARACTER SET utf8mb4 COLLATE utf8mb4_unicode_ci NULL DEFAULT NULL,
  `config_reg_list` text CHARACTER SET utf8mb4 COLLATE utf8mb4_unicode_ci NULL,
  `config_label_width` int(11) NULL DEFAULT NULL,
  `config_form_id` int(11) NULL DEFAULT NULL,
  `config_layout` varchar(255) CHARACTER SET utf8mb4 COLLATE utf8mb4_unicode_ci NULL DEFAULT NULL,
  `config_tag` varchar(255) CHARACTER SET utf8mb4 COLLATE utf8mb4_unicode_ci NULL DEFAULT NULL,
  `attrs_size` varchar(255) CHARACTER SET utf8mb4 COLLATE utf8mb4_unicode_ci NULL DEFAULT NULL,
  `config_document` varchar(255) CHARACTER SET utf8mb4 COLLATE utf8mb4_unicode_ci NULL DEFAULT NULL,
  `config_span` int(11) NULL DEFAULT NULL,
  `config_render_key` varchar(255) CHARACTER SET utf8mb4 COLLATE utf8mb4_unicode_ci NULL DEFAULT NULL,
  `attrs_disabled` tinyint(1) NULL DEFAULT NULL,
  `config_v_model` varchar(255) CHARACTER SET utf8mb4 COLLATE utf8mb4_unicode_ci NULL DEFAULT NULL,
  `config_show_label` tinyint(1) NULL DEFAULT NULL,
  `config_required` tinyint(1) NULL DEFAULT NULL,
  `config_change_tag` tinyint(1) NULL DEFAULT NULL,
  `config_tag_icon` varchar(255) CHARACTER SET utf8mb4 COLLATE utf8mb4_unicode_ci NULL DEFAULT NULL,
  `attrs_show_alpha` tinyint(1) NULL DEFAULT NULL,
  `attrs_color_format` varchar(255) CHARACTER SET utf8mb4 COLLATE utf8mb4_unicode_ci NULL DEFAULT NULL,
  `config_label` varchar(255) CHARACTER SET utf8mb4 COLLATE utf8mb4_unicode_ci NULL DEFAULT NULL,
  `field_length` int(11) NULL DEFAULT NULL,
  `field_current` varchar(10) CHARACTER SET utf8mb4 COLLATE utf8mb4_unicode_ci NULL DEFAULT NULL,
  `data_mapping_table` varchar(120) CHARACTER SET utf8mb4 COLLATE utf8mb4_unicode_ci NULL DEFAULT NULL,
  `create_by` varchar(64) CHARACTER SET utf8mb4 COLLATE utf8mb4_unicode_ci NULL DEFAULT NULL,
  `create_time` datetime(0) NULL DEFAULT CURRENT_TIMESTAMP(0),
  `form_extend_id` int(11) NULL DEFAULT NULL,
  `data_mapping_table_prefix` varchar(100) CHARACTER SET utf8mb4 COLLATE utf8mb4_unicode_ci NULL DEFAULT NULL,
  `data_mapping_table_suffix` varchar(100) CHARACTER SET utf8mb4 COLLATE utf8mb4_unicode_ci NULL DEFAULT NULL,
  PRIMARY KEY (`id`) USING BTREE
) ENGINE = InnoDB AUTO_INCREMENT = 1 CHARACTER SET = utf8mb4 COLLATE = utf8mb4_unicode_ci ROW_FORMAT = Dynamic;

-- ----------------------------
-- Records of intelligent_controls_color
-- ----------------------------

-- ----------------------------
-- Table structure for intelligent_controls_date
-- ----------------------------
DROP TABLE IF EXISTS `intelligent_controls_date`;
CREATE TABLE `intelligent_controls_date`  (
  `id` int(11) NOT NULL AUTO_INCREMENT,
  `config_default_value` varchar(255) CHARACTER SET utf8mb4 COLLATE utf8mb4_unicode_ci NULL DEFAULT NULL,
  `attrs_placeholder` varchar(255) CHARACTER SET utf8mb4 COLLATE utf8mb4_unicode_ci NULL DEFAULT NULL,
  `config_reg_list` text CHARACTER SET utf8mb4 COLLATE utf8mb4_unicode_ci NULL,
  `attrs_value_format` varchar(255) CHARACTER SET utf8mb4 COLLATE utf8mb4_unicode_ci NULL DEFAULT NULL,
  `attrs_type` varchar(255) CHARACTER SET utf8mb4 COLLATE utf8mb4_unicode_ci NULL DEFAULT NULL,
  `config_label_width` int(11) NULL DEFAULT NULL,
  `config_form_id` int(11) NULL DEFAULT NULL,
  `attrs_readonly` tinyint(1) NULL DEFAULT NULL,
  `config_layout` varchar(255) CHARACTER SET utf8mb4 COLLATE utf8mb4_unicode_ci NULL DEFAULT NULL,
  `config_tag` varchar(255) CHARACTER SET utf8mb4 COLLATE utf8mb4_unicode_ci NULL DEFAULT NULL,
  `config_document` varchar(255) CHARACTER SET utf8mb4 COLLATE utf8mb4_unicode_ci NULL DEFAULT NULL,
  `config_span` int(11) NULL DEFAULT NULL,
  `config_render_key` varchar(255) CHARACTER SET utf8mb4 COLLATE utf8mb4_unicode_ci NULL DEFAULT NULL,
  `attrs_disabled` tinyint(1) NULL DEFAULT NULL,
  `style_width` varchar(255) CHARACTER SET utf8mb4 COLLATE utf8mb4_unicode_ci NULL DEFAULT NULL,
  `config_v_model` varchar(255) CHARACTER SET utf8mb4 COLLATE utf8mb4_unicode_ci NULL DEFAULT NULL,
  `config_show_label` tinyint(1) NULL DEFAULT NULL,
  `config_required` tinyint(1) NULL DEFAULT NULL,
  `attrs_clearable` tinyint(1) NULL DEFAULT NULL,
  `config_change_tag` tinyint(1) NULL DEFAULT NULL,
  `config_tag_icon` varchar(255) CHARACTER SET utf8mb4 COLLATE utf8mb4_unicode_ci NULL DEFAULT NULL,
  `attrs_format` varchar(255) CHARACTER SET utf8mb4 COLLATE utf8mb4_unicode_ci NULL DEFAULT NULL,
  `config_label` varchar(255) CHARACTER SET utf8mb4 COLLATE utf8mb4_unicode_ci NULL DEFAULT NULL,
  `field_length` int(11) NULL DEFAULT NULL,
  `field_current` varchar(10) CHARACTER SET utf8mb4 COLLATE utf8mb4_unicode_ci NULL DEFAULT NULL,
  `data_mapping_table` varchar(120) CHARACTER SET utf8mb4 COLLATE utf8mb4_unicode_ci NULL DEFAULT NULL,
  `create_by` varchar(64) CHARACTER SET utf8mb4 COLLATE utf8mb4_unicode_ci NULL DEFAULT NULL,
  `create_time` datetime(0) NULL DEFAULT CURRENT_TIMESTAMP(0),
  `form_extend_id` int(11) NULL DEFAULT NULL,
  `data_mapping_table_prefix` varchar(100) CHARACTER SET utf8mb4 COLLATE utf8mb4_unicode_ci NULL DEFAULT NULL,
  `data_mapping_table_suffix` varchar(100) CHARACTER SET utf8mb4 COLLATE utf8mb4_unicode_ci NULL DEFAULT NULL,
  PRIMARY KEY (`id`) USING BTREE
) ENGINE = InnoDB AUTO_INCREMENT = 1 CHARACTER SET = utf8mb4 COLLATE = utf8mb4_unicode_ci ROW_FORMAT = Dynamic;

-- ----------------------------
-- Records of intelligent_controls_date
-- ----------------------------

-- ----------------------------
-- Table structure for intelligent_controls_date_range
-- ----------------------------
DROP TABLE IF EXISTS `intelligent_controls_date_range`;
CREATE TABLE `intelligent_controls_date_range`  (
  `id` int(11) NOT NULL AUTO_INCREMENT,
  `attrs_value_format` varchar(255) CHARACTER SET utf8mb4 COLLATE utf8mb4_unicode_ci NULL DEFAULT NULL,
  `attrs_readonly` tinyint(1) NULL DEFAULT NULL,
  `config_tag` varchar(255) CHARACTER SET utf8mb4 COLLATE utf8mb4_unicode_ci NULL DEFAULT NULL,
  `attrs_start_placeholder` varchar(255) CHARACTER SET utf8mb4 COLLATE utf8mb4_unicode_ci NULL DEFAULT NULL,
  `config_document` varchar(255) CHARACTER SET utf8mb4 COLLATE utf8mb4_unicode_ci NULL DEFAULT NULL,
  `config_render_key` varchar(255) CHARACTER SET utf8mb4 COLLATE utf8mb4_unicode_ci NULL DEFAULT NULL,
  `config_v_model` varchar(255) CHARACTER SET utf8mb4 COLLATE utf8mb4_unicode_ci NULL DEFAULT NULL,
  `config_show_label` tinyint(1) NULL DEFAULT NULL,
  `config_required` tinyint(1) NULL DEFAULT NULL,
  `attrs_clearable` tinyint(1) NULL DEFAULT NULL,
  `config_tag_icon` varchar(255) CHARACTER SET utf8mb4 COLLATE utf8mb4_unicode_ci NULL DEFAULT NULL,
  `attrs_format` varchar(255) CHARACTER SET utf8mb4 COLLATE utf8mb4_unicode_ci NULL DEFAULT NULL,
  `config_label` varchar(255) CHARACTER SET utf8mb4 COLLATE utf8mb4_unicode_ci NULL DEFAULT NULL,
  `config_default_value` varchar(255) CHARACTER SET utf8mb4 COLLATE utf8mb4_unicode_ci NULL DEFAULT NULL,
  `config_reg_list` text CHARACTER SET utf8mb4 COLLATE utf8mb4_unicode_ci NULL,
  `attrs_type` varchar(255) CHARACTER SET utf8mb4 COLLATE utf8mb4_unicode_ci NULL DEFAULT NULL,
  `config_label_width` int(11) NULL DEFAULT NULL,
  `config_form_id` int(11) NULL DEFAULT NULL,
  `config_layout` varchar(255) CHARACTER SET utf8mb4 COLLATE utf8mb4_unicode_ci NULL DEFAULT NULL,
  `attrs_range_separator` varchar(255) CHARACTER SET utf8mb4 COLLATE utf8mb4_unicode_ci NULL DEFAULT NULL,
  `config_span` int(11) NULL DEFAULT NULL,
  `attrs_disabled` tinyint(1) NULL DEFAULT NULL,
  `style_width` varchar(255) CHARACTER SET utf8mb4 COLLATE utf8mb4_unicode_ci NULL DEFAULT NULL,
  `attrs_end_placeholder` varchar(255) CHARACTER SET utf8mb4 COLLATE utf8mb4_unicode_ci NULL DEFAULT NULL,
  `config_change_tag` tinyint(1) NULL DEFAULT NULL,
  `field_length` int(11) NULL DEFAULT NULL,
  `field_current` varchar(10) CHARACTER SET utf8mb4 COLLATE utf8mb4_unicode_ci NULL DEFAULT NULL,
  `data_mapping_table` varchar(120) CHARACTER SET utf8mb4 COLLATE utf8mb4_unicode_ci NULL DEFAULT NULL,
  `create_by` varchar(64) CHARACTER SET utf8mb4 COLLATE utf8mb4_unicode_ci NULL DEFAULT NULL,
  `create_time` datetime(0) NULL DEFAULT CURRENT_TIMESTAMP(0),
  `form_extend_id` int(11) NULL DEFAULT NULL,
  `data_mapping_table_prefix` varchar(100) CHARACTER SET utf8mb4 COLLATE utf8mb4_unicode_ci NULL DEFAULT NULL,
  `data_mapping_table_suffix` varchar(100) CHARACTER SET utf8mb4 COLLATE utf8mb4_unicode_ci NULL DEFAULT NULL,
  PRIMARY KEY (`id`) USING BTREE
) ENGINE = InnoDB AUTO_INCREMENT = 1 CHARACTER SET = utf8mb4 COLLATE = utf8mb4_unicode_ci ROW_FORMAT = Dynamic;

-- ----------------------------
-- Records of intelligent_controls_date_range
-- ----------------------------

-- ----------------------------
-- Table structure for intelligent_controls_input
-- ----------------------------
DROP TABLE IF EXISTS `intelligent_controls_input`;
CREATE TABLE `intelligent_controls_input`  (
  `id` int(11) NOT NULL AUTO_INCREMENT,
  `attrs_placeholder` varchar(255) CHARACTER SET utf8mb4 COLLATE utf8mb4_unicode_ci NULL DEFAULT NULL,
  `attrs_readonly` tinyint(1) NULL DEFAULT NULL,
  `config_tag` varchar(255) CHARACTER SET utf8mb4 COLLATE utf8mb4_unicode_ci NULL DEFAULT NULL,
  `config_document` varchar(255) CHARACTER SET utf8mb4 COLLATE utf8mb4_unicode_ci NULL DEFAULT NULL,
  `config_render_key` varchar(255) CHARACTER SET utf8mb4 COLLATE utf8mb4_unicode_ci NULL DEFAULT NULL,
  `config_v_model` varchar(255) CHARACTER SET utf8mb4 COLLATE utf8mb4_unicode_ci NULL DEFAULT NULL,
  `config_show_label` tinyint(1) NULL DEFAULT NULL,
  `config_required` tinyint(1) NULL DEFAULT NULL,
  `attrs_clearable` tinyint(1) NULL DEFAULT NULL,
  `config_tag_icon` varchar(255) CHARACTER SET utf8mb4 COLLATE utf8mb4_unicode_ci NULL DEFAULT NULL,
  `attrs_suffix_icon` varchar(255) CHARACTER SET utf8mb4 COLLATE utf8mb4_unicode_ci NULL DEFAULT NULL,
  `config_label` varchar(255) CHARACTER SET utf8mb4 COLLATE utf8mb4_unicode_ci NULL DEFAULT NULL,
  `config_default_value` varchar(255) CHARACTER SET utf8mb4 COLLATE utf8mb4_unicode_ci NULL DEFAULT NULL,
  `config_reg_list` text CHARACTER SET utf8mb4 COLLATE utf8mb4_unicode_ci NULL,
  `attrs_maxlength` int(11) NULL DEFAULT NULL,
  `config_label_width` int(11) NULL DEFAULT NULL,
  `config_form_id` int(11) NULL DEFAULT NULL,
  `config_layout` varchar(255) CHARACTER SET utf8mb4 COLLATE utf8mb4_unicode_ci NULL DEFAULT NULL,
  `config_span` int(11) NULL DEFAULT NULL,
  `attrs_prefix_icon` varchar(255) CHARACTER SET utf8mb4 COLLATE utf8mb4_unicode_ci NULL DEFAULT NULL,
  `attrs_disabled` tinyint(1) NULL DEFAULT NULL,
  `style_width` varchar(255) CHARACTER SET utf8mb4 COLLATE utf8mb4_unicode_ci NULL DEFAULT NULL,
  `slot_prepend` varchar(255) CHARACTER SET utf8mb4 COLLATE utf8mb4_unicode_ci NULL DEFAULT NULL,
  `config_change_tag` tinyint(1) NULL DEFAULT NULL,
  `slot_append` varchar(255) CHARACTER SET utf8mb4 COLLATE utf8mb4_unicode_ci NULL DEFAULT NULL,
  `attrs_show_word_limit` tinyint(1) NULL DEFAULT NULL,
  `field_length` int(11) NULL DEFAULT NULL,
  `field_current` varchar(10) CHARACTER SET utf8mb4 COLLATE utf8mb4_unicode_ci NULL DEFAULT NULL,
  `data_mapping_table` varchar(120) CHARACTER SET utf8mb4 COLLATE utf8mb4_unicode_ci NULL DEFAULT NULL,
  `create_by` varchar(64) CHARACTER SET utf8mb4 COLLATE utf8mb4_unicode_ci NULL DEFAULT NULL,
  `create_time` datetime(0) NULL DEFAULT CURRENT_TIMESTAMP(0),
  `form_extend_id` int(11) NULL DEFAULT NULL,
  `data_mapping_table_prefix` varchar(100) CHARACTER SET utf8mb4 COLLATE utf8mb4_unicode_ci NULL DEFAULT NULL,
  `data_mapping_table_suffix` varchar(100) CHARACTER SET utf8mb4 COLLATE utf8mb4_unicode_ci NULL DEFAULT NULL,
  PRIMARY KEY (`id`) USING BTREE
) ENGINE = InnoDB AUTO_INCREMENT = 94 CHARACTER SET = utf8mb4 COLLATE = utf8mb4_unicode_ci ROW_FORMAT = Dynamic;

-- ----------------------------
-- Records of intelligent_controls_input
-- ----------------------------
INSERT INTO `intelligent_controls_input` VALUES (93, '请输入单行文本', 0, 'el-input', 'https://element.eleme.cn/#/zh-CN/component/input', '1011617062740739', 'field101', 1, 1, 1, 'input', NULL, '单行文本', '1001', NULL, NULL, NULL, 101, 'colFormItem', 24, NULL, 0, '100%', NULL, 1, NULL, 0, 5, 'field1', 'intelligent_business_demo', 'entfrm', '2021-03-30 08:05:59', 36, 'intelligent_business_', 'demo');

-- ----------------------------
-- Table structure for intelligent_controls_number
-- ----------------------------
DROP TABLE IF EXISTS `intelligent_controls_number`;
CREATE TABLE `intelligent_controls_number`  (
  `id` int(11) NOT NULL AUTO_INCREMENT,
  `attrs_placeholder` varchar(255) CHARACTER SET utf8mb4 COLLATE utf8mb4_unicode_ci NULL DEFAULT NULL,
  `config_reg_list` text CHARACTER SET utf8mb4 COLLATE utf8mb4_unicode_ci NULL,
  `config_label_width` int(11) NULL DEFAULT NULL,
  `config_form_id` int(11) NULL DEFAULT NULL,
  `attrs_step_strictly` tinyint(1) NULL DEFAULT NULL,
  `config_layout` varchar(255) CHARACTER SET utf8mb4 COLLATE utf8mb4_unicode_ci NULL DEFAULT NULL,
  `config_tag` varchar(255) CHARACTER SET utf8mb4 COLLATE utf8mb4_unicode_ci NULL DEFAULT NULL,
  `config_document` varchar(255) CHARACTER SET utf8mb4 COLLATE utf8mb4_unicode_ci NULL DEFAULT NULL,
  `config_span` int(11) NULL DEFAULT NULL,
  `attrs_controls_position` varchar(255) CHARACTER SET utf8mb4 COLLATE utf8mb4_unicode_ci NULL DEFAULT NULL,
  `config_render_key` varchar(255) CHARACTER SET utf8mb4 COLLATE utf8mb4_unicode_ci NULL DEFAULT NULL,
  `attrs_disabled` tinyint(1) NULL DEFAULT NULL,
  `config_v_model` varchar(255) CHARACTER SET utf8mb4 COLLATE utf8mb4_unicode_ci NULL DEFAULT NULL,
  `config_show_label` tinyint(1) NULL DEFAULT NULL,
  `config_required` tinyint(1) NULL DEFAULT NULL,
  `config_change_tag` tinyint(1) NULL DEFAULT NULL,
  `config_tag_icon` varchar(255) CHARACTER SET utf8mb4 COLLATE utf8mb4_unicode_ci NULL DEFAULT NULL,
  `attrs_step` int(11) NULL DEFAULT NULL,
  `config_label` varchar(255) CHARACTER SET utf8mb4 COLLATE utf8mb4_unicode_ci NULL DEFAULT NULL,
  `field_length` int(11) NULL DEFAULT NULL,
  `field_current` varchar(10) CHARACTER SET utf8mb4 COLLATE utf8mb4_unicode_ci NULL DEFAULT NULL,
  `data_mapping_table` varchar(120) CHARACTER SET utf8mb4 COLLATE utf8mb4_unicode_ci NULL DEFAULT NULL,
  `create_by` varchar(64) CHARACTER SET utf8mb4 COLLATE utf8mb4_unicode_ci NULL DEFAULT NULL,
  `create_time` datetime(0) NULL DEFAULT CURRENT_TIMESTAMP(0),
  `form_extend_id` int(11) NULL DEFAULT NULL,
  `data_mapping_table_prefix` varchar(100) CHARACTER SET utf8mb4 COLLATE utf8mb4_unicode_ci NULL DEFAULT NULL,
  `data_mapping_table_suffix` varchar(100) CHARACTER SET utf8mb4 COLLATE utf8mb4_unicode_ci NULL DEFAULT NULL,
  PRIMARY KEY (`id`) USING BTREE
) ENGINE = InnoDB AUTO_INCREMENT = 6 CHARACTER SET = utf8mb4 COLLATE = utf8mb4_unicode_ci ROW_FORMAT = Dynamic;

-- ----------------------------
-- Records of intelligent_controls_number
-- ----------------------------
INSERT INTO `intelligent_controls_number` VALUES (5, '计数器', NULL, NULL, 104, 0, 'colFormItem', 'el-input-number', 'https://element.eleme.cn/#/zh-CN/component/input-number', 24, NULL, '1041617062744859', 0, 'field104', 1, 1, 1, 'number', 1, '计数器', 5, 'field4', 'intelligent_business_demo', 'entfrm', '2021-03-30 08:05:59', 36, 'intelligent_business_', 'demo');

-- ----------------------------
-- Table structure for intelligent_controls_password
-- ----------------------------
DROP TABLE IF EXISTS `intelligent_controls_password`;
CREATE TABLE `intelligent_controls_password`  (
  `id` int(11) NOT NULL AUTO_INCREMENT,
  `attrs_placeholder` varchar(255) CHARACTER SET utf8mb4 COLLATE utf8mb4_unicode_ci NULL DEFAULT NULL,
  `attrs_readonly` tinyint(1) NULL DEFAULT NULL,
  `config_tag` varchar(255) CHARACTER SET utf8mb4 COLLATE utf8mb4_unicode_ci NULL DEFAULT NULL,
  `config_document` varchar(255) CHARACTER SET utf8mb4 COLLATE utf8mb4_unicode_ci NULL DEFAULT NULL,
  `config_render_key` varchar(255) CHARACTER SET utf8mb4 COLLATE utf8mb4_unicode_ci NULL DEFAULT NULL,
  `config_v_model` varchar(255) CHARACTER SET utf8mb4 COLLATE utf8mb4_unicode_ci NULL DEFAULT NULL,
  `config_show_label` tinyint(1) NULL DEFAULT NULL,
  `config_required` tinyint(1) NULL DEFAULT NULL,
  `attrs_clearable` tinyint(1) NULL DEFAULT NULL,
  `config_tag_icon` varchar(255) CHARACTER SET utf8mb4 COLLATE utf8mb4_unicode_ci NULL DEFAULT NULL,
  `attrs_suffix_icon` varchar(255) CHARACTER SET utf8mb4 COLLATE utf8mb4_unicode_ci NULL DEFAULT NULL,
  `config_label` varchar(255) CHARACTER SET utf8mb4 COLLATE utf8mb4_unicode_ci NULL DEFAULT NULL,
  `config_default_value` varchar(255) CHARACTER SET utf8mb4 COLLATE utf8mb4_unicode_ci NULL DEFAULT NULL,
  `config_reg_list` text CHARACTER SET utf8mb4 COLLATE utf8mb4_unicode_ci NULL,
  `attrs_maxlength` int(11) NULL DEFAULT NULL,
  `config_label_width` int(11) NULL DEFAULT NULL,
  `config_form_id` int(11) NULL DEFAULT NULL,
  `config_layout` varchar(255) CHARACTER SET utf8mb4 COLLATE utf8mb4_unicode_ci NULL DEFAULT NULL,
  `config_span` int(11) NULL DEFAULT NULL,
  `attrs_prefix_icon` varchar(255) CHARACTER SET utf8mb4 COLLATE utf8mb4_unicode_ci NULL DEFAULT NULL,
  `attrs_disabled` tinyint(1) NULL DEFAULT NULL,
  `style_width` varchar(255) CHARACTER SET utf8mb4 COLLATE utf8mb4_unicode_ci NULL DEFAULT NULL,
  `slot_prepend` varchar(255) CHARACTER SET utf8mb4 COLLATE utf8mb4_unicode_ci NULL DEFAULT NULL,
  `config_change_tag` tinyint(1) NULL DEFAULT NULL,
  `attrs_show_password` tinyint(1) NULL DEFAULT NULL,
  `slot_append` varchar(255) CHARACTER SET utf8mb4 COLLATE utf8mb4_unicode_ci NULL DEFAULT NULL,
  `attrs_show_word_limit` tinyint(1) NULL DEFAULT NULL,
  `field_length` int(11) NULL DEFAULT NULL,
  `field_current` varchar(10) CHARACTER SET utf8mb4 COLLATE utf8mb4_unicode_ci NULL DEFAULT NULL,
  `data_mapping_table` varchar(120) CHARACTER SET utf8mb4 COLLATE utf8mb4_unicode_ci NULL DEFAULT NULL,
  `create_by` varchar(64) CHARACTER SET utf8mb4 COLLATE utf8mb4_unicode_ci NULL DEFAULT NULL,
  `create_time` datetime(0) NULL DEFAULT CURRENT_TIMESTAMP(0),
  `form_extend_id` int(11) NULL DEFAULT NULL,
  `data_mapping_table_prefix` varchar(100) CHARACTER SET utf8mb4 COLLATE utf8mb4_unicode_ci NULL DEFAULT NULL,
  `data_mapping_table_suffix` varchar(100) CHARACTER SET utf8mb4 COLLATE utf8mb4_unicode_ci NULL DEFAULT NULL,
  PRIMARY KEY (`id`) USING BTREE
) ENGINE = InnoDB AUTO_INCREMENT = 22 CHARACTER SET = utf8mb4 COLLATE = utf8mb4_unicode_ci ROW_FORMAT = Dynamic;

-- ----------------------------
-- Records of intelligent_controls_password
-- ----------------------------
INSERT INTO `intelligent_controls_password` VALUES (21, '请输入密码', 0, 'el-input', 'https://element.eleme.cn/#/zh-CN/component/input', '1031617062743482', 'field103', 1, 1, 1, 'password', NULL, '密码', '86228228', NULL, NULL, NULL, 103, 'colFormItem', 24, NULL, 0, '100%', NULL, 1, 1, NULL, 0, 5, 'field3', 'intelligent_business_demo', 'entfrm', '2021-03-30 08:05:59', 36, 'intelligent_business_', 'demo');

-- ----------------------------
-- Table structure for intelligent_controls_radio
-- ----------------------------
DROP TABLE IF EXISTS `intelligent_controls_radio`;
CREATE TABLE `intelligent_controls_radio`  (
  `id` int(11) NOT NULL AUTO_INCREMENT,
  `config_reg_list` text CHARACTER SET utf8mb4 COLLATE utf8mb4_unicode_ci NULL,
  `slot_options` text CHARACTER SET utf8mb4 COLLATE utf8mb4_unicode_ci NULL,
  `config_label_width` int(11) NULL DEFAULT NULL,
  `config_form_id` int(11) NULL DEFAULT NULL,
  `config_border` tinyint(1) NULL DEFAULT NULL,
  `config_layout` varchar(255) CHARACTER SET utf8mb4 COLLATE utf8mb4_unicode_ci NULL DEFAULT NULL,
  `config_tag` varchar(255) CHARACTER SET utf8mb4 COLLATE utf8mb4_unicode_ci NULL DEFAULT NULL,
  `attrs_size` varchar(255) CHARACTER SET utf8mb4 COLLATE utf8mb4_unicode_ci NULL DEFAULT NULL,
  `config_document` varchar(255) CHARACTER SET utf8mb4 COLLATE utf8mb4_unicode_ci NULL DEFAULT NULL,
  `config_span` int(11) NULL DEFAULT NULL,
  `config_option_type` varchar(255) CHARACTER SET utf8mb4 COLLATE utf8mb4_unicode_ci NULL DEFAULT NULL,
  `config_render_key` varchar(255) CHARACTER SET utf8mb4 COLLATE utf8mb4_unicode_ci NULL DEFAULT NULL,
  `attrs_disabled` tinyint(1) NULL DEFAULT NULL,
  `config_v_model` varchar(255) CHARACTER SET utf8mb4 COLLATE utf8mb4_unicode_ci NULL DEFAULT NULL,
  `config_show_label` tinyint(1) NULL DEFAULT NULL,
  `config_required` tinyint(1) NULL DEFAULT NULL,
  `config_change_tag` tinyint(1) NULL DEFAULT NULL,
  `config_tag_icon` varchar(255) CHARACTER SET utf8mb4 COLLATE utf8mb4_unicode_ci NULL DEFAULT NULL,
  `config_label` varchar(255) CHARACTER SET utf8mb4 COLLATE utf8mb4_unicode_ci NULL DEFAULT NULL,
  `field_length` int(11) NULL DEFAULT NULL,
  `field_current` varchar(10) CHARACTER SET utf8mb4 COLLATE utf8mb4_unicode_ci NULL DEFAULT NULL,
  `data_mapping_table` varchar(120) CHARACTER SET utf8mb4 COLLATE utf8mb4_unicode_ci NULL DEFAULT NULL,
  `create_by` varchar(64) CHARACTER SET utf8mb4 COLLATE utf8mb4_unicode_ci NULL DEFAULT NULL,
  `create_time` datetime(0) NULL DEFAULT CURRENT_TIMESTAMP(0),
  `form_extend_id` int(11) NULL DEFAULT NULL,
  `data_mapping_table_prefix` varchar(100) CHARACTER SET utf8mb4 COLLATE utf8mb4_unicode_ci NULL DEFAULT NULL,
  `data_mapping_table_suffix` varchar(100) CHARACTER SET utf8mb4 COLLATE utf8mb4_unicode_ci NULL DEFAULT NULL,
  PRIMARY KEY (`id`) USING BTREE
) ENGINE = InnoDB AUTO_INCREMENT = 1 CHARACTER SET = utf8mb4 COLLATE = utf8mb4_unicode_ci ROW_FORMAT = Dynamic;

-- ----------------------------
-- Records of intelligent_controls_radio
-- ----------------------------

-- ----------------------------
-- Table structure for intelligent_controls_rate
-- ----------------------------
DROP TABLE IF EXISTS `intelligent_controls_rate`;
CREATE TABLE `intelligent_controls_rate`  (
  `id` int(11) NOT NULL AUTO_INCREMENT,
  `config_default_value` int(11) NULL DEFAULT NULL,
  `config_reg_list` text CHARACTER SET utf8mb4 COLLATE utf8mb4_unicode_ci NULL,
  `config_label_width` int(11) NULL DEFAULT NULL,
  `config_form_id` int(11) NULL DEFAULT NULL,
  `config_layout` varchar(255) CHARACTER SET utf8mb4 COLLATE utf8mb4_unicode_ci NULL DEFAULT NULL,
  `config_tag` varchar(255) CHARACTER SET utf8mb4 COLLATE utf8mb4_unicode_ci NULL DEFAULT NULL,
  `attrs_show_score` tinyint(1) NULL DEFAULT NULL,
  `config_document` varchar(255) CHARACTER SET utf8mb4 COLLATE utf8mb4_unicode_ci NULL DEFAULT NULL,
  `config_span` int(11) NULL DEFAULT NULL,
  `config_render_key` varchar(255) CHARACTER SET utf8mb4 COLLATE utf8mb4_unicode_ci NULL DEFAULT NULL,
  `attrs_allow_half` tinyint(1) NULL DEFAULT NULL,
  `attrs_disabled` tinyint(1) NULL DEFAULT NULL,
  `config_v_model` varchar(255) CHARACTER SET utf8mb4 COLLATE utf8mb4_unicode_ci NULL DEFAULT NULL,
  `attrs_max` int(11) NULL DEFAULT NULL,
  `config_show_label` tinyint(1) NULL DEFAULT NULL,
  `config_required` tinyint(1) NULL DEFAULT NULL,
  `attrs_show_text` tinyint(1) NULL DEFAULT NULL,
  `config_change_tag` tinyint(1) NULL DEFAULT NULL,
  `config_tag_icon` varchar(255) CHARACTER SET utf8mb4 COLLATE utf8mb4_unicode_ci NULL DEFAULT NULL,
  `config_label` varchar(255) CHARACTER SET utf8mb4 COLLATE utf8mb4_unicode_ci NULL DEFAULT NULL,
  `field_length` int(11) NULL DEFAULT NULL,
  `field_current` varchar(10) CHARACTER SET utf8mb4 COLLATE utf8mb4_unicode_ci NULL DEFAULT NULL,
  `data_mapping_table` varchar(120) CHARACTER SET utf8mb4 COLLATE utf8mb4_unicode_ci NULL DEFAULT NULL,
  `create_by` varchar(64) CHARACTER SET utf8mb4 COLLATE utf8mb4_unicode_ci NULL DEFAULT NULL,
  `create_time` datetime(0) NULL DEFAULT CURRENT_TIMESTAMP(0),
  `form_extend_id` int(11) NULL DEFAULT NULL,
  `data_mapping_table_prefix` varchar(100) CHARACTER SET utf8mb4 COLLATE utf8mb4_unicode_ci NULL DEFAULT NULL,
  `data_mapping_table_suffix` varchar(100) CHARACTER SET utf8mb4 COLLATE utf8mb4_unicode_ci NULL DEFAULT NULL,
  PRIMARY KEY (`id`) USING BTREE
) ENGINE = InnoDB AUTO_INCREMENT = 2 CHARACTER SET = utf8mb4 COLLATE = utf8mb4_unicode_ci ROW_FORMAT = Dynamic;

-- ----------------------------
-- Records of intelligent_controls_rate
-- ----------------------------
INSERT INTO `intelligent_controls_rate` VALUES (1, 0, NULL, NULL, 105, 'colFormItem', 'el-rate', 0, 'https://element.eleme.cn/#/zh-CN/component/rate', 24, '1051619173289621', 0, 0, 'field105', 5, 1, 1, 0, 1, 'rate', '评分', 5, 'field5', 'intelligent_business_demo', '小狗', '2021-04-23 18:21:31', 36, 'intelligent_business_', 'demo');

-- ----------------------------
-- Table structure for intelligent_controls_select
-- ----------------------------
DROP TABLE IF EXISTS `intelligent_controls_select`;
CREATE TABLE `intelligent_controls_select`  (
  `id` int(11) NOT NULL AUTO_INCREMENT,
  `attrs_placeholder` varchar(255) CHARACTER SET utf8mb4 COLLATE utf8mb4_unicode_ci NULL DEFAULT NULL,
  `config_reg_list` text CHARACTER SET utf8mb4 COLLATE utf8mb4_unicode_ci NULL,
  `slot_options` text CHARACTER SET utf8mb4 COLLATE utf8mb4_unicode_ci NULL,
  `config_label_width` int(11) NULL DEFAULT NULL,
  `config_form_id` int(11) NULL DEFAULT NULL,
  `attrs_filterable` tinyint(1) NULL DEFAULT NULL,
  `config_layout` varchar(255) CHARACTER SET utf8mb4 COLLATE utf8mb4_unicode_ci NULL DEFAULT NULL,
  `config_tag` varchar(255) CHARACTER SET utf8mb4 COLLATE utf8mb4_unicode_ci NULL DEFAULT NULL,
  `config_document` varchar(255) CHARACTER SET utf8mb4 COLLATE utf8mb4_unicode_ci NULL DEFAULT NULL,
  `config_span` int(11) NULL DEFAULT NULL,
  `config_render_key` varchar(255) CHARACTER SET utf8mb4 COLLATE utf8mb4_unicode_ci NULL DEFAULT NULL,
  `attrs_disabled` tinyint(1) NULL DEFAULT NULL,
  `style_width` varchar(255) CHARACTER SET utf8mb4 COLLATE utf8mb4_unicode_ci NULL DEFAULT NULL,
  `config_v_model` varchar(255) CHARACTER SET utf8mb4 COLLATE utf8mb4_unicode_ci NULL DEFAULT NULL,
  `config_show_label` tinyint(1) NULL DEFAULT NULL,
  `config_required` tinyint(1) NULL DEFAULT NULL,
  `attrs_clearable` tinyint(1) NULL DEFAULT NULL,
  `config_change_tag` tinyint(1) NULL DEFAULT NULL,
  `config_tag_icon` varchar(255) CHARACTER SET utf8mb4 COLLATE utf8mb4_unicode_ci NULL DEFAULT NULL,
  `attrs_multiple` tinyint(1) NULL DEFAULT NULL,
  `config_label` varchar(255) CHARACTER SET utf8mb4 COLLATE utf8mb4_unicode_ci NULL DEFAULT NULL,
  `field_length` int(11) NULL DEFAULT NULL,
  `field_current` varchar(10) CHARACTER SET utf8mb4 COLLATE utf8mb4_unicode_ci NULL DEFAULT NULL,
  `data_mapping_table` varchar(120) CHARACTER SET utf8mb4 COLLATE utf8mb4_unicode_ci NULL DEFAULT NULL,
  `create_by` varchar(64) CHARACTER SET utf8mb4 COLLATE utf8mb4_unicode_ci NULL DEFAULT NULL,
  `create_time` datetime(0) NULL DEFAULT CURRENT_TIMESTAMP(0),
  `form_extend_id` int(11) NULL DEFAULT NULL,
  `data_mapping_table_prefix` varchar(100) CHARACTER SET utf8mb4 COLLATE utf8mb4_unicode_ci NULL DEFAULT NULL,
  `data_mapping_table_suffix` varchar(100) CHARACTER SET utf8mb4 COLLATE utf8mb4_unicode_ci NULL DEFAULT NULL,
  PRIMARY KEY (`id`) USING BTREE
) ENGINE = InnoDB AUTO_INCREMENT = 1 CHARACTER SET = utf8mb4 COLLATE = utf8mb4_unicode_ci ROW_FORMAT = Dynamic;

-- ----------------------------
-- Records of intelligent_controls_select
-- ----------------------------

-- ----------------------------
-- Table structure for intelligent_controls_slider
-- ----------------------------
DROP TABLE IF EXISTS `intelligent_controls_slider`;
CREATE TABLE `intelligent_controls_slider`  (
  `id` int(11) NOT NULL AUTO_INCREMENT,
  `config_default_value` int(11) NULL DEFAULT NULL,
  `config_reg_list` text CHARACTER SET utf8mb4 COLLATE utf8mb4_unicode_ci NULL,
  `attrs_show_stops` tinyint(1) NULL DEFAULT NULL,
  `config_label_width` int(11) NULL DEFAULT NULL,
  `config_form_id` int(11) NULL DEFAULT NULL,
  `attrs_min` int(11) NULL DEFAULT NULL,
  `config_layout` varchar(255) CHARACTER SET utf8mb4 COLLATE utf8mb4_unicode_ci NULL DEFAULT NULL,
  `config_tag` varchar(255) CHARACTER SET utf8mb4 COLLATE utf8mb4_unicode_ci NULL DEFAULT NULL,
  `config_document` varchar(255) CHARACTER SET utf8mb4 COLLATE utf8mb4_unicode_ci NULL DEFAULT NULL,
  `config_span` int(11) NULL DEFAULT NULL,
  `config_render_key` varchar(255) CHARACTER SET utf8mb4 COLLATE utf8mb4_unicode_ci NULL DEFAULT NULL,
  `attrs_disabled` tinyint(1) NULL DEFAULT NULL,
  `config_v_model` varchar(255) CHARACTER SET utf8mb4 COLLATE utf8mb4_unicode_ci NULL DEFAULT NULL,
  `attrs_max` int(11) NULL DEFAULT NULL,
  `attrs_range` tinyint(1) NULL DEFAULT NULL,
  `config_show_label` tinyint(1) NULL DEFAULT NULL,
  `config_required` tinyint(1) NULL DEFAULT NULL,
  `config_change_tag` tinyint(1) NULL DEFAULT NULL,
  `config_tag_icon` varchar(255) CHARACTER SET utf8mb4 COLLATE utf8mb4_unicode_ci NULL DEFAULT NULL,
  `attrs_step` int(11) NULL DEFAULT NULL,
  `config_label` varchar(255) CHARACTER SET utf8mb4 COLLATE utf8mb4_unicode_ci NULL DEFAULT NULL,
  `field_length` int(11) NULL DEFAULT NULL,
  `field_current` varchar(10) CHARACTER SET utf8mb4 COLLATE utf8mb4_unicode_ci NULL DEFAULT NULL,
  `data_mapping_table` varchar(120) CHARACTER SET utf8mb4 COLLATE utf8mb4_unicode_ci NULL DEFAULT NULL,
  `create_by` varchar(64) CHARACTER SET utf8mb4 COLLATE utf8mb4_unicode_ci NULL DEFAULT NULL,
  `create_time` datetime(0) NULL DEFAULT CURRENT_TIMESTAMP(0),
  `form_extend_id` int(11) NULL DEFAULT NULL,
  `data_mapping_table_prefix` varchar(100) CHARACTER SET utf8mb4 COLLATE utf8mb4_unicode_ci NULL DEFAULT NULL,
  `data_mapping_table_suffix` varchar(100) CHARACTER SET utf8mb4 COLLATE utf8mb4_unicode_ci NULL DEFAULT NULL,
  PRIMARY KEY (`id`) USING BTREE
) ENGINE = InnoDB AUTO_INCREMENT = 1 CHARACTER SET = utf8mb4 COLLATE = utf8mb4_unicode_ci ROW_FORMAT = Dynamic;

-- ----------------------------
-- Records of intelligent_controls_slider
-- ----------------------------

-- ----------------------------
-- Table structure for intelligent_controls_switch
-- ----------------------------
DROP TABLE IF EXISTS `intelligent_controls_switch`;
CREATE TABLE `intelligent_controls_switch`  (
  `id` int(11) NOT NULL AUTO_INCREMENT,
  `config_default_value` tinyint(1) NULL DEFAULT NULL,
  `config_reg_list` text CHARACTER SET utf8mb4 COLLATE utf8mb4_unicode_ci NULL,
  `config_label_width` int(11) NULL DEFAULT NULL,
  `attrs_active_value` tinyint(1) NULL DEFAULT NULL,
  `config_form_id` int(11) NULL DEFAULT NULL,
  `config_layout` varchar(255) CHARACTER SET utf8mb4 COLLATE utf8mb4_unicode_ci NULL DEFAULT NULL,
  `config_tag` varchar(255) CHARACTER SET utf8mb4 COLLATE utf8mb4_unicode_ci NULL DEFAULT NULL,
  `attrs_active_text` varchar(255) CHARACTER SET utf8mb4 COLLATE utf8mb4_unicode_ci NULL DEFAULT NULL,
  `attrs_active_color` varchar(255) CHARACTER SET utf8mb4 COLLATE utf8mb4_unicode_ci NULL DEFAULT NULL,
  `config_document` varchar(255) CHARACTER SET utf8mb4 COLLATE utf8mb4_unicode_ci NULL DEFAULT NULL,
  `config_span` int(11) NULL DEFAULT NULL,
  `config_render_key` varchar(255) CHARACTER SET utf8mb4 COLLATE utf8mb4_unicode_ci NULL DEFAULT NULL,
  `attrs_disabled` tinyint(1) NULL DEFAULT NULL,
  `config_v_model` varchar(255) CHARACTER SET utf8mb4 COLLATE utf8mb4_unicode_ci NULL DEFAULT NULL,
  `config_show_label` tinyint(1) NULL DEFAULT NULL,
  `config_required` tinyint(1) NULL DEFAULT NULL,
  `config_change_tag` tinyint(1) NULL DEFAULT NULL,
  `attrs_inactive_color` varchar(255) CHARACTER SET utf8mb4 COLLATE utf8mb4_unicode_ci NULL DEFAULT NULL,
  `config_tag_icon` varchar(255) CHARACTER SET utf8mb4 COLLATE utf8mb4_unicode_ci NULL DEFAULT NULL,
  `attrs_inactive_text` varchar(255) CHARACTER SET utf8mb4 COLLATE utf8mb4_unicode_ci NULL DEFAULT NULL,
  `attrs_inactive_value` tinyint(1) NULL DEFAULT NULL,
  `config_label` varchar(255) CHARACTER SET utf8mb4 COLLATE utf8mb4_unicode_ci NULL DEFAULT NULL,
  `field_length` int(11) NULL DEFAULT NULL,
  `field_current` varchar(10) CHARACTER SET utf8mb4 COLLATE utf8mb4_unicode_ci NULL DEFAULT NULL,
  `data_mapping_table` varchar(120) CHARACTER SET utf8mb4 COLLATE utf8mb4_unicode_ci NULL DEFAULT NULL,
  `create_by` varchar(64) CHARACTER SET utf8mb4 COLLATE utf8mb4_unicode_ci NULL DEFAULT NULL,
  `create_time` datetime(0) NULL DEFAULT CURRENT_TIMESTAMP(0),
  `form_extend_id` int(11) NULL DEFAULT NULL,
  `data_mapping_table_prefix` varchar(100) CHARACTER SET utf8mb4 COLLATE utf8mb4_unicode_ci NULL DEFAULT NULL,
  `data_mapping_table_suffix` varchar(100) CHARACTER SET utf8mb4 COLLATE utf8mb4_unicode_ci NULL DEFAULT NULL,
  PRIMARY KEY (`id`) USING BTREE
) ENGINE = InnoDB AUTO_INCREMENT = 1 CHARACTER SET = utf8mb4 COLLATE = utf8mb4_unicode_ci ROW_FORMAT = Dynamic;

-- ----------------------------
-- Records of intelligent_controls_switch
-- ----------------------------

-- ----------------------------
-- Table structure for intelligent_controls_textarea
-- ----------------------------
DROP TABLE IF EXISTS `intelligent_controls_textarea`;
CREATE TABLE `intelligent_controls_textarea`  (
  `id` int(11) NOT NULL AUTO_INCREMENT,
  `attrs_placeholder` varchar(255) CHARACTER SET utf8mb4 COLLATE utf8mb4_unicode_ci NULL DEFAULT NULL,
  `config_reg_list` text CHARACTER SET utf8mb4 COLLATE utf8mb4_unicode_ci NULL,
  `attrs_maxlength` int(11) NULL DEFAULT NULL,
  `attrs_type` varchar(255) CHARACTER SET utf8mb4 COLLATE utf8mb4_unicode_ci NULL DEFAULT NULL,
  `config_label_width` int(11) NULL DEFAULT NULL,
  `config_form_id` int(11) NULL DEFAULT NULL,
  `attrs_readonly` tinyint(1) NULL DEFAULT NULL,
  `config_layout` varchar(255) CHARACTER SET utf8mb4 COLLATE utf8mb4_unicode_ci NULL DEFAULT NULL,
  `config_tag` varchar(255) CHARACTER SET utf8mb4 COLLATE utf8mb4_unicode_ci NULL DEFAULT NULL,
  `config_document` varchar(255) CHARACTER SET utf8mb4 COLLATE utf8mb4_unicode_ci NULL DEFAULT NULL,
  `config_span` int(11) NULL DEFAULT NULL,
  `config_render_key` varchar(255) CHARACTER SET utf8mb4 COLLATE utf8mb4_unicode_ci NULL DEFAULT NULL,
  `attrs_autosize_min_rows` int(11) NULL DEFAULT NULL,
  `attrs_autosize_max_rows` int(11) NULL DEFAULT NULL,
  `attrs_disabled` tinyint(1) NULL DEFAULT NULL,
  `style_width` varchar(255) CHARACTER SET utf8mb4 COLLATE utf8mb4_unicode_ci NULL DEFAULT NULL,
  `config_v_model` varchar(255) CHARACTER SET utf8mb4 COLLATE utf8mb4_unicode_ci NULL DEFAULT NULL,
  `config_show_label` tinyint(1) NULL DEFAULT NULL,
  `config_required` tinyint(1) NULL DEFAULT NULL,
  `config_change_tag` tinyint(1) NULL DEFAULT NULL,
  `config_tag_icon` varchar(255) CHARACTER SET utf8mb4 COLLATE utf8mb4_unicode_ci NULL DEFAULT NULL,
  `attrs_show_word_limit` tinyint(1) NULL DEFAULT NULL,
  `config_label` varchar(255) CHARACTER SET utf8mb4 COLLATE utf8mb4_unicode_ci NULL DEFAULT NULL,
  `field_length` int(11) NULL DEFAULT NULL,
  `field_current` varchar(10) CHARACTER SET utf8mb4 COLLATE utf8mb4_unicode_ci NULL DEFAULT NULL,
  `data_mapping_table` varchar(120) CHARACTER SET utf8mb4 COLLATE utf8mb4_unicode_ci NULL DEFAULT NULL,
  `create_by` varchar(64) CHARACTER SET utf8mb4 COLLATE utf8mb4_unicode_ci NULL DEFAULT NULL,
  `create_time` datetime(0) NULL DEFAULT CURRENT_TIMESTAMP(0),
  `form_extend_id` int(11) NULL DEFAULT NULL,
  `data_mapping_table_prefix` varchar(100) CHARACTER SET utf8mb4 COLLATE utf8mb4_unicode_ci NULL DEFAULT NULL,
  `data_mapping_table_suffix` varchar(100) CHARACTER SET utf8mb4 COLLATE utf8mb4_unicode_ci NULL DEFAULT NULL,
  PRIMARY KEY (`id`) USING BTREE
) ENGINE = InnoDB AUTO_INCREMENT = 25 CHARACTER SET = utf8mb4 COLLATE = utf8mb4_unicode_ci ROW_FORMAT = Dynamic;

-- ----------------------------
-- Records of intelligent_controls_textarea
-- ----------------------------
INSERT INTO `intelligent_controls_textarea` VALUES (24, '请输入多行文本', NULL, NULL, 'textarea', NULL, 102, 0, 'colFormItem', 'el-input', 'https://element.eleme.cn/#/zh-CN/component/input', 24, '1021617062742139', 4, 4, 0, '100%', 'field102', 1, 1, 1, 'textarea', 0, '多行文本', 5, 'field2', 'intelligent_business_demo', 'entfrm', '2021-03-30 08:05:59', 36, 'intelligent_business_', 'demo');

-- ----------------------------
-- Table structure for intelligent_controls_time
-- ----------------------------
DROP TABLE IF EXISTS `intelligent_controls_time`;
CREATE TABLE `intelligent_controls_time`  (
  `id` int(11) NOT NULL AUTO_INCREMENT,
  `config_default_value` varchar(255) CHARACTER SET utf8mb4 COLLATE utf8mb4_unicode_ci NULL DEFAULT NULL,
  `attrs_picker_options_selectable_range` varchar(255) CHARACTER SET utf8mb4 COLLATE utf8mb4_unicode_ci NULL DEFAULT NULL,
  `attrs_placeholder` varchar(255) CHARACTER SET utf8mb4 COLLATE utf8mb4_unicode_ci NULL DEFAULT NULL,
  `config_reg_list` text CHARACTER SET utf8mb4 COLLATE utf8mb4_unicode_ci NULL,
  `attrs_value_format` varchar(255) CHARACTER SET utf8mb4 COLLATE utf8mb4_unicode_ci NULL DEFAULT NULL,
  `config_label_width` int(11) NULL DEFAULT NULL,
  `config_form_id` int(11) NULL DEFAULT NULL,
  `config_layout` varchar(255) CHARACTER SET utf8mb4 COLLATE utf8mb4_unicode_ci NULL DEFAULT NULL,
  `config_tag` varchar(255) CHARACTER SET utf8mb4 COLLATE utf8mb4_unicode_ci NULL DEFAULT NULL,
  `config_document` varchar(255) CHARACTER SET utf8mb4 COLLATE utf8mb4_unicode_ci NULL DEFAULT NULL,
  `config_span` int(11) NULL DEFAULT NULL,
  `config_render_key` varchar(255) CHARACTER SET utf8mb4 COLLATE utf8mb4_unicode_ci NULL DEFAULT NULL,
  `attrs_disabled` tinyint(1) NULL DEFAULT NULL,
  `style_width` varchar(255) CHARACTER SET utf8mb4 COLLATE utf8mb4_unicode_ci NULL DEFAULT NULL,
  `config_v_model` varchar(255) CHARACTER SET utf8mb4 COLLATE utf8mb4_unicode_ci NULL DEFAULT NULL,
  `config_show_label` tinyint(1) NULL DEFAULT NULL,
  `config_required` tinyint(1) NULL DEFAULT NULL,
  `attrs_clearable` tinyint(1) NULL DEFAULT NULL,
  `config_change_tag` tinyint(1) NULL DEFAULT NULL,
  `config_tag_icon` varchar(255) CHARACTER SET utf8mb4 COLLATE utf8mb4_unicode_ci NULL DEFAULT NULL,
  `attrs_format` varchar(255) CHARACTER SET utf8mb4 COLLATE utf8mb4_unicode_ci NULL DEFAULT NULL,
  `config_label` varchar(255) CHARACTER SET utf8mb4 COLLATE utf8mb4_unicode_ci NULL DEFAULT NULL,
  `field_length` int(11) NULL DEFAULT NULL,
  `field_current` varchar(10) CHARACTER SET utf8mb4 COLLATE utf8mb4_unicode_ci NULL DEFAULT NULL,
  `data_mapping_table` varchar(120) CHARACTER SET utf8mb4 COLLATE utf8mb4_unicode_ci NULL DEFAULT NULL,
  `create_by` varchar(64) CHARACTER SET utf8mb4 COLLATE utf8mb4_unicode_ci NULL DEFAULT NULL,
  `create_time` datetime(0) NULL DEFAULT CURRENT_TIMESTAMP(0),
  `form_extend_id` int(11) NULL DEFAULT NULL,
  `data_mapping_table_prefix` varchar(100) CHARACTER SET utf8mb4 COLLATE utf8mb4_unicode_ci NULL DEFAULT NULL,
  `data_mapping_table_suffix` varchar(100) CHARACTER SET utf8mb4 COLLATE utf8mb4_unicode_ci NULL DEFAULT NULL,
  PRIMARY KEY (`id`) USING BTREE
) ENGINE = InnoDB AUTO_INCREMENT = 1 CHARACTER SET = utf8mb4 COLLATE = utf8mb4_unicode_ci ROW_FORMAT = Dynamic;

-- ----------------------------
-- Records of intelligent_controls_time
-- ----------------------------

-- ----------------------------
-- Table structure for intelligent_controls_time_range
-- ----------------------------
DROP TABLE IF EXISTS `intelligent_controls_time_range`;
CREATE TABLE `intelligent_controls_time_range`  (
  `id` int(11) NOT NULL AUTO_INCREMENT,
  `config_default_value` varchar(255) CHARACTER SET utf8mb4 COLLATE utf8mb4_unicode_ci NULL DEFAULT NULL,
  `config_reg_list` text CHARACTER SET utf8mb4 COLLATE utf8mb4_unicode_ci NULL,
  `attrs_value_format` varchar(255) CHARACTER SET utf8mb4 COLLATE utf8mb4_unicode_ci NULL DEFAULT NULL,
  `config_label_width` int(11) NULL DEFAULT NULL,
  `config_form_id` int(11) NULL DEFAULT NULL,
  `config_layout` varchar(255) CHARACTER SET utf8mb4 COLLATE utf8mb4_unicode_ci NULL DEFAULT NULL,
  `config_tag` varchar(255) CHARACTER SET utf8mb4 COLLATE utf8mb4_unicode_ci NULL DEFAULT NULL,
  `attrs_range_separator` varchar(255) CHARACTER SET utf8mb4 COLLATE utf8mb4_unicode_ci NULL DEFAULT NULL,
  `attrs_start_placeholder` varchar(255) CHARACTER SET utf8mb4 COLLATE utf8mb4_unicode_ci NULL DEFAULT NULL,
  `config_document` varchar(255) CHARACTER SET utf8mb4 COLLATE utf8mb4_unicode_ci NULL DEFAULT NULL,
  `config_span` int(11) NULL DEFAULT NULL,
  `config_render_key` varchar(255) CHARACTER SET utf8mb4 COLLATE utf8mb4_unicode_ci NULL DEFAULT NULL,
  `attrs_disabled` tinyint(1) NULL DEFAULT NULL,
  `style_width` varchar(255) CHARACTER SET utf8mb4 COLLATE utf8mb4_unicode_ci NULL DEFAULT NULL,
  `config_v_model` varchar(255) CHARACTER SET utf8mb4 COLLATE utf8mb4_unicode_ci NULL DEFAULT NULL,
  `attrs_end_placeholder` varchar(255) CHARACTER SET utf8mb4 COLLATE utf8mb4_unicode_ci NULL DEFAULT NULL,
  `config_show_label` tinyint(1) NULL DEFAULT NULL,
  `config_required` tinyint(1) NULL DEFAULT NULL,
  `attrs_clearable` tinyint(1) NULL DEFAULT NULL,
  `config_change_tag` tinyint(1) NULL DEFAULT NULL,
  `config_tag_icon` varchar(255) CHARACTER SET utf8mb4 COLLATE utf8mb4_unicode_ci NULL DEFAULT NULL,
  `attrs_format` varchar(255) CHARACTER SET utf8mb4 COLLATE utf8mb4_unicode_ci NULL DEFAULT NULL,
  `config_label` varchar(255) CHARACTER SET utf8mb4 COLLATE utf8mb4_unicode_ci NULL DEFAULT NULL,
  `attrs_is_range` tinyint(1) NULL DEFAULT NULL,
  `field_length` int(11) NULL DEFAULT NULL,
  `field_current` varchar(10) CHARACTER SET utf8mb4 COLLATE utf8mb4_unicode_ci NULL DEFAULT NULL,
  `data_mapping_table` varchar(120) CHARACTER SET utf8mb4 COLLATE utf8mb4_unicode_ci NULL DEFAULT NULL,
  `create_by` varchar(64) CHARACTER SET utf8mb4 COLLATE utf8mb4_unicode_ci NULL DEFAULT NULL,
  `create_time` datetime(0) NULL DEFAULT CURRENT_TIMESTAMP(0),
  `form_extend_id` int(11) NULL DEFAULT NULL,
  `data_mapping_table_prefix` varchar(100) CHARACTER SET utf8mb4 COLLATE utf8mb4_unicode_ci NULL DEFAULT NULL,
  `data_mapping_table_suffix` varchar(100) CHARACTER SET utf8mb4 COLLATE utf8mb4_unicode_ci NULL DEFAULT NULL,
  PRIMARY KEY (`id`) USING BTREE
) ENGINE = InnoDB AUTO_INCREMENT = 1 CHARACTER SET = utf8mb4 COLLATE = utf8mb4_unicode_ci ROW_FORMAT = Dynamic;

-- ----------------------------
-- Records of intelligent_controls_time_range
-- ----------------------------

-- ----------------------------
-- Table structure for intelligent_data_conf
-- ----------------------------
DROP TABLE IF EXISTS `intelligent_data_conf`;
CREATE TABLE `intelligent_data_conf`  (
  `id` int(11) NOT NULL AUTO_INCREMENT COMMENT '数据配置ID',
  `form_extend_id` int(11) NULL DEFAULT NULL COMMENT '表单扩展id',
  `data_mapping_table_prepend` varchar(255) CHARACTER SET utf8mb4 COLLATE utf8mb4_unicode_ci NULL DEFAULT NULL COMMENT '数据映射表前缀',
  `data_mapping_table` varchar(255) CHARACTER SET utf8mb4 COLLATE utf8mb4_unicode_ci NULL DEFAULT NULL COMMENT '数据映射表名-自定义填写-后缀',
  `field_length` int(11) NULL DEFAULT NULL COMMENT '字段数量',
  PRIMARY KEY (`id`) USING BTREE
) ENGINE = InnoDB AUTO_INCREMENT = 21 CHARACTER SET = utf8mb4 COLLATE = utf8mb4_unicode_ci ROW_FORMAT = Dynamic;

-- ----------------------------
-- Records of intelligent_data_conf
-- ----------------------------
INSERT INTO `intelligent_data_conf` VALUES (20, 36, 'intelligent_business_', 'demo', 5);

-- ----------------------------
-- Table structure for intelligent_demo_user
-- ----------------------------
DROP TABLE IF EXISTS `intelligent_demo_user`;
CREATE TABLE `intelligent_demo_user`  (
  `id` int(11) NOT NULL AUTO_INCREMENT,
  `nick_name` varchar(255) CHARACTER SET utf8mb4 COLLATE utf8mb4_unicode_ci NULL DEFAULT NULL,
  `phone` int(11) NULL DEFAULT NULL,
  `remarks` text CHARACTER SET utf8mb4 COLLATE utf8mb4_unicode_ci NULL,
  PRIMARY KEY (`id`) USING BTREE
) ENGINE = InnoDB AUTO_INCREMENT = 21 CHARACTER SET = utf8mb4 COLLATE = utf8mb4_unicode_ci ROW_FORMAT = Dynamic;

-- ----------------------------
-- Records of intelligent_demo_user
-- ----------------------------
INSERT INTO `intelligent_demo_user` VALUES (20, '测试用户', 123456789, '测试');

-- ----------------------------
-- Table structure for intelligent_form_extend
-- ----------------------------
DROP TABLE IF EXISTS `intelligent_form_extend`;
CREATE TABLE `intelligent_form_extend`  (
  `id` int(11) NOT NULL AUTO_INCREMENT COMMENT '表单扩展模板编码',
  `code` varchar(100) CHARACTER SET utf8mb4 COLLATE utf8mb4_unicode_ci NOT NULL COMMENT '表单扩展编码',
  `name` varchar(100) CHARACTER SET utf8mb4 COLLATE utf8mb4_unicode_ci NOT NULL COMMENT '表单扩展模板名称',
  `drawing_controls` text CHARACTER SET utf8mb4 COLLATE utf8mb4_unicode_ci NULL COMMENT '渲染控件数据集合',
  `id_global` int(11) NULL DEFAULT NULL COMMENT '记录目前控件全局ID-自增长',
  `tree_node_id` text CHARACTER SET utf8mb4 COLLATE utf8mb4_unicode_ci NULL COMMENT '级联下拉树形选项局部ID-内部标识-目前实现控件独立',
  `create_by` varchar(64) CHARACTER SET utf8mb4 COLLATE utf8mb4_unicode_ci NULL DEFAULT NULL COMMENT '表单扩展创建用户',
  `create_time` datetime(0) NULL DEFAULT NULL COMMENT '表单扩展插件时间',
  `update_by` varchar(64) CHARACTER SET utf8mb4 COLLATE utf8mb4_unicode_ci NULL DEFAULT NULL COMMENT '表单扩展修改用户\n',
  `update_time` datetime(0) NULL DEFAULT NULL COMMENT '表单扩展修改时间',
  `remarks` varchar(500) CHARACTER SET utf8mb4 COLLATE utf8mb4_unicode_ci NULL DEFAULT NULL COMMENT '表单扩展备注',
  PRIMARY KEY (`id`) USING BTREE
) ENGINE = InnoDB AUTO_INCREMENT = 39 CHARACTER SET = utf8mb4 COLLATE = utf8mb4_unicode_ci COMMENT = '表单扩展表' ROW_FORMAT = Dynamic;

-- ----------------------------
-- Records of intelligent_form_extend
-- ----------------------------
INSERT INTO `intelligent_form_extend` VALUES (36, 'form1', '表单案例模板', '[{\"slot\":{\"prepend\":\"\",\"append\":\"\"},\"attrs\":{\"clearable\":true,\"prefix-icon\":\"\",\"readonly\":false,\"disabled\":false,\"placeholder\":\"请输入单行文本\",\"show-word-limit\":false,\"suffix-icon\":\"\"},\"style\":{\"width\":\"100%\"},\"config\":{\"formId\":101,\"defaultValue\":\"1001\",\"document\":\"https://element.eleme.cn/#/zh-CN/component/input\",\"label\":\"单行文本\",\"showLabel\":true,\"required\":true,\"renderKey\":\"1011617062740739\",\"layout\":\"colFormItem\",\"tagIcon\":\"input\",\"changeTag\":true,\"tag\":\"el-input\",\"regList\":[],\"span\":24,\"vModel\":\"field101\"}},{\"attrs\":{\"type\":\"textarea\",\"readonly\":false,\"disabled\":false,\"placeholder\":\"请输入多行文本\",\"show-word-limit\":false,\"autosize\":{\"minRows\":4,\"maxRows\":4}},\"style\":{\"width\":\"100%\"},\"config\":{\"formId\":102,\"document\":\"https://element.eleme.cn/#/zh-CN/component/input\",\"label\":\"多行文本\",\"showLabel\":true,\"required\":true,\"renderKey\":\"1021617062742139\",\"layout\":\"colFormItem\",\"tagIcon\":\"textarea\",\"changeTag\":true,\"tag\":\"el-input\",\"regList\":[],\"span\":24,\"vModel\":\"field102\"}},{\"slot\":{\"prepend\":\"\",\"append\":\"\"},\"attrs\":{\"clearable\":true,\"prefix-icon\":\"\",\"show-password\":true,\"readonly\":false,\"disabled\":false,\"placeholder\":\"请输入密码\",\"show-word-limit\":false,\"suffix-icon\":\"\"},\"style\":{\"width\":\"100%\"},\"config\":{\"formId\":103,\"defaultValue\":\"86228228\",\"document\":\"https://element.eleme.cn/#/zh-CN/component/input\",\"label\":\"密码\",\"showLabel\":true,\"required\":true,\"renderKey\":\"1031617062743482\",\"layout\":\"colFormItem\",\"tagIcon\":\"password\",\"changeTag\":true,\"tag\":\"el-input\",\"regList\":[],\"span\":24,\"vModel\":\"field103\"}},{\"attrs\":{\"step-strictly\":false,\"controls-position\":\"\",\"step\":1,\"disabled\":false,\"placeholder\":\"计数器\"},\"config\":{\"formId\":104,\"document\":\"https://element.eleme.cn/#/zh-CN/component/input-number\",\"label\":\"计数器\",\"showLabel\":true,\"required\":true,\"renderKey\":\"1041617062744859\",\"layout\":\"colFormItem\",\"tagIcon\":\"number\",\"changeTag\":true,\"tag\":\"el-input-number\",\"regList\":[],\"span\":24,\"vModel\":\"field104\"}},{\"attrs\":{\"show-score\":false,\"max\":5,\"show-text\":false,\"allow-half\":false,\"disabled\":false},\"style\":{},\"config\":{\"formId\":105,\"defaultValue\":0,\"document\":\"https://element.eleme.cn/#/zh-CN/component/rate\",\"label\":\"评分\",\"showLabel\":true,\"required\":true,\"renderKey\":\"1051619173289621\",\"layout\":\"colFormItem\",\"tagIcon\":\"rate\",\"changeTag\":true,\"tag\":\"el-rate\",\"regList\":[],\"span\":24,\"vModel\":\"field105\"}}]', 105, '', 'entfrm', '2021-03-30 08:04:19', '小狗', '2021-04-23 18:21:32', '表单扩展模板');
INSERT INTO `intelligent_form_extend` VALUES (37, 'form2', '表单模板备用', NULL, NULL, NULL, 'entfrm', '2021-03-30 08:05:08', NULL, NULL, '表单模板备用');
INSERT INTO `intelligent_form_extend` VALUES (38, 'form3', '表单模板测试', NULL, NULL, NULL, 'entfrm', '2021-03-30 08:05:29', NULL, NULL, '表单模板测试');

-- ----------------------------
-- Table structure for oauth_client_details
-- ----------------------------
DROP TABLE IF EXISTS `oauth_client_details`;
CREATE TABLE `oauth_client_details`  (
  `client_id` varchar(48) CHARACTER SET utf8 COLLATE utf8_general_ci NOT NULL,
  `resource_ids` varchar(256) CHARACTER SET utf8 COLLATE utf8_general_ci NULL DEFAULT NULL,
  `client_secret` varchar(256) CHARACTER SET utf8 COLLATE utf8_general_ci NULL DEFAULT NULL,
  `scope` varchar(256) CHARACTER SET utf8 COLLATE utf8_general_ci NULL DEFAULT NULL,
  `authorized_grant_types` varchar(256) CHARACTER SET utf8 COLLATE utf8_general_ci NULL DEFAULT NULL,
  `web_server_redirect_uri` varchar(256) CHARACTER SET utf8 COLLATE utf8_general_ci NULL DEFAULT NULL,
  `authorities` varchar(256) CHARACTER SET utf8 COLLATE utf8_general_ci NULL DEFAULT NULL,
  `access_token_validity` int(11) NULL DEFAULT NULL,
  `refresh_token_validity` int(11) NULL DEFAULT NULL,
  `additional_information` varchar(4096) CHARACTER SET utf8 COLLATE utf8_general_ci NULL DEFAULT NULL,
  `autoapprove` varchar(256) CHARACTER SET utf8 COLLATE utf8_general_ci NULL DEFAULT NULL,
  PRIMARY KEY (`client_id`) USING BTREE
) ENGINE = InnoDB CHARACTER SET = utf8 COLLATE = utf8_general_ci ROW_FORMAT = DYNAMIC;

-- ----------------------------
-- Records of oauth_client_details
-- ----------------------------
INSERT INTO `oauth_client_details` VALUES ('entfrm', '', '$2a$10$IYtF5Qg/TBtau1pT.q4LLu8OdtutvopkxCc4nnV4n.KaadVmeodKK', 'server', 'password,refresh_token', '', NULL, NULL, NULL, NULL, 'true');
INSERT INTO `oauth_client_details` VALUES ('test', NULL, '$2a$10$q0DT1hteQMt7LSdmR5GANekY.YYCpxHQh21OCyGDAamxHjiCJaa86', 'test', 'password,refresh_token', NULL, NULL, NULL, NULL, NULL, 'true');

-- ----------------------------
-- Table structure for qrtz_blob_triggers
-- ----------------------------
DROP TABLE IF EXISTS `qrtz_blob_triggers`;
CREATE TABLE `qrtz_blob_triggers`  (
  `sched_name` varchar(120) CHARACTER SET utf8 COLLATE utf8_general_ci NOT NULL,
  `trigger_name` varchar(200) CHARACTER SET utf8 COLLATE utf8_general_ci NOT NULL,
  `trigger_group` varchar(200) CHARACTER SET utf8 COLLATE utf8_general_ci NOT NULL,
  `blob_data` blob NULL,
  PRIMARY KEY (`sched_name`, `trigger_name`, `trigger_group`) USING BTREE,
  CONSTRAINT `qrtz_blob_triggers_ibfk_1` FOREIGN KEY (`sched_name`, `trigger_name`, `trigger_group`) REFERENCES `qrtz_triggers` (`sched_name`, `trigger_name`, `trigger_group`) ON DELETE RESTRICT ON UPDATE RESTRICT
) ENGINE = InnoDB CHARACTER SET = utf8 COLLATE = utf8_general_ci ROW_FORMAT = DYNAMIC;

-- ----------------------------
-- Records of qrtz_blob_triggers
-- ----------------------------

-- ----------------------------
-- Table structure for qrtz_calendars
-- ----------------------------
DROP TABLE IF EXISTS `qrtz_calendars`;
CREATE TABLE `qrtz_calendars`  (
  `sched_name` varchar(120) CHARACTER SET utf8 COLLATE utf8_general_ci NOT NULL,
  `calendar_name` varchar(200) CHARACTER SET utf8 COLLATE utf8_general_ci NOT NULL,
  `calendar` blob NOT NULL,
  PRIMARY KEY (`sched_name`, `calendar_name`) USING BTREE
) ENGINE = InnoDB CHARACTER SET = utf8 COLLATE = utf8_general_ci ROW_FORMAT = DYNAMIC;

-- ----------------------------
-- Records of qrtz_calendars
-- ----------------------------

-- ----------------------------
-- Table structure for qrtz_cron_triggers
-- ----------------------------
DROP TABLE IF EXISTS `qrtz_cron_triggers`;
CREATE TABLE `qrtz_cron_triggers`  (
  `sched_name` varchar(120) CHARACTER SET utf8 COLLATE utf8_general_ci NOT NULL,
  `trigger_name` varchar(200) CHARACTER SET utf8 COLLATE utf8_general_ci NOT NULL,
  `trigger_group` varchar(200) CHARACTER SET utf8 COLLATE utf8_general_ci NOT NULL,
  `cron_expression` varchar(200) CHARACTER SET utf8 COLLATE utf8_general_ci NOT NULL,
  `time_zone_id` varchar(80) CHARACTER SET utf8 COLLATE utf8_general_ci NULL DEFAULT NULL,
  PRIMARY KEY (`sched_name`, `trigger_name`, `trigger_group`) USING BTREE,
  CONSTRAINT `qrtz_cron_triggers_ibfk_1` FOREIGN KEY (`sched_name`, `trigger_name`, `trigger_group`) REFERENCES `qrtz_triggers` (`sched_name`, `trigger_name`, `trigger_group`) ON DELETE RESTRICT ON UPDATE RESTRICT
) ENGINE = InnoDB CHARACTER SET = utf8 COLLATE = utf8_general_ci ROW_FORMAT = DYNAMIC;

-- ----------------------------
-- Records of qrtz_cron_triggers
-- ----------------------------
INSERT INTO `qrtz_cron_triggers` VALUES ('clusteredScheduler', '测试任务', 'demo', '0 * * * * ? *', 'Asia/Shanghai');

-- ----------------------------
-- Table structure for qrtz_fired_triggers
-- ----------------------------
DROP TABLE IF EXISTS `qrtz_fired_triggers`;
CREATE TABLE `qrtz_fired_triggers`  (
  `sched_name` varchar(120) CHARACTER SET utf8 COLLATE utf8_general_ci NOT NULL,
  `entry_id` varchar(95) CHARACTER SET utf8 COLLATE utf8_general_ci NOT NULL,
  `trigger_name` varchar(200) CHARACTER SET utf8 COLLATE utf8_general_ci NOT NULL,
  `trigger_group` varchar(200) CHARACTER SET utf8 COLLATE utf8_general_ci NOT NULL,
  `instance_name` varchar(200) CHARACTER SET utf8 COLLATE utf8_general_ci NOT NULL,
  `fired_time` bigint(13) NOT NULL,
  `sched_time` bigint(13) NOT NULL,
  `priority` int(11) NOT NULL,
  `state` varchar(16) CHARACTER SET utf8 COLLATE utf8_general_ci NOT NULL,
  `job_name` varchar(200) CHARACTER SET utf8 COLLATE utf8_general_ci NULL DEFAULT NULL,
  `job_group` varchar(200) CHARACTER SET utf8 COLLATE utf8_general_ci NULL DEFAULT NULL,
  `is_nonconcurrent` varchar(1) CHARACTER SET utf8 COLLATE utf8_general_ci NULL DEFAULT NULL,
  `requests_recovery` varchar(1) CHARACTER SET utf8 COLLATE utf8_general_ci NULL DEFAULT NULL,
  PRIMARY KEY (`sched_name`, `entry_id`) USING BTREE
) ENGINE = InnoDB CHARACTER SET = utf8 COLLATE = utf8_general_ci ROW_FORMAT = DYNAMIC;

-- ----------------------------
-- Records of qrtz_fired_triggers
-- ----------------------------

-- ----------------------------
-- Table structure for qrtz_job_details
-- ----------------------------
DROP TABLE IF EXISTS `qrtz_job_details`;
CREATE TABLE `qrtz_job_details`  (
  `sched_name` varchar(120) CHARACTER SET utf8 COLLATE utf8_general_ci NOT NULL,
  `job_name` varchar(200) CHARACTER SET utf8 COLLATE utf8_general_ci NOT NULL,
  `job_group` varchar(200) CHARACTER SET utf8 COLLATE utf8_general_ci NOT NULL,
  `description` varchar(250) CHARACTER SET utf8 COLLATE utf8_general_ci NULL DEFAULT NULL,
  `job_class_name` varchar(250) CHARACTER SET utf8 COLLATE utf8_general_ci NOT NULL,
  `is_durable` varchar(1) CHARACTER SET utf8 COLLATE utf8_general_ci NOT NULL,
  `is_nonconcurrent` varchar(1) CHARACTER SET utf8 COLLATE utf8_general_ci NOT NULL,
  `is_update_data` varchar(1) CHARACTER SET utf8 COLLATE utf8_general_ci NOT NULL,
  `requests_recovery` varchar(1) CHARACTER SET utf8 COLLATE utf8_general_ci NOT NULL,
  `job_data` blob NULL,
  PRIMARY KEY (`sched_name`, `job_name`, `job_group`) USING BTREE
) ENGINE = InnoDB CHARACTER SET = utf8 COLLATE = utf8_general_ci ROW_FORMAT = DYNAMIC;

-- ----------------------------
-- Records of qrtz_job_details
-- ----------------------------
INSERT INTO `qrtz_job_details` VALUES ('clusteredScheduler', '测试任务', 'demo', NULL, 'com.cetccq.platform.biz.quartz.config.TmQuartzFactory', '0', '1', '0', '0', 0xACED0005737200156F72672E71756172747A2E4A6F62446174614D61709FB083E8BFA9B0CB020000787200266F72672E71756172747A2E7574696C732E537472696E674B65794469727479466C61674D61708208E8C3FBC55D280200015A0013616C6C6F77735472616E7369656E74446174617872001D6F72672E71756172747A2E7574696C732E4469727479466C61674D617013E62EAD28760ACE0200025A000564697274794C00036D617074000F4C6A6176612F7574696C2F4D61703B787001737200116A6176612E7574696C2E486173684D61700507DAC1C31660D103000246000A6C6F6164466163746F724900097468726573686F6C6478703F4000000000000C7708000000100000000174000B7363686564756C654A6F627372002E636F6D2E70696734636C6F75642E706967782E6461656D6F6E2E71756172747A2E656E746974792E5379734A6F6200000000000000010200174C0009636C6173734E616D657400124C6A6176612F6C616E672F537472696E673B4C0008637265617465427971007E00094C000A63726561746554696D657400194C6A6176612F74696D652F4C6F63616C4461746554696D653B4C000E63726F6E45787072657373696F6E71007E00094C000B657865637574655061746871007E00094C00106A6F624578656375746553746174757371007E00094C00086A6F6247726F757071007E00094C00056A6F6249647400134C6A6176612F6C616E672F496E74656765723B4C00076A6F624E616D6571007E00094C00086A6F624F7264657271007E00094C00096A6F6253746174757371007E00094C000D6A6F6254656E616E745479706571007E00094C00076A6F625479706571007E00094C000A6D6574686F644E616D6571007E00094C00116D6574686F64506172616D7356616C756571007E00094C000D6D697366697265506F6C69637971007E00094C00086E65787454696D6571007E000A4C000C70726576696F757354696D6571007E000A4C000672656D61726B71007E00094C0009737461727454696D6571007E000A4C000874656E616E74496471007E000B4C0008757064617465427971007E00094C000A75706461746554696D6571007E000A78720035636F6D2E62616F6D69646F752E6D796261746973706C75732E657874656E73696F6E2E6163746976657265636F72642E4D6F64656C0000000000000001020000787074000464656D6F74000561646D696E7372000D6A6176612E74696D652E536572955D84BA1B2248B20C00007870770A05000007E303190E00F17874000D30202A202A202A202A203F202A7400007400013074000464656D6F737200116A6176612E6C616E672E496E746567657212E2A0A4F781873802000149000576616C7565787200106A6176612E6C616E672E4E756D62657286AC951D0B94E08B02000078700000000174000CE6B58BE8AF95E4BBBBE58AA17400013574000133740001317400013274000A64656D6F4D6574686F6474000970696734636C6F7564740001337371007E0010770905000007E3031916E2787371007E0010770A05000007E30319161CCD78740020E6BC94E7A4BA537072696E67204265616EE79A84E5AE9AE697B6E4BBBBE58AA17371007E0010770A05000007E303191600DE7871007E001874000561646D696E7371007E0010770A05000007E303190E00F1787800);

-- ----------------------------
-- Table structure for qrtz_locks
-- ----------------------------
DROP TABLE IF EXISTS `qrtz_locks`;
CREATE TABLE `qrtz_locks`  (
  `sched_name` varchar(120) CHARACTER SET utf8 COLLATE utf8_general_ci NOT NULL,
  `lock_name` varchar(40) CHARACTER SET utf8 COLLATE utf8_general_ci NOT NULL,
  PRIMARY KEY (`sched_name`, `lock_name`) USING BTREE
) ENGINE = InnoDB CHARACTER SET = utf8 COLLATE = utf8_general_ci ROW_FORMAT = DYNAMIC;

-- ----------------------------
-- Records of qrtz_locks
-- ----------------------------
INSERT INTO `qrtz_locks` VALUES ('clusteredScheduler', 'STATE_ACCESS');
INSERT INTO `qrtz_locks` VALUES ('clusteredScheduler', 'TRIGGER_ACCESS');

-- ----------------------------
-- Table structure for qrtz_paused_trigger_grps
-- ----------------------------
DROP TABLE IF EXISTS `qrtz_paused_trigger_grps`;
CREATE TABLE `qrtz_paused_trigger_grps`  (
  `sched_name` varchar(120) CHARACTER SET utf8 COLLATE utf8_general_ci NOT NULL,
  `trigger_group` varchar(200) CHARACTER SET utf8 COLLATE utf8_general_ci NOT NULL,
  PRIMARY KEY (`sched_name`, `trigger_group`) USING BTREE
) ENGINE = InnoDB CHARACTER SET = utf8 COLLATE = utf8_general_ci ROW_FORMAT = DYNAMIC;

-- ----------------------------
-- Records of qrtz_paused_trigger_grps
-- ----------------------------

-- ----------------------------
-- Table structure for qrtz_scheduler_state
-- ----------------------------
DROP TABLE IF EXISTS `qrtz_scheduler_state`;
CREATE TABLE `qrtz_scheduler_state`  (
  `sched_name` varchar(120) CHARACTER SET utf8 COLLATE utf8_general_ci NOT NULL,
  `instance_name` varchar(200) CHARACTER SET utf8 COLLATE utf8_general_ci NOT NULL,
  `last_checkin_time` bigint(13) NOT NULL,
  `checkin_interval` bigint(13) NOT NULL,
  PRIMARY KEY (`sched_name`, `instance_name`) USING BTREE
) ENGINE = InnoDB CHARACTER SET = utf8 COLLATE = utf8_general_ci ROW_FORMAT = DYNAMIC;

-- ----------------------------
-- Records of qrtz_scheduler_state
-- ----------------------------
INSERT INTO `qrtz_scheduler_state` VALUES ('clusteredScheduler', 'lengleng1553564320591', 1553568907589, 10000);

-- ----------------------------
-- Table structure for qrtz_simple_triggers
-- ----------------------------
DROP TABLE IF EXISTS `qrtz_simple_triggers`;
CREATE TABLE `qrtz_simple_triggers`  (
  `sched_name` varchar(120) CHARACTER SET utf8 COLLATE utf8_general_ci NOT NULL,
  `trigger_name` varchar(200) CHARACTER SET utf8 COLLATE utf8_general_ci NOT NULL,
  `trigger_group` varchar(200) CHARACTER SET utf8 COLLATE utf8_general_ci NOT NULL,
  `repeat_count` bigint(7) NOT NULL,
  `repeat_interval` bigint(12) NOT NULL,
  `times_triggered` bigint(10) NOT NULL,
  PRIMARY KEY (`sched_name`, `trigger_name`, `trigger_group`) USING BTREE,
  CONSTRAINT `QRTZ_SIMPLE_TRIGGERS_IBFK_1` FOREIGN KEY (`sched_name`, `trigger_name`, `trigger_group`) REFERENCES `qrtz_triggers` (`sched_name`, `trigger_name`, `trigger_group`) ON DELETE RESTRICT ON UPDATE RESTRICT
) ENGINE = InnoDB CHARACTER SET = utf8 COLLATE = utf8_general_ci ROW_FORMAT = DYNAMIC;

-- ----------------------------
-- Records of qrtz_simple_triggers
-- ----------------------------

-- ----------------------------
-- Table structure for qrtz_simprop_triggers
-- ----------------------------
DROP TABLE IF EXISTS `qrtz_simprop_triggers`;
CREATE TABLE `qrtz_simprop_triggers`  (
  `sched_name` varchar(120) CHARACTER SET utf8 COLLATE utf8_general_ci NOT NULL,
  `trigger_name` varchar(200) CHARACTER SET utf8 COLLATE utf8_general_ci NOT NULL,
  `trigger_group` varchar(200) CHARACTER SET utf8 COLLATE utf8_general_ci NOT NULL,
  `str_prop_1` varchar(512) CHARACTER SET utf8 COLLATE utf8_general_ci NULL DEFAULT NULL,
  `str_prop_2` varchar(512) CHARACTER SET utf8 COLLATE utf8_general_ci NULL DEFAULT NULL,
  `str_prop_3` varchar(512) CHARACTER SET utf8 COLLATE utf8_general_ci NULL DEFAULT NULL,
  `int_prop_1` int(11) NULL DEFAULT NULL,
  `int_prop_2` int(11) NULL DEFAULT NULL,
  `long_prop_1` bigint(20) NULL DEFAULT NULL,
  `long_prop_2` bigint(20) NULL DEFAULT NULL,
  `dec_prop_1` decimal(13, 4) NULL DEFAULT NULL,
  `dec_prop_2` decimal(13, 4) NULL DEFAULT NULL,
  `bool_prop_1` varchar(1) CHARACTER SET utf8 COLLATE utf8_general_ci NULL DEFAULT NULL,
  `bool_prop_2` varchar(1) CHARACTER SET utf8 COLLATE utf8_general_ci NULL DEFAULT NULL,
  PRIMARY KEY (`sched_name`, `trigger_name`, `trigger_group`) USING BTREE,
  CONSTRAINT `QRTZ_SIMPROP_TRIGGERS_IBFK_1` FOREIGN KEY (`sched_name`, `trigger_name`, `trigger_group`) REFERENCES `qrtz_triggers` (`sched_name`, `trigger_name`, `trigger_group`) ON DELETE RESTRICT ON UPDATE RESTRICT
) ENGINE = InnoDB CHARACTER SET = utf8 COLLATE = utf8_general_ci ROW_FORMAT = DYNAMIC;

-- ----------------------------
-- Records of qrtz_simprop_triggers
-- ----------------------------

-- ----------------------------
-- Table structure for qrtz_triggers
-- ----------------------------
DROP TABLE IF EXISTS `qrtz_triggers`;
CREATE TABLE `qrtz_triggers`  (
  `sched_name` varchar(120) CHARACTER SET utf8 COLLATE utf8_general_ci NOT NULL,
  `trigger_name` varchar(200) CHARACTER SET utf8 COLLATE utf8_general_ci NOT NULL,
  `trigger_group` varchar(200) CHARACTER SET utf8 COLLATE utf8_general_ci NOT NULL,
  `job_name` varchar(200) CHARACTER SET utf8 COLLATE utf8_general_ci NOT NULL,
  `job_group` varchar(200) CHARACTER SET utf8 COLLATE utf8_general_ci NOT NULL,
  `description` varchar(250) CHARACTER SET utf8 COLLATE utf8_general_ci NULL DEFAULT NULL,
  `next_fire_time` bigint(13) NULL DEFAULT NULL,
  `prev_fire_time` bigint(13) NULL DEFAULT NULL,
  `priority` int(11) NULL DEFAULT NULL,
  `trigger_state` varchar(16) CHARACTER SET utf8 COLLATE utf8_general_ci NOT NULL,
  `trigger_type` varchar(8) CHARACTER SET utf8 COLLATE utf8_general_ci NOT NULL,
  `start_time` bigint(13) NOT NULL,
  `end_time` bigint(13) NULL DEFAULT NULL,
  `calendar_name` varchar(200) CHARACTER SET utf8 COLLATE utf8_general_ci NULL DEFAULT NULL,
  `misfire_instr` smallint(2) NULL DEFAULT NULL,
  `job_data` blob NULL,
  PRIMARY KEY (`sched_name`, `trigger_name`, `trigger_group`) USING BTREE,
  INDEX `sched_name`(`sched_name`, `job_name`, `job_group`) USING BTREE,
  CONSTRAINT `qrtz_triggers_ibfk_1` FOREIGN KEY (`sched_name`, `job_name`, `job_group`) REFERENCES `qrtz_job_details` (`sched_name`, `job_name`, `job_group`) ON DELETE RESTRICT ON UPDATE RESTRICT
) ENGINE = InnoDB CHARACTER SET = utf8 COLLATE = utf8_general_ci ROW_FORMAT = DYNAMIC;

-- ----------------------------
-- Records of qrtz_triggers
-- ----------------------------
INSERT INTO `qrtz_triggers` VALUES ('clusteredScheduler', '测试任务', 'demo', '测试任务', 'demo', NULL, 1553568960000, 1553568900000, 5, 'WAITING', 'CRON', 1553564598000, 0, NULL, 2, '');

-- ----------------------------
-- Table structure for sys_application
-- ----------------------------
DROP TABLE IF EXISTS `sys_application`;
CREATE TABLE `sys_application`  (
  `id` int(11) NOT NULL AUTO_INCREMENT COMMENT '编号',
  `name` varchar(30) CHARACTER SET utf8 COLLATE utf8_general_ci NULL DEFAULT NULL COMMENT '应用名称',
  `type` char(1) CHARACTER SET utf8 COLLATE utf8_general_ci NULL DEFAULT '0' COMMENT '应用类型',
  `is_sys` char(1) CHARACTER SET utf8 COLLATE utf8_general_ci NULL DEFAULT '1' COMMENT '系统',
  `industry` varchar(2) CHARACTER SET utf8 COLLATE utf8_general_ci NULL DEFAULT NULL COMMENT '行业',
  `cover` varchar(255) CHARACTER SET utf8 COLLATE utf8_general_ci NULL DEFAULT NULL COMMENT '封面',
  `version` varchar(20) CHARACTER SET utf8 COLLATE utf8_general_ci NULL DEFAULT NULL COMMENT '版本',
  `description` varchar(255) CHARACTER SET utf8 COLLATE utf8_general_ci NULL DEFAULT NULL COMMENT '描述',
  `sort` int(11) NULL DEFAULT 1 COMMENT '排序',
  `dept_id` int(11) NULL DEFAULT NULL COMMENT '机构编号',
  `status` char(1) CHARACTER SET utf8 COLLATE utf8_general_ci NULL DEFAULT '0' COMMENT '状态',
  `create_by` varchar(60) CHARACTER SET utf8 COLLATE utf8_general_ci NULL DEFAULT NULL COMMENT '创建人',
  `create_time` datetime(0) NULL DEFAULT NULL COMMENT '创建时间',
  `update_by` varchar(60) CHARACTER SET utf8 COLLATE utf8_general_ci NULL DEFAULT NULL COMMENT '更新人',
  `update_time` datetime(0) NULL DEFAULT NULL COMMENT '更新时间',
  `remarks` varchar(255) CHARACTER SET utf8 COLLATE utf8_general_ci NULL DEFAULT NULL COMMENT '备注',
  `del_flag` char(1) CHARACTER SET utf8 COLLATE utf8_general_ci NULL DEFAULT '0' COMMENT '删除标识（0-正常，1-删除）',
  PRIMARY KEY (`id`) USING BTREE
) ENGINE = InnoDB AUTO_INCREMENT = 3 CHARACTER SET = utf8 COLLATE = utf8_general_ci COMMENT = '应用管理' ROW_FORMAT = DYNAMIC;

-- ----------------------------
-- Records of sys_application
-- ----------------------------
INSERT INTO `sys_application` VALUES (1, '通用管理', '1', '0', '通用', NULL, '1.0.1', '通用管理', 1, 1, '1', 'entfrm', '2020-04-23 19:20:29', 'entfrm', '2020-04-23 20:06:36', NULL, '0');
INSERT INTO `sys_application` VALUES (2, '开发工具', '1', '1', '其他', NULL, '1.0.0', '开发工具', 1, 1, '1', 'entfrm', '2020-05-15 22:55:31', 'entfrm', '2020-05-15 23:09:16', NULL, '0');

-- ----------------------------
-- Table structure for sys_area
-- ----------------------------
DROP TABLE IF EXISTS `sys_area`;
CREATE TABLE `sys_area`  (
  `id` int(11) NOT NULL AUTO_INCREMENT,
  `parent_id` int(11) NULL DEFAULT NULL,
  `ancestors` varchar(255) CHARACTER SET utf8 COLLATE utf8_general_ci NULL DEFAULT NULL COMMENT '所有父级编号',
  `name` varchar(30) CHARACTER SET utf8 COLLATE utf8_general_ci NULL DEFAULT NULL COMMENT '区域名称',
  `code` varchar(100) CHARACTER SET utf8 COLLATE utf8_general_ci NULL DEFAULT NULL COMMENT '区域编码',
  `sort` int(4) NULL DEFAULT 0 COMMENT '显示顺序',
  `type` char(1) CHARACTER SET utf8 COLLATE utf8_general_ci NULL DEFAULT NULL COMMENT '区域类型',
  `create_by` varchar(30) CHARACTER SET utf8 COLLATE utf8_general_ci NULL DEFAULT NULL COMMENT '创建者',
  `create_time` datetime(0) NULL DEFAULT NULL COMMENT '创建时间',
  `update_by` varchar(30) CHARACTER SET utf8 COLLATE utf8_general_ci NULL DEFAULT NULL COMMENT '更新者',
  `update_time` datetime(0) NULL DEFAULT NULL COMMENT '更新时间',
  `remarks` varchar(255) CHARACTER SET utf8 COLLATE utf8_general_ci NULL DEFAULT NULL COMMENT '备注信息',
  `del_flag` char(1) CHARACTER SET utf8 COLLATE utf8_general_ci NULL DEFAULT '0' COMMENT '删除标记',
  PRIMARY KEY (`id`) USING BTREE
) ENGINE = InnoDB AUTO_INCREMENT = 1 CHARACTER SET = utf8 COLLATE = utf8_general_ci ROW_FORMAT = DYNAMIC;

-- ----------------------------
-- Records of sys_area
-- ----------------------------

-- ----------------------------
-- Table structure for sys_backup
-- ----------------------------
DROP TABLE IF EXISTS `sys_backup`;
CREATE TABLE `sys_backup`  (
  `id` int(11) NOT NULL AUTO_INCREMENT COMMENT '编号',
  `name` varchar(120) CHARACTER SET utf8 COLLATE utf8_general_ci NULL DEFAULT NULL COMMENT '名称',
  `path` varchar(255) CHARACTER SET utf8 COLLATE utf8_general_ci NULL DEFAULT NULL COMMENT '路径',
  `create_by` varchar(30) CHARACTER SET utf8 COLLATE utf8_general_ci NULL DEFAULT NULL COMMENT '创建人',
  `create_time` datetime(0) NULL DEFAULT CURRENT_TIMESTAMP(0) COMMENT '创建时间',
  `update_by` varchar(30) CHARACTER SET utf8 COLLATE utf8_general_ci NULL DEFAULT NULL COMMENT '修改人',
  `update_time` datetime(0) NULL DEFAULT NULL ON UPDATE CURRENT_TIMESTAMP(0) COMMENT '修改时间',
  `remarks` varchar(255) CHARACTER SET utf8 COLLATE utf8_general_ci NULL DEFAULT '' COMMENT '备注',
  `del_flag` char(1) CHARACTER SET utf8mb4 COLLATE utf8mb4_bin NULL DEFAULT '0' COMMENT '0-正常，1-删除',
  PRIMARY KEY (`id`) USING BTREE
) ENGINE = InnoDB AUTO_INCREMENT = 1 CHARACTER SET = utf8 COLLATE = utf8_general_ci ROW_FORMAT = DYNAMIC;

-- ----------------------------
-- Records of sys_backup
-- ----------------------------

-- ----------------------------
-- Table structure for sys_config
-- ----------------------------
DROP TABLE IF EXISTS `sys_config`;
CREATE TABLE `sys_config`  (
  `id` int(11) NOT NULL AUTO_INCREMENT COMMENT '编号',
  `name` varchar(100) CHARACTER SET utf8mb4 COLLATE utf8mb4_general_ci NULL DEFAULT '' COMMENT '参数名称',
  `key` varchar(100) CHARACTER SET utf8mb4 COLLATE utf8mb4_general_ci NULL DEFAULT '' COMMENT '参数键名',
  `value` varchar(500) CHARACTER SET utf8mb4 COLLATE utf8mb4_general_ci NULL DEFAULT '' COMMENT '参数键值',
  `is_sys` char(1) CHARACTER SET utf8mb4 COLLATE utf8mb4_general_ci NULL DEFAULT '0' COMMENT '系统内置 0-是|1-否',
  `create_by` varchar(64) CHARACTER SET utf8mb4 COLLATE utf8mb4_general_ci NULL DEFAULT '' COMMENT '创建者',
  `create_time` datetime(0) NULL DEFAULT NULL COMMENT '创建时间',
  `update_by` varchar(64) CHARACTER SET utf8mb4 COLLATE utf8mb4_general_ci NULL DEFAULT '' COMMENT '更新者',
  `update_time` datetime(0) NULL DEFAULT NULL COMMENT '更新时间',
  `remarks` varchar(500) CHARACTER SET utf8mb4 COLLATE utf8mb4_general_ci NULL DEFAULT NULL COMMENT '备注',
  `del_flag` char(1) CHARACTER SET utf8 COLLATE utf8_general_ci NULL DEFAULT '0' COMMENT '删除标记',
  PRIMARY KEY (`id`) USING BTREE
) ENGINE = InnoDB AUTO_INCREMENT = 2 CHARACTER SET = utf8 COLLATE = utf8_general_ci ROW_FORMAT = DYNAMIC;

-- ----------------------------
-- Records of sys_config
-- ----------------------------
INSERT INTO `sys_config` VALUES (1, '初始密码', 'user.initPassword', '123456', '0', 'entfrm', '2020-03-15 21:51:13', '', NULL, NULL, '0');

-- ----------------------------
-- Table structure for sys_datasource
-- ----------------------------
DROP TABLE IF EXISTS `sys_datasource`;
CREATE TABLE `sys_datasource`  (
  `id` int(11) NOT NULL AUTO_INCREMENT COMMENT '主键',
  `name` varchar(255) CHARACTER SET utf8mb4 COLLATE utf8mb4_general_ci NULL DEFAULT NULL COMMENT '名称',
  `driver_class_name` varchar(255) CHARACTER SET utf8mb4 COLLATE utf8mb4_general_ci NULL DEFAULT NULL COMMENT '数据驱动',
  `url` varchar(255) CHARACTER SET utf8mb4 COLLATE utf8mb4_general_ci NULL DEFAULT NULL COMMENT 'url地址',
  `username` varchar(255) CHARACTER SET utf8mb4 COLLATE utf8mb4_general_ci NULL DEFAULT NULL COMMENT '用户',
  `password` varchar(255) CHARACTER SET utf8mb4 COLLATE utf8mb4_general_ci NULL DEFAULT NULL COMMENT '密码',
  `alias` varchar(120) CHARACTER SET utf8mb4 COLLATE utf8mb4_general_ci NULL DEFAULT NULL COMMENT '别名',
  `create_by` varchar(30) CHARACTER SET utf8 COLLATE utf8_general_ci NULL DEFAULT NULL COMMENT '创建人',
  `create_time` datetime(0) NULL DEFAULT CURRENT_TIMESTAMP(0) COMMENT '创建时间',
  `update_by` varchar(30) CHARACTER SET utf8 COLLATE utf8_general_ci NULL DEFAULT NULL COMMENT '修改人',
  `update_time` datetime(0) NULL DEFAULT CURRENT_TIMESTAMP(0) ON UPDATE CURRENT_TIMESTAMP(0) COMMENT '更新时间',
  `remarks` varchar(255) CHARACTER SET utf8 COLLATE utf8_general_ci NULL DEFAULT '' COMMENT '备注',
  `del_flag` char(50) CHARACTER SET utf8mb4 COLLATE utf8mb4_general_ci NULL DEFAULT '0' COMMENT '删除标记',
  PRIMARY KEY (`id`) USING BTREE
) ENGINE = InnoDB AUTO_INCREMENT = 1 CHARACTER SET = utf8mb4 COLLATE = utf8mb4_general_ci ROW_FORMAT = DYNAMIC;

-- ----------------------------
-- Records of sys_datasource
-- ----------------------------

-- ----------------------------
-- Table structure for sys_dept
-- ----------------------------
DROP TABLE IF EXISTS `sys_dept`;
CREATE TABLE `sys_dept`  (
  `dept_id` int(11) NOT NULL AUTO_INCREMENT,
  `code` varchar(30) CHARACTER SET utf8 COLLATE utf8_general_ci NULL DEFAULT NULL COMMENT '机构编码',
  `name` varchar(60) CHARACTER SET utf8 COLLATE utf8_general_ci NULL DEFAULT NULL COMMENT '机构名称',
  `parent_id` int(11) NULL DEFAULT 0 COMMENT '父级编号',
  `ancestors` varchar(120) CHARACTER SET utf8 COLLATE utf8_general_ci NULL DEFAULT '0' COMMENT '祖级列表',
  `sort` int(11) NULL DEFAULT 1 COMMENT '排序',
  `contacts` varchar(30) CHARACTER SET utf8 COLLATE utf8_general_ci NULL DEFAULT NULL COMMENT '联系人',
  `phone` varchar(20) CHARACTER SET utf8 COLLATE utf8_general_ci NULL DEFAULT NULL COMMENT '电话',
  `address` varchar(255) CHARACTER SET utf8 COLLATE utf8_general_ci NULL DEFAULT NULL COMMENT '联系地址',
  `email` varchar(60) CHARACTER SET utf8 COLLATE utf8_general_ci NULL DEFAULT NULL COMMENT '邮箱',
  `status` char(1) CHARACTER SET utf8 COLLATE utf8_general_ci NULL DEFAULT '0' COMMENT '帐号状态（0正常 1停用）',
  `create_by` varchar(30) CHARACTER SET utf8 COLLATE utf8_general_ci NULL DEFAULT NULL COMMENT '创建人',
  `create_time` datetime(0) NULL DEFAULT NULL COMMENT '创建时间',
  `update_by` varchar(30) CHARACTER SET utf8 COLLATE utf8_general_ci NULL DEFAULT NULL COMMENT '修改人',
  `update_time` datetime(0) NULL DEFAULT NULL ON UPDATE CURRENT_TIMESTAMP(0) COMMENT '修改时间',
  `remarks` varchar(255) CHARACTER SET utf8 COLLATE utf8_general_ci NULL DEFAULT NULL COMMENT '备注信息',
  `del_flag` char(1) CHARACTER SET utf8 COLLATE utf8_general_ci NOT NULL DEFAULT '0' COMMENT '删除标记',
  PRIMARY KEY (`dept_id`) USING BTREE
) ENGINE = InnoDB AUTO_INCREMENT = 4 CHARACTER SET = utf8mb4 COLLATE = utf8mb4_general_ci ROW_FORMAT = DYNAMIC;

-- ----------------------------
-- Records of sys_dept
-- ----------------------------
INSERT INTO `sys_dept` VALUES (1, '100001', '重庆总公司', 0, '0', 1, 'entfrm', '15688888888', NULL, NULL, '0', 'entfrm', '2020-02-13 20:55:57', NULL, '2020-03-19 20:49:29', NULL, '0');
INSERT INTO `sys_dept` VALUES (2, '10000101', '北京分公司', 1, '0,1', 1, NULL, NULL, NULL, NULL, '0', NULL, NULL, NULL, '2020-03-15 20:22:11', NULL, '0');
INSERT INTO `sys_dept` VALUES (3, '10000102', '昆明分公司', 1, '0,1', 2, '123', '', NULL, NULL, '0', NULL, NULL, 'entfrm', '2020-03-15 20:37:02', NULL, '0');

-- ----------------------------
-- Table structure for sys_dict
-- ----------------------------
DROP TABLE IF EXISTS `sys_dict`;
CREATE TABLE `sys_dict`  (
  `id` int(11) NOT NULL AUTO_INCREMENT,
  `name` varchar(100) CHARACTER SET utf8 COLLATE utf8_general_ci NULL DEFAULT '' COMMENT '字典名称',
  `type` varchar(100) CHARACTER SET utf8 COLLATE utf8_general_ci NULL DEFAULT '' COMMENT '字典类型',
  `is_sys` char(1) CHARACTER SET utf8 COLLATE utf8_general_ci NOT NULL DEFAULT '0' COMMENT '0-是|1-否',
  `status` char(1) CHARACTER SET utf8 COLLATE utf8_general_ci NULL DEFAULT '0' COMMENT '状态（0正常 1停用）',
  `create_by` varchar(30) CHARACTER SET utf8 COLLATE utf8_general_ci NULL DEFAULT NULL COMMENT '创建人',
  `create_time` datetime(0) NULL DEFAULT CURRENT_TIMESTAMP(0) COMMENT '创建时间',
  `update_by` varchar(30) CHARACTER SET utf8 COLLATE utf8_general_ci NULL DEFAULT NULL COMMENT '修改人',
  `update_time` datetime(0) NULL DEFAULT NULL ON UPDATE CURRENT_TIMESTAMP(0) COMMENT '修改时间',
  `remarks` varchar(255) CHARACTER SET utf8 COLLATE utf8_general_ci NULL DEFAULT '' COMMENT '备注',
  `del_flag` char(1) CHARACTER SET utf8mb4 COLLATE utf8mb4_bin NULL DEFAULT '0' COMMENT '0-正常，1-删除',
  PRIMARY KEY (`id`) USING BTREE
) ENGINE = InnoDB AUTO_INCREMENT = 22 CHARACTER SET = utf8 COLLATE = utf8_general_ci ROW_FORMAT = DYNAMIC;

-- ----------------------------
-- Records of sys_dict
-- ----------------------------
INSERT INTO `sys_dict` VALUES (1, '用户性别', 'user_sex', '0', '0', 'admin', '2018-03-16 11:33:00', 'admin', '2020-03-17 14:19:40', '用户性别列表', '0');
INSERT INTO `sys_dict` VALUES (2, '菜单状态', 'menu_status', '0', '0', 'admin', '2018-03-16 11:33:00', 'admin', '2020-03-17 14:19:41', '菜单状态列表', '0');
INSERT INTO `sys_dict` VALUES (3, '是否', 'yes_no', '0', '0', 'admin', '2018-03-16 11:33:00', 'admin', '2020-03-17 14:19:42', '是否列表', '0');
INSERT INTO `sys_dict` VALUES (4, '状态', 'status', '0', '0', 'admin', '2018-03-16 11:33:00', 'admin', '2020-03-17 14:19:42', '状态列表', '0');
INSERT INTO `sys_dict` VALUES (5, '成功失败', 'success_fail', '0', '0', 'admin', '2019-08-24 10:02:57', 'admin', '2020-03-17 14:19:43', '成功失败列表', '0');
INSERT INTO `sys_dict` VALUES (6, '文件类别', 'file_type', '0', '0', 'entfrm', '2020-03-17 13:57:44', 'entfrm', '2020-03-20 22:48:19', '文件类别列表', '0');
INSERT INTO `sys_dict` VALUES (7, '数据库类型', 'datasource_type', '0', '0', 'entfrm', '2020-03-21 11:33:14', 'entfrm', '2020-03-22 09:56:10', '数据库类型列表', '0');
INSERT INTO `sys_dict` VALUES (8, '任务类型', 'job_type', '0', '0', 'entfrm', '2020-03-21 21:21:46', NULL, NULL, '任务类型列表', '0');
INSERT INTO `sys_dict` VALUES (9, '登录类型', 'login_type', '0', '0', 'entfrm', '2020-03-22 09:55:59', NULL, NULL, '登录类型列表', '0');
INSERT INTO `sys_dict` VALUES (10, '快捷方式类型', 'shortcut_type', '0', '0', 'entfrm', '2020-03-27 09:48:05', 'entfrm', '2020-03-27 10:14:27', '快捷方式类型列表', '0');
INSERT INTO `sys_dict` VALUES (11, '模型分类', 'model_category', '0', '0', 'entfrm', '2020-04-04 22:09:36', NULL, NULL, '', '0');
INSERT INTO `sys_dict` VALUES (12, '请假类型', 'leave_type', '0', '0', 'entfrm', '2020-04-05 10:08:18', NULL, NULL, '', '0');
INSERT INTO `sys_dict` VALUES (13, '任务状态', 'job_status', '0', '0', 'entfrm', '2020-04-11 18:54:20', NULL, NULL, '', '0');
INSERT INTO `sys_dict` VALUES (14, 'Activiti流程状态', 'process_status', '0', '0', 'entfrm', '2020-04-12 14:30:52', 'entfrm', '2021-05-12 01:37:16', 'Activiti流程状态', '1');
INSERT INTO `sys_dict` VALUES (15, '应用类型', 'application_type', '0', '0', 'entfrm', '2020-04-23 18:54:07', NULL, NULL, '', '0');
INSERT INTO `sys_dict` VALUES (16, '消息类型', 'msg_type', '0', '0', 'entfrm', '2020-05-10 16:02:20', NULL, NULL, '', '0');
INSERT INTO `sys_dict` VALUES (17, '应用状态', 'application_status', '0', '0', 'entfrm', '2020-05-15 22:56:49', NULL, NULL, '应用状态列表', '0');
INSERT INTO `sys_dict` VALUES (18, '消息通知类型', 'content_type', '0', '0', 'entfrm', '2020-05-25 15:45:41', NULL, NULL, '', '0');
INSERT INTO `sys_dict` VALUES (19, '数据格式类型', 'data_type', '0', '0', 'entfrm', '2020-06-13 08:51:07', NULL, NULL, '', '0');
INSERT INTO `sys_dict` VALUES (20, '表单类型', 'form_type', '0', '0', 'entfrm', '2021-03-26 23:30:49', NULL, NULL, '', '0');
INSERT INTO `sys_dict` VALUES (21, 'Activiti流程状态', 'process_status', '1', '0', 'entfrm', '2021-05-12 01:37:30', NULL, NULL, 'Activiti流程状态', '0');

-- ----------------------------
-- Table structure for sys_dict_data
-- ----------------------------
DROP TABLE IF EXISTS `sys_dict_data`;
CREATE TABLE `sys_dict_data`  (
  `id` int(11) NOT NULL AUTO_INCREMENT COMMENT '编号',
  `dict_id` int(11) NULL DEFAULT NULL COMMENT '字典编号',
  `dict_type` varchar(100) CHARACTER SET utf8 COLLATE utf8_general_ci NOT NULL COMMENT '类型',
  `label` varchar(100) CHARACTER SET utf8 COLLATE utf8_general_ci NOT NULL COMMENT '标签名',
  `value` varchar(100) CHARACTER SET utf8 COLLATE utf8_general_ci NOT NULL COMMENT '数据值',
  `sort` int(10) NOT NULL COMMENT '排序（升序）',
  `create_by` varchar(30) CHARACTER SET utf8 COLLATE utf8_general_ci NULL DEFAULT NULL COMMENT '创建人',
  `create_time` datetime(0) NOT NULL DEFAULT CURRENT_TIMESTAMP(0) COMMENT '创建时间',
  `update_by` varchar(30) CHARACTER SET utf8 COLLATE utf8_general_ci NULL DEFAULT NULL COMMENT '修改人',
  `update_time` datetime(0) NOT NULL DEFAULT CURRENT_TIMESTAMP(0) ON UPDATE CURRENT_TIMESTAMP(0) COMMENT '更新时间',
  `remarks` varchar(255) CHARACTER SET utf8 COLLATE utf8_general_ci NULL DEFAULT NULL COMMENT '备注信息',
  `del_flag` char(1) CHARACTER SET utf8 COLLATE utf8_general_ci NOT NULL DEFAULT '0' COMMENT '删除标记',
  PRIMARY KEY (`id`) USING BTREE
) ENGINE = InnoDB AUTO_INCREMENT = 63 CHARACTER SET = utf8 COLLATE = utf8_general_ci ROW_FORMAT = DYNAMIC;

-- ----------------------------
-- Records of sys_dict_data
-- ----------------------------
INSERT INTO `sys_dict_data` VALUES (1, 1, 'user_sex', '男', '0', 1, NULL, '2019-08-13 18:33:37', NULL, '2019-08-13 18:33:40', NULL, '0');
INSERT INTO `sys_dict_data` VALUES (2, 1, 'user_sex', '女', '1', 2, NULL, '2019-08-13 18:34:03', NULL, '2019-08-13 18:34:07', NULL, '0');
INSERT INTO `sys_dict_data` VALUES (3, 2, 'menu_status', '隐藏', '1', 2, NULL, '2019-08-13 18:33:37', NULL, '2019-08-19 15:42:29', NULL, '0');
INSERT INTO `sys_dict_data` VALUES (4, 2, 'menu_status', '显示', '0', 1, NULL, '2019-08-13 18:33:37', NULL, '2019-08-19 15:42:28', NULL, '0');
INSERT INTO `sys_dict_data` VALUES (5, 3, 'yes_no', '是', '0', 1, NULL, '2019-08-13 18:33:37', 'admin', '2020-03-17 12:05:05', '', '0');
INSERT INTO `sys_dict_data` VALUES (6, 3, 'yes_no', '否', '1', 2, NULL, '2019-08-13 18:33:37', 'admin', '2020-03-17 12:05:06', '', '0');
INSERT INTO `sys_dict_data` VALUES (7, 4, 'status', '停用', '1', 2, NULL, '2019-08-13 18:34:03', 'admin', '2019-08-19 15:43:00', '', '0');
INSERT INTO `sys_dict_data` VALUES (8, 4, 'status', '正常', '0', 1, NULL, '2019-08-13 18:33:37', NULL, '2019-08-19 15:42:59', NULL, '0');
INSERT INTO `sys_dict_data` VALUES (9, NULL, 'success_fail', '成功', '0', 10, 'admin', '2019-08-24 11:48:18', 'entfrm', '2019-08-24 11:48:17', '', '0');
INSERT INTO `sys_dict_data` VALUES (10, NULL, 'success_fail', '失败', '1', 20, 'admin', '2019-08-24 11:48:27', NULL, '2019-08-24 11:48:26', '', '0');
INSERT INTO `sys_dict_data` VALUES (11, NULL, 'file_type', '图片', 'image', 1, 'entfrm', '2020-03-20 22:48:39', NULL, '2020-03-28 16:27:48', NULL, '0');
INSERT INTO `sys_dict_data` VALUES (12, NULL, 'file_type', '媒体', 'media', 2, 'entfrm', '2020-03-20 22:48:48', 'entfrm', '2020-03-28 16:28:32', NULL, '0');
INSERT INTO `sys_dict_data` VALUES (13, NULL, 'file_type', '文档', 'file', 3, 'entfrm', '2020-03-20 22:49:03', NULL, '2020-03-28 16:28:21', NULL, '0');
INSERT INTO `sys_dict_data` VALUES (14, NULL, 'datasource_type', 'Mysql', 'com.mysql.cj.jdbc.Driver', 1, 'entfrm', '2020-03-21 11:33:59', 'entfrm', '2020-03-21 11:33:59', NULL, '0');
INSERT INTO `sys_dict_data` VALUES (15, NULL, 'datasource_type', 'Sqlserver', 'com.microsoft.sqlserver.jdbc.SQLServerDriver', 2, 'entfrm', '2020-03-21 11:34:59', 'entfrm', '2020-03-21 11:34:58', NULL, '0');
INSERT INTO `sys_dict_data` VALUES (16, NULL, 'datasource_type', 'Postgresql', 'org.postgresql.Driver', 3, 'entfrm', '2020-03-21 11:36:16', NULL, '2020-03-21 11:36:15', NULL, '0');
INSERT INTO `sys_dict_data` VALUES (17, NULL, 'job_type', 'Java类', '1', 1, 'entfrm', '2020-03-21 21:22:35', NULL, '2020-03-21 21:22:35', NULL, '0');
INSERT INTO `sys_dict_data` VALUES (18, NULL, 'job_type', 'Spring bean名称', '2', 2, 'entfrm', '2020-03-21 21:22:50', NULL, '2020-03-21 21:22:50', NULL, '0');
INSERT INTO `sys_dict_data` VALUES (19, NULL, 'job_type', 'Rest调用', '3', 3, 'entfrm', '2020-03-21 21:23:06', NULL, '2020-03-21 21:23:05', NULL, '0');
INSERT INTO `sys_dict_data` VALUES (20, NULL, 'job_type', 'Jar调用', '4', 4, 'entfrm', '2020-03-21 21:23:19', NULL, '2020-03-21 21:23:18', NULL, '0');
INSERT INTO `sys_dict_data` VALUES (21, NULL, 'job_type', '其他', '5', 0, 'entfrm', '2020-03-21 21:23:24', NULL, '2020-03-21 21:23:24', NULL, '0');
INSERT INTO `sys_dict_data` VALUES (22, NULL, 'login_type', '登录', '0', 1, 'entfrm', '2020-03-22 09:56:41', NULL, '2020-03-22 09:56:40', NULL, '0');
INSERT INTO `sys_dict_data` VALUES (23, NULL, 'login_type', '退出', '1', 2, 'entfrm', '2020-03-22 09:56:51', NULL, '2020-03-22 09:56:51', NULL, '0');
INSERT INTO `sys_dict_data` VALUES (24, NULL, 'shortcut_type', '顶部', '1', 1, 'entfrm', '2020-03-27 09:48:24', NULL, '2020-03-27 09:48:23', NULL, '0');
INSERT INTO `sys_dict_data` VALUES (25, NULL, 'shortcut_type', '首页', '2', 2, 'entfrm', '2020-03-27 09:48:38', NULL, '2020-03-27 09:48:38', NULL, '0');
INSERT INTO `sys_dict_data` VALUES (26, NULL, 'model_category', '办公流程', 'office', 1, 'entfrm', '2020-04-04 22:10:14', NULL, '2020-04-04 22:10:13', NULL, '0');
INSERT INTO `sys_dict_data` VALUES (27, NULL, 'model_category', '项目流程', 'project', 2, 'entfrm', '2020-04-04 22:10:27', NULL, '2020-04-04 22:10:26', NULL, '0');
INSERT INTO `sys_dict_data` VALUES (28, NULL, 'leave_type', '事假', '1', 1, 'entfrm', '2020-04-05 10:08:52', NULL, '2020-04-05 10:08:52', NULL, '0');
INSERT INTO `sys_dict_data` VALUES (29, NULL, 'leave_type', '病假', '2', 2, 'entfrm', '2020-04-05 10:09:05', NULL, '2020-04-05 10:09:05', NULL, '0');
INSERT INTO `sys_dict_data` VALUES (30, NULL, 'leave_type', '产假', '3', 3, 'entfrm', '2020-04-05 10:09:37', 'entfrm', '2020-04-05 10:09:37', NULL, '0');
INSERT INTO `sys_dict_data` VALUES (31, NULL, 'job_status', '未发布', '1', 1, 'entfrm', '2020-04-11 18:54:37', NULL, '2020-04-11 18:54:37', NULL, '0');
INSERT INTO `sys_dict_data` VALUES (32, NULL, 'job_status', '运行中', '2', 2, 'entfrm', '2020-04-11 18:54:48', NULL, '2020-04-11 18:54:47', NULL, '0');
INSERT INTO `sys_dict_data` VALUES (33, NULL, 'job_status', '暂停', '3', 3, 'entfrm', '2020-04-11 18:54:57', NULL, '2020-04-11 18:54:57', NULL, '0');
INSERT INTO `sys_dict_data` VALUES (34, NULL, 'leave_status', '未提交', '0', 0, 'entfrm', '2020-04-12 14:31:12', NULL, '2020-04-12 14:31:11', NULL, '0');
INSERT INTO `sys_dict_data` VALUES (35, NULL, 'leave_status', '未审批', '1', 1, 'entfrm', '2020-04-12 14:31:29', NULL, '2020-04-12 14:31:28', NULL, '0');
INSERT INTO `sys_dict_data` VALUES (36, NULL, 'leave_status', '批准', '2', 2, 'entfrm', '2020-04-12 14:31:38', NULL, '2020-04-12 14:31:38', NULL, '0');
INSERT INTO `sys_dict_data` VALUES (37, NULL, 'leave_status', '驳回', '9', 3, 'entfrm', '2020-04-12 14:31:51', '小狗', '2020-04-12 14:31:51', NULL, '0');
INSERT INTO `sys_dict_data` VALUES (38, NULL, 'application_type', 'PC', '1', 1, 'entfrm', '2020-04-23 18:54:36', NULL, '2020-04-23 18:54:36', NULL, '0');
INSERT INTO `sys_dict_data` VALUES (39, NULL, 'application_type', 'APP', '2', 2, 'entfrm', '2020-04-23 18:54:44', NULL, '2020-04-23 18:54:44', NULL, '0');
INSERT INTO `sys_dict_data` VALUES (40, NULL, 'application_type', '小程序', '3', 3, 'entfrm', '2020-04-23 18:54:58', NULL, '2020-04-23 18:54:57', NULL, '0');
INSERT INTO `sys_dict_data` VALUES (41, NULL, 'msg_type', '短信', '0', 0, 'entfrm', '2020-05-10 16:02:40', NULL, '2020-05-10 16:02:40', NULL, '0');
INSERT INTO `sys_dict_data` VALUES (42, NULL, 'msg_type', '邮件', '1', 1, 'entfrm', '2020-05-10 16:02:50', NULL, '2020-05-10 16:02:50', NULL, '0');
INSERT INTO `sys_dict_data` VALUES (43, NULL, 'application_status', '未发布', '0', 0, 'entfrm', '2020-05-15 22:57:27', NULL, '2020-05-15 22:57:27', NULL, '0');
INSERT INTO `sys_dict_data` VALUES (44, NULL, 'application_status', '已发布', '1', 1, 'entfrm', '2020-05-15 22:57:36', NULL, '2020-05-15 22:57:35', NULL, '0');
INSERT INTO `sys_dict_data` VALUES (45, NULL, 'msg_type', 'PC', '2', 2, 'entfrm', '2020-05-25 15:44:18', NULL, '2020-05-25 15:44:17', NULL, '0');
INSERT INTO `sys_dict_data` VALUES (46, NULL, 'msg_type', 'APP', '3', 3, 'entfrm', '2020-05-25 15:44:44', NULL, '2020-05-25 15:44:43', NULL, '0');
INSERT INTO `sys_dict_data` VALUES (47, NULL, 'msg_type', '微信', '4', 4, 'entfrm', '2020-05-25 15:44:56', NULL, '2020-05-25 15:44:56', NULL, '0');
INSERT INTO `sys_dict_data` VALUES (48, NULL, 'content_type', '通知', '0', 0, 'entfrm', '2020-05-25 15:46:28', NULL, '2020-05-25 15:46:28', NULL, '0');
INSERT INTO `sys_dict_data` VALUES (49, NULL, 'content_type', '公告', '1', 1, 'entfrm', '2020-05-25 15:46:38', NULL, '2020-05-25 15:46:38', NULL, '0');
INSERT INTO `sys_dict_data` VALUES (50, NULL, 'content_type', '其他', '2', 2, 'entfrm', '2020-05-25 15:46:46', NULL, '2020-05-25 15:46:45', NULL, '0');
INSERT INTO `sys_dict_data` VALUES (51, NULL, 'data_type', 'json', 'json', 1, 'entfrm', '2020-06-13 08:51:24', NULL, '2020-06-13 08:51:24', NULL, '0');
INSERT INTO `sys_dict_data` VALUES (52, NULL, 'form_type', '普通表单', '0', 0, 'entfrm', '2021-03-26 23:31:12', NULL, '2021-03-26 23:31:12', NULL, '0');
INSERT INTO `sys_dict_data` VALUES (53, NULL, 'form_type', '工作流表单', '1', 1, 'entfrm', '2021-03-26 23:31:20', NULL, '2021-03-26 23:31:19', NULL, '0');
INSERT INTO `sys_dict_data` VALUES (54, NULL, 'leave_status', '作废', '8', 4, '小狗', '2021-04-15 01:03:15', NULL, '2021-04-15 01:03:14', '作废流程', '0');
INSERT INTO `sys_dict_data` VALUES (55, NULL, 'application_type', '已挂起', '0', 0, 'entfrm', '2021-05-12 01:37:45', NULL, '2021-05-12 01:37:45', NULL, '0');
INSERT INTO `sys_dict_data` VALUES (56, NULL, 'process_status', '已挂起', '0', 0, 'entfrm', '2021-05-12 01:38:51', NULL, '2021-05-12 01:38:50', NULL, '0');
INSERT INTO `sys_dict_data` VALUES (57, NULL, 'process_status', '等待审核', '1', 1, 'entfrm', '2021-05-12 01:38:59', 'entfrm', '2021-05-12 01:38:59', NULL, '0');
INSERT INTO `sys_dict_data` VALUES (58, NULL, 'process_status', '审核通过', '2', 2, 'entfrm', '2021-05-12 01:39:08', 'entfrm', '2021-05-12 01:39:07', NULL, '0');
INSERT INTO `sys_dict_data` VALUES (59, NULL, 'process_status', '流程撤回', '3', 3, 'entfrm', '2021-05-12 01:39:14', 'entfrm', '2021-05-12 01:39:14', NULL, '0');
INSERT INTO `sys_dict_data` VALUES (60, NULL, 'process_status', '审核驳回', '4', 4, 'entfrm', '2021-05-12 01:39:22', 'entfrm', '2021-05-12 01:39:21', NULL, '0');
INSERT INTO `sys_dict_data` VALUES (61, NULL, 'process_status', '审核终止', '5', 5, 'entfrm', '2021-05-12 01:39:32', 'entfrm', '2021-05-12 01:39:31', NULL, '0');
INSERT INTO `sys_dict_data` VALUES (62, NULL, 'process_status', '流程作废', '6', 6, 'entfrm', '2021-05-12 01:39:52', 'entfrm', '2021-05-12 01:39:51', NULL, '0');

-- ----------------------------
-- Table structure for sys_file_info
-- ----------------------------
DROP TABLE IF EXISTS `sys_file_info`;
CREATE TABLE `sys_file_info`  (
  `id` int(11) NOT NULL AUTO_INCREMENT COMMENT '编号',
  `name` varchar(120) CHARACTER SET utf8 COLLATE utf8_general_ci NULL DEFAULT NULL COMMENT '文件名称',
  `type` varchar(10) CHARACTER SET utf8 COLLATE utf8_general_ci NULL DEFAULT NULL COMMENT '文件类型',
  `format` varchar(30) CHARACTER SET utf8 COLLATE utf8_general_ci NULL DEFAULT NULL COMMENT '文件格式',
  `size` varchar(30) CHARACTER SET utf8 COLLATE utf8_general_ci NULL DEFAULT NULL COMMENT '文件大小',
  `path` varchar(255) CHARACTER SET utf8 COLLATE utf8_general_ci NULL DEFAULT NULL COMMENT '文件保存路径',
  `thumbnail` varchar(255) CHARACTER SET utf8 COLLATE utf8_general_ci NULL DEFAULT NULL COMMENT '缩略图',
  `dept_id` int(11) NULL DEFAULT NULL COMMENT '机构编号',
  `status` char(1) CHARACTER SET utf8 COLLATE utf8_general_ci NULL DEFAULT '0' COMMENT '状态',
  `create_by` varchar(64) CHARACTER SET utf8 COLLATE utf8_general_ci NULL DEFAULT '' COMMENT '创建者',
  `create_time` datetime(0) NULL DEFAULT NULL COMMENT '创建时间',
  `remarks` varchar(255) CHARACTER SET utf8 COLLATE utf8_general_ci NULL DEFAULT '' COMMENT '备注',
  `del_flag` char(1) CHARACTER SET utf8mb4 COLLATE utf8mb4_general_ci NULL DEFAULT '0' COMMENT '删除标志（0代表存在 1代表删除）',
  PRIMARY KEY (`id`) USING BTREE
) ENGINE = InnoDB AUTO_INCREMENT = 1 CHARACTER SET = utf8 COLLATE = utf8_general_ci ROW_FORMAT = DYNAMIC;

-- ----------------------------
-- Records of sys_file_info
-- ----------------------------

-- ----------------------------
-- Table structure for sys_job
-- ----------------------------
DROP TABLE IF EXISTS `sys_job`;
CREATE TABLE `sys_job`  (
  `id` int(11) NOT NULL AUTO_INCREMENT COMMENT '任务id',
  `job_name` varchar(64) CHARACTER SET utf8mb4 COLLATE utf8mb4_general_ci NOT NULL COMMENT '任务名称',
  `job_group` varchar(64) CHARACTER SET utf8mb4 COLLATE utf8mb4_general_ci NOT NULL COMMENT '任务组名',
  `job_order` char(1) CHARACTER SET utf8mb4 COLLATE utf8mb4_general_ci NULL DEFAULT NULL COMMENT '组内执行顺利，值越大执行优先级越高，最大值9，最小值1',
  `job_type` char(1) CHARACTER SET utf8mb4 COLLATE utf8mb4_general_ci NOT NULL DEFAULT '1' COMMENT '1、java类;2、spring bean名称;3、rest调用;4、jar调用;9其他',
  `execute_path` varchar(500) CHARACTER SET utf8mb4 COLLATE utf8mb4_general_ci NULL DEFAULT NULL COMMENT 'job_type=3时，rest调用地址，仅支持rest get协议,需要增加String返回值，0成功，1失败;job_type=4时，jar路径;其它值为空',
  `params_value` varchar(2000) CHARACTER SET utf8mb4 COLLATE utf8mb4_general_ci NULL DEFAULT NULL COMMENT '参数值',
  `cron_expression` varchar(255) CHARACTER SET utf8mb4 COLLATE utf8mb4_general_ci NULL DEFAULT NULL COMMENT 'cron执行表达式',
  `misfire_policy` varchar(20) CHARACTER SET utf8mb4 COLLATE utf8mb4_general_ci NULL DEFAULT '3' COMMENT '错误策略（1立即执行 2执行一次 3放弃执行）',
  `job_tenant_type` char(1) CHARACTER SET utf8mb4 COLLATE utf8mb4_general_ci NULL DEFAULT '1' COMMENT '1、多租户任务;2、非多租户任务',
  `job_status` char(1) CHARACTER SET utf8mb4 COLLATE utf8mb4_general_ci NULL DEFAULT '0' COMMENT '状态（1、未发布;2、运行中;3、暂停;4、删除;）',
  `job_execute_status` char(1) CHARACTER SET utf8mb4 COLLATE utf8mb4_general_ci NULL DEFAULT '0' COMMENT '状态（0正常 1异常）',
  `start_time` datetime(0) NULL DEFAULT NULL COMMENT '初次执行时间',
  `previous_time` datetime(0) NULL DEFAULT NULL COMMENT '上次执行时间',
  `next_time` datetime(0) NULL DEFAULT NULL COMMENT '下次执行时间',
  `create_by` varchar(64) CHARACTER SET utf8mb4 COLLATE utf8mb4_general_ci NULL DEFAULT NULL COMMENT '创建者',
  `create_time` datetime(0) NOT NULL DEFAULT CURRENT_TIMESTAMP(0) COMMENT '创建时间',
  `update_by` varchar(64) CHARACTER SET utf8mb4 COLLATE utf8mb4_general_ci NULL DEFAULT '' COMMENT '更新者',
  `update_time` datetime(0) NOT NULL DEFAULT CURRENT_TIMESTAMP(0) COMMENT '更新时间',
  `remarks` varchar(500) CHARACTER SET utf8mb4 COLLATE utf8mb4_general_ci NULL DEFAULT '' COMMENT '备注信息',
  `del_flag` char(1) CHARACTER SET utf8mb4 COLLATE utf8mb4_general_ci NULL DEFAULT '0' COMMENT '删除标志（0代表存在 1代表删除）',
  PRIMARY KEY (`id`) USING BTREE
) ENGINE = InnoDB AUTO_INCREMENT = 2 CHARACTER SET = utf8mb4 COLLATE = utf8mb4_general_ci COMMENT = '定时任务调度表' ROW_FORMAT = DYNAMIC;

-- ----------------------------
-- Records of sys_job
-- ----------------------------
INSERT INTO `sys_job` VALUES (1, 'demoMethod', 'demo', '5', '2', 'demo.demoMethod', '1', '0 * * * * ? *', '3', '1', '3', '0', '2020-05-21 16:17:11', '2020-06-02 10:37:00', '2020-06-02 10:38:00', 'admin', '2019-03-25 14:00:14', 'entfrm', '2021-04-04 17:20:50', '演示Spring Bean的定时任务', '0');

-- ----------------------------
-- Table structure for sys_job_log
-- ----------------------------
DROP TABLE IF EXISTS `sys_job_log`;
CREATE TABLE `sys_job_log`  (
  `id` int(11) NOT NULL AUTO_INCREMENT COMMENT '任务日志ID',
  `job_id` int(11) NOT NULL COMMENT '任务id',
  `job_name` varchar(64) CHARACTER SET utf8 COLLATE utf8_general_ci NULL DEFAULT NULL COMMENT '任务名称',
  `job_group` varchar(64) CHARACTER SET utf8 COLLATE utf8_general_ci NULL DEFAULT NULL COMMENT '任务组名',
  `job_order` char(1) CHARACTER SET utf8 COLLATE utf8_general_ci NULL DEFAULT NULL COMMENT '组内执行顺利，值越大执行优先级越高，最大值9，最小值1',
  `job_type` char(1) CHARACTER SET utf8 COLLATE utf8_general_ci NOT NULL DEFAULT '1' COMMENT '1、java类;2、spring bean名称;3、rest调用;4、jar调用;9其他',
  `execute_path` varchar(500) CHARACTER SET utf8 COLLATE utf8_general_ci NULL DEFAULT NULL COMMENT 'job_type=3时，rest调用地址，仅支持post协议;job_type=4时，jar路径;其它值为空',
  `params_value` varchar(2000) CHARACTER SET utf8 COLLATE utf8_general_ci NULL DEFAULT NULL COMMENT '参数值',
  `cron_expression` varchar(255) CHARACTER SET utf8 COLLATE utf8_general_ci NULL DEFAULT NULL COMMENT 'cron执行表达式',
  `job_message` varchar(500) CHARACTER SET utf8 COLLATE utf8_general_ci NULL DEFAULT NULL COMMENT '日志信息',
  `job_log_status` char(1) CHARACTER SET utf8 COLLATE utf8_general_ci NULL DEFAULT '0' COMMENT '执行状态（0正常 1失败）',
  `execute_time` varchar(30) CHARACTER SET utf8 COLLATE utf8_general_ci NULL DEFAULT NULL COMMENT '执行时间',
  `exception_info` varchar(2000) CHARACTER SET utf8 COLLATE utf8_general_ci NULL DEFAULT '' COMMENT '异常信息',
  `create_time` datetime(0) NOT NULL DEFAULT CURRENT_TIMESTAMP(0) COMMENT '创建时间',
  PRIMARY KEY (`id`) USING BTREE
) ENGINE = InnoDB AUTO_INCREMENT = 1 CHARACTER SET = utf8 COLLATE = utf8_general_ci COMMENT = '定时任务执行日志表' ROW_FORMAT = DYNAMIC;

-- ----------------------------
-- Records of sys_job_log
-- ----------------------------

-- ----------------------------
-- Table structure for sys_login_log
-- ----------------------------
DROP TABLE IF EXISTS `sys_login_log`;
CREATE TABLE `sys_login_log`  (
  `id` int(11) NOT NULL AUTO_INCREMENT COMMENT '访问ID',
  `login_name` varchar(50) CHARACTER SET utf8mb4 COLLATE utf8mb4_general_ci NULL DEFAULT '' COMMENT '登录账号',
  `login_type` char(1) CHARACTER SET utf8 COLLATE utf8_general_ci NULL DEFAULT '0' COMMENT '登录类型',
  `login_ip` varchar(50) CHARACTER SET utf8mb4 COLLATE utf8mb4_general_ci NULL DEFAULT '' COMMENT '登录IP地址',
  `login_addr` varchar(255) CHARACTER SET utf8mb4 COLLATE utf8mb4_general_ci NULL DEFAULT '' COMMENT '登录地点',
  `user_agent` text CHARACTER SET utf8mb4 COLLATE utf8mb4_general_ci NULL COMMENT '用户代理',
  `status` char(1) CHARACTER SET utf8mb4 COLLATE utf8mb4_general_ci NULL DEFAULT '0' COMMENT '登录状态（0成功 1失败）',
  `msg` varchar(255) CHARACTER SET utf8mb4 COLLATE utf8mb4_general_ci NULL DEFAULT '' COMMENT '提示消息',
  `login_time` datetime(0) NULL DEFAULT NULL COMMENT '访问时间',
  PRIMARY KEY (`id`) USING BTREE
) ENGINE = InnoDB AUTO_INCREMENT = 672 CHARACTER SET = utf8 COLLATE = utf8_general_ci ROW_FORMAT = DYNAMIC;

-- ----------------------------
-- Records of sys_login_log
-- ----------------------------
INSERT INTO `sys_login_log` VALUES (638, 'entfrm', '0', '127.0.0.1', 'XX XX', 'Mozilla/5.0 (Windows NT 10.0; Win64; x64) AppleWebKit/537.36 (KHTML, like Gecko) Chrome/90.0.4430.85 Safari/537.36', '0', '', '2021-04-23 18:08:27');
INSERT INTO `sys_login_log` VALUES (639, 'entfrm', '1', '127.0.0.1', 'XX XX', 'Mozilla/5.0 (Windows NT 10.0; Win64; x64) AppleWebKit/537.36 (KHTML, like Gecko) Chrome/90.0.4430.85 Safari/537.36', '0', '', '2021-04-23 18:17:14');
INSERT INTO `sys_login_log` VALUES (640, '小狗', '0', '127.0.0.1', 'XX XX', 'Mozilla/5.0 (Windows NT 10.0; Win64; x64) AppleWebKit/537.36 (KHTML, like Gecko) Chrome/90.0.4430.85 Safari/537.36', '0', '', '2021-04-23 18:17:26');
INSERT INTO `sys_login_log` VALUES (641, '小狗', '0', '127.0.0.1', 'XX XX', 'Mozilla/5.0 (Windows NT 10.0; Win64; x64) AppleWebKit/537.36 (KHTML, like Gecko) Chrome/90.0.4430.93 Safari/537.36', '0', '', '2021-04-30 05:09:39');
INSERT INTO `sys_login_log` VALUES (642, '小可爱', '0', '127.0.0.1', 'XX XX', 'Mozilla/5.0 (Windows NT 10.0; Win64; x64) AppleWebKit/537.36 (KHTML, like Gecko) Chrome/91.0.4472.27 Safari/537.36', '0', '', '2021-04-30 05:50:11');
INSERT INTO `sys_login_log` VALUES (643, 'entfrm', '0', '127.0.0.1', 'XX XX', 'Mozilla/5.0 (Windows NT 10.0; Win64; x64) AppleWebKit/537.36 (KHTML, like Gecko) Chrome/90.0.4430.93 Safari/537.36', '0', '', '2021-04-30 07:52:22');
INSERT INTO `sys_login_log` VALUES (644, '小狗', '0', '127.0.0.1', 'XX XX', 'Mozilla/5.0 (Windows NT 10.0; Win64; x64) AppleWebKit/537.36 (KHTML, like Gecko) Chrome/90.0.4430.93 Safari/537.36', '0', '', '2021-04-30 07:53:00');
INSERT INTO `sys_login_log` VALUES (645, '小狗', '0', '127.0.0.1', 'XX XX', 'Mozilla/5.0 (Windows NT 10.0; Win64; x64) AppleWebKit/537.36 (KHTML, like Gecko) Chrome/90.0.4430.93 Safari/537.36', '0', '', '2021-05-01 21:05:18');
INSERT INTO `sys_login_log` VALUES (646, 'entfrm', '0', '127.0.0.1', 'XX XX', 'Mozilla/5.0 (Windows NT 10.0; Win64; x64) AppleWebKit/537.36 (KHTML, like Gecko) Chrome/90.0.4430.93 Safari/537.36', '0', '', '2021-05-01 21:26:23');
INSERT INTO `sys_login_log` VALUES (647, '小狗', '0', '127.0.0.1', 'XX XX', 'Mozilla/5.0 (Windows NT 10.0; Win64; x64) AppleWebKit/537.36 (KHTML, like Gecko) Chrome/90.0.4430.93 Safari/537.36', '0', '', '2021-05-01 21:26:58');
INSERT INTO `sys_login_log` VALUES (648, 'entfrm', '0', '127.0.0.1', 'XX XX', 'Mozilla/5.0 (Windows NT 10.0; Win64; x64) AppleWebKit/537.36 (KHTML, like Gecko) Chrome/90.0.4430.93 Safari/537.36', '1', '登录失败，异常：Bad credentials', '2021-05-08 04:15:08');
INSERT INTO `sys_login_log` VALUES (649, 'entfrm', '0', '127.0.0.1', 'XX XX', 'Mozilla/5.0 (Windows NT 10.0; Win64; x64) AppleWebKit/537.36 (KHTML, like Gecko) Chrome/90.0.4430.93 Safari/537.36', '1', '登录失败，异常：Bad credentials', '2021-05-08 04:15:22');
INSERT INTO `sys_login_log` VALUES (650, '小狗', '0', '127.0.0.1', 'XX XX', 'Mozilla/5.0 (Windows NT 10.0; Win64; x64) AppleWebKit/537.36 (KHTML, like Gecko) Chrome/90.0.4430.93 Safari/537.36', '0', '', '2021-05-08 04:16:27');
INSERT INTO `sys_login_log` VALUES (651, '小狗', '0', '127.0.0.1', 'XX XX', 'Mozilla/5.0 (Windows NT 10.0; Win64; x64) AppleWebKit/537.36 (KHTML, like Gecko) Chrome/90.0.4430.93 Safari/537.36', '0', '', '2021-05-08 08:35:16');
INSERT INTO `sys_login_log` VALUES (652, '小狗', '0', '127.0.0.1', 'XX XX', 'Mozilla/5.0 (Windows NT 10.0; Win64; x64) AppleWebKit/537.36 (KHTML, like Gecko) Chrome/90.0.4430.93 Safari/537.36', '0', '', '2021-05-09 01:22:45');
INSERT INTO `sys_login_log` VALUES (653, '小狗', '0', '127.0.0.1', 'XX XX', 'Mozilla/5.0 (Windows NT 10.0; Win64; x64) AppleWebKit/537.36 (KHTML, like Gecko) Chrome/90.0.4430.93 Safari/537.36', '0', '', '2021-05-10 00:25:29');
INSERT INTO `sys_login_log` VALUES (654, '小狗', '0', '127.0.0.1', 'XX XX', 'Mozilla/5.0 (Windows NT 10.0; Win64; x64) AppleWebKit/537.36 (KHTML, like Gecko) Chrome/90.0.4430.93 Safari/537.36', '0', '', '2021-05-10 07:43:54');
INSERT INTO `sys_login_log` VALUES (655, '小狗', '0', '127.0.0.1', 'XX XX', 'Mozilla/5.0 (Windows NT 10.0; Win64; x64) AppleWebKit/537.36 (KHTML, like Gecko) Chrome/90.0.4430.93 Safari/537.36', '0', '', '2021-05-11 08:58:02');
INSERT INTO `sys_login_log` VALUES (656, '小可爱', '0', '127.0.0.1', 'XX XX', 'Mozilla/5.0 (Windows NT 10.0; Win64; x64) AppleWebKit/537.36 (KHTML, like Gecko) Chrome/91.0.4472.38 Safari/537.36', '0', '', '2021-05-11 11:01:40');
INSERT INTO `sys_login_log` VALUES (657, 'entfrm', '0', '127.0.0.1', 'XX XX', 'Mozilla/5.0 (Windows NT 10.0; Win64; x64) AppleWebKit/537.36 (KHTML, like Gecko) Chrome/90.0.4430.93 Safari/537.36', '0', '', '2021-05-11 14:23:20');
INSERT INTO `sys_login_log` VALUES (658, 'entfrm', '0', '127.0.0.1', 'XX XX', 'Mozilla/5.0 (Windows NT 10.0; Win64; x64) AppleWebKit/537.36 (KHTML, like Gecko) Chrome/90.0.4430.93 Safari/537.36', '0', '', '2021-05-12 01:34:28');
INSERT INTO `sys_login_log` VALUES (659, '小狗', '0', '127.0.0.1', 'XX XX', 'Mozilla/5.0 (Windows NT 10.0; Win64; x64) AppleWebKit/537.36 (KHTML, like Gecko) Chrome/90.0.4430.93 Safari/537.36', '0', '', '2021-05-12 02:40:35');
INSERT INTO `sys_login_log` VALUES (660, 'entfrm', '0', '127.0.0.1', 'XX XX', 'Mozilla/5.0 (Windows NT 10.0; Win64; x64) AppleWebKit/537.36 (KHTML, like Gecko) Chrome/90.0.4430.212 Safari/537.36', '0', '', '2021-05-14 01:46:19');
INSERT INTO `sys_login_log` VALUES (661, 'entfrm', '0', '127.0.0.1', 'XX XX', 'Mozilla/5.0 (Windows NT 10.0; Win64; x64) AppleWebKit/537.36 (KHTML, like Gecko) Chrome/90.0.4430.212 Safari/537.36', '0', '', '2021-05-14 05:13:22');
INSERT INTO `sys_login_log` VALUES (662, 'entfrm', '0', '127.0.0.1', 'XX XX', 'Mozilla/5.0 (Windows NT 10.0; Win64; x64) AppleWebKit/537.36 (KHTML, like Gecko) Chrome/90.0.4430.212 Safari/537.36', '0', '', '2021-05-14 05:52:05');
INSERT INTO `sys_login_log` VALUES (663, 'entfrm', '0', '127.0.0.1', 'XX XX', 'Mozilla/5.0 (Windows NT 10.0; Win64; x64) AppleWebKit/537.36 (KHTML, like Gecko) Chrome/90.0.4430.212 Safari/537.36', '0', '', '2021-05-21 13:35:30');
INSERT INTO `sys_login_log` VALUES (664, 'entfrm', '0', '127.0.0.1', 'XX XX', 'Mozilla/5.0 (Windows NT 10.0; Win64; x64) AppleWebKit/537.36 (KHTML, like Gecko) Chrome/90.0.4430.212 Safari/537.36', '0', '', '2021-05-21 16:21:59');
INSERT INTO `sys_login_log` VALUES (665, 'entfrm', '0', '127.0.0.1', 'XX XX', 'Mozilla/5.0 (Windows NT 10.0; Win64; x64) AppleWebKit/537.36 (KHTML, like Gecko) Chrome/90.0.4430.212 Safari/537.36', '0', '', '2021-05-21 17:07:35');
INSERT INTO `sys_login_log` VALUES (666, 'entfrm', '0', '127.0.0.1', 'XX XX', 'Mozilla/5.0 (Windows NT 10.0; Win64; x64) AppleWebKit/537.36 (KHTML, like Gecko) Chrome/91.0.4472.69 Safari/537.36', '0', '', '2021-05-21 20:24:48');
INSERT INTO `sys_login_log` VALUES (667, '小狗', '0', '127.0.0.1', 'XX XX', 'Mozilla/5.0 (Windows NT 10.0; Win64; x64) AppleWebKit/537.36 (KHTML, like Gecko) Chrome/91.0.4472.69 Safari/537.36', '0', '', '2021-05-21 20:25:12');
INSERT INTO `sys_login_log` VALUES (668, 'entfrm', '0', '127.0.0.1', 'XX XX', 'Mozilla/5.0 (Windows NT 10.0; Win64; x64) AppleWebKit/537.36 (KHTML, like Gecko) Chrome/91.0.4472.69 Safari/537.36', '0', '', '2021-05-21 22:29:15');
INSERT INTO `sys_login_log` VALUES (669, '小狗', '0', '127.0.0.1', 'XX XX', 'Mozilla/5.0 (Windows NT 10.0; Win64; x64) AppleWebKit/537.36 (KHTML, like Gecko) Chrome/91.0.4472.69 Safari/537.36', '0', '', '2021-05-21 22:29:46');
INSERT INTO `sys_login_log` VALUES (670, '小狗', '0', '127.0.0.1', 'XX XX', 'Mozilla/5.0 (Windows NT 10.0; Win64; x64) AppleWebKit/537.36 (KHTML, like Gecko) Chrome/90.0.4430.212 Safari/537.36', '0', '', '2021-05-21 22:50:49');
INSERT INTO `sys_login_log` VALUES (671, 'entfrm', '0', '127.0.0.1', 'XX XX', 'Mozilla/5.0 (Windows NT 10.0; Win64; x64) AppleWebKit/537.36 (KHTML, like Gecko) Chrome/90.0.4430.212 Safari/537.36', '0', '', '2021-05-21 23:29:34');

-- ----------------------------
-- Table structure for sys_menu
-- ----------------------------
DROP TABLE IF EXISTS `sys_menu`;
CREATE TABLE `sys_menu`  (
  `id` int(11) NOT NULL AUTO_INCREMENT COMMENT '编号',
  `name` varchar(30) CHARACTER SET utf8 COLLATE utf8_general_ci NOT NULL COMMENT '菜单名称',
  `parent_id` int(11) NULL DEFAULT NULL COMMENT '父菜单ID',
  `parent_ids` varchar(255) CHARACTER SET utf8 COLLATE utf8_general_ci NULL DEFAULT NULL COMMENT '父菜单IDS',
  `application_id` int(11) NULL DEFAULT 1 COMMENT '应用编号',
  `type` char(1) CHARACTER SET utf8 COLLATE utf8_general_ci NULL DEFAULT NULL COMMENT '菜单类型 ',
  `path` varchar(128) CHARACTER SET utf8 COLLATE utf8_general_ci NULL DEFAULT NULL COMMENT '前端URL',
  `component` varchar(64) CHARACTER SET utf8 COLLATE utf8_general_ci NULL DEFAULT '#' COMMENT 'VUE页面',
  `perms` varchar(60) CHARACTER SET utf8 COLLATE utf8_general_ci NULL DEFAULT NULL COMMENT '菜单权限标识',
  `icon` varchar(60) CHARACTER SET utf8 COLLATE utf8_general_ci NULL DEFAULT NULL COMMENT '图标',
  `no_cache` char(1) CHARACTER SET utf8mb4 COLLATE utf8mb4_general_ci NULL DEFAULT '1' COMMENT '路由缓存',
  `sort` int(11) NULL DEFAULT 1 COMMENT '排序值',
  `status` char(1) CHARACTER SET utf8 COLLATE utf8_general_ci NULL DEFAULT '0' COMMENT '菜单状态（0显示 1隐藏）',
  `create_by` varchar(30) CHARACTER SET utf8 COLLATE utf8_general_ci NULL DEFAULT NULL COMMENT '创建人',
  `create_time` datetime(0) NULL DEFAULT CURRENT_TIMESTAMP(0) COMMENT '创建时间',
  `update_by` varchar(30) CHARACTER SET utf8 COLLATE utf8_general_ci NULL DEFAULT NULL COMMENT '修改人',
  `update_time` datetime(0) NULL DEFAULT NULL ON UPDATE CURRENT_TIMESTAMP(0) COMMENT '修改时间',
  `remarks` varchar(255) CHARACTER SET utf8mb4 COLLATE utf8mb4_bin NULL DEFAULT NULL COMMENT '备注',
  `del_flag` char(1) CHARACTER SET utf8mb4 COLLATE utf8mb4_bin NULL DEFAULT '0' COMMENT '删除标识（0-正常,1-删除）',
  PRIMARY KEY (`id`) USING BTREE
) ENGINE = InnoDB AUTO_INCREMENT = 249 CHARACTER SET = utf8mb4 COLLATE = utf8mb4_general_ci ROW_FORMAT = DYNAMIC;

-- ----------------------------
-- Records of sys_menu
-- ----------------------------
INSERT INTO `sys_menu` VALUES (1, '系统管理', 0, NULL, 1, 'M', 'system', '#', '', 'system', '0', 10, '0', 'admin', '2019-03-16 11:33:00', 'admin', '2020-03-16 20:45:21', '系统管理模块', '0');
INSERT INTO `sys_menu` VALUES (2, '运维监控', 0, NULL, 1, 'M', 'monitor', '#', '', 'monitor', '0', 20, '0', 'admin', '2019-03-16 11:33:00', 'admin', '2020-03-17 19:14:27', '运维监控模块', '0');
INSERT INTO `sys_menu` VALUES (3, '开发工具', 0, NULL, 2, 'M', 'toolkit', '#', '', 'tool', '0', 30, '0', 'admin', '2019-03-16 11:33:00', 'admin', '2021-03-26 22:01:59', '开发工具模块', '0');
INSERT INTO `sys_menu` VALUES (4, '机构管理', 1, NULL, 1, 'C', 'dept', 'system/dept/index', '', 'tree', '0', 1, '0', NULL, '2020-03-13 19:31:20', NULL, '2020-03-14 20:55:41', NULL, '0');
INSERT INTO `sys_menu` VALUES (5, '角色管理', 1, NULL, 1, 'C', 'role', 'system/role/index', '', 'peoples', '0', 2, '0', NULL, '2020-03-13 19:32:09', NULL, '2020-03-16 22:11:57', NULL, '0');
INSERT INTO `sys_menu` VALUES (6, '用户管理', 1, NULL, 1, 'C', 'user', 'system/user/index', '', 'user', '0', 3, '0', NULL, '2020-03-13 19:32:30', NULL, '2020-03-16 22:11:59', NULL, '0');
INSERT INTO `sys_menu` VALUES (7, '菜单管理', 1, NULL, 1, 'C', 'menu', 'system/menu/index', '', 'tree-table', '0', 4, '0', NULL, '2020-03-13 19:33:24', NULL, '2020-03-16 22:12:01', NULL, '0');
INSERT INTO `sys_menu` VALUES (8, '机构新增', 4, NULL, 1, 'F', NULL, '#', 'dept_add', NULL, '0', 1, '0', NULL, '2020-03-12 20:42:47', NULL, '2020-03-16 20:42:51', NULL, '0');
INSERT INTO `sys_menu` VALUES (9, '机构修改', 4, NULL, 1, 'F', NULL, '#', 'dept_edit', NULL, '0', 2, '0', NULL, '2020-03-12 20:42:52', NULL, '2020-03-16 20:42:56', NULL, '0');
INSERT INTO `sys_menu` VALUES (10, '机构删除', 4, NULL, 1, 'F', NULL, '#', 'dept_del', NULL, '0', 3, '0', NULL, '2020-03-12 20:42:57', NULL, '2020-03-16 20:43:02', NULL, '0');
INSERT INTO `sys_menu` VALUES (11, '机构查看', 4, NULL, 1, 'F', NULL, '#', 'dept_view', NULL, '0', 4, '0', NULL, '2020-03-12 20:43:03', NULL, '2020-03-16 20:43:06', NULL, '0');
INSERT INTO `sys_menu` VALUES (12, '机构导入', 4, NULL, 1, 'F', NULL, '#', 'dept_import', NULL, '0', 5, '0', 'entfrm', '2020-03-16 20:40:08', 'entfrm', '2020-03-16 20:42:10', NULL, '0');
INSERT INTO `sys_menu` VALUES (13, '角色新增', 5, NULL, 1, 'F', NULL, '#', 'role_add', NULL, '0', 1, '0', 'entfrm', '2020-03-16 11:50:24', NULL, '2020-03-16 20:41:51', NULL, '0');
INSERT INTO `sys_menu` VALUES (14, '角色修改', 5, NULL, 1, 'F', NULL, '#', 'role_edit', NULL, '0', 2, '0', 'entfrm', '2020-03-16 11:51:05', NULL, '2020-03-16 20:41:44', NULL, '0');
INSERT INTO `sys_menu` VALUES (15, '角色删除', 5, NULL, 1, 'F', NULL, '#', 'role_del', NULL, '0', 3, '0', 'entfrm', '2020-03-16 11:51:21', NULL, '2020-03-16 20:41:41', NULL, '0');
INSERT INTO `sys_menu` VALUES (16, '角色查看', 5, NULL, 1, 'F', NULL, '#', 'role_view', NULL, '0', 4, '0', 'entfrm', '2020-03-16 11:51:40', NULL, '2020-03-16 20:41:37', NULL, '0');
INSERT INTO `sys_menu` VALUES (17, '数据权限', 5, NULL, 1, 'F', NULL, '#', 'role_data', NULL, '0', 5, '0', 'entfrm', '2020-03-16 12:15:50', NULL, '2020-03-16 20:41:34', NULL, '0');
INSERT INTO `sys_menu` VALUES (18, '用户添加', 6, NULL, 1, 'F', NULL, '#', 'user_add', NULL, '0', 1, '0', 'entfrm', '2020-03-16 20:31:15', NULL, '2020-03-16 20:41:31', NULL, '0');
INSERT INTO `sys_menu` VALUES (19, '用户修改', 6, NULL, 1, 'F', NULL, '#', 'user_edit', NULL, '0', 2, '0', 'entfrm', '2020-03-16 20:32:19', 'entfrm', '2020-03-16 20:41:28', NULL, '0');
INSERT INTO `sys_menu` VALUES (20, '用户删除', 6, NULL, 1, 'F', NULL, '#', 'user_del', NULL, '0', 3, '0', 'entfrm', '2020-03-16 20:32:41', NULL, '2020-03-16 20:41:25', NULL, '0');
INSERT INTO `sys_menu` VALUES (21, '用户查看', 6, NULL, 1, 'F', NULL, '#', 'user_view', NULL, '0', 4, '0', 'entfrm', '2020-03-16 20:33:11', NULL, '2020-03-16 20:41:20', NULL, '0');
INSERT INTO `sys_menu` VALUES (22, '重置密码', 6, NULL, 1, 'F', NULL, '#', 'user_reset', NULL, '0', 5, '0', 'entfrm', '2020-03-16 20:34:22', 'entfrm', '2020-03-16 20:41:17', NULL, '0');
INSERT INTO `sys_menu` VALUES (23, '用户导入', 6, NULL, 1, 'F', NULL, '#', 'user_import', NULL, '0', 6, '0', 'entfrm', '2020-03-16 20:34:49', NULL, '2020-03-16 20:41:14', NULL, '0');
INSERT INTO `sys_menu` VALUES (24, '用户导出', 6, NULL, 1, 'F', NULL, '#', 'user_export', NULL, '0', 7, '0', 'entfrm', '2020-03-16 20:35:12', NULL, '2020-03-16 20:41:12', NULL, '0');
INSERT INTO `sys_menu` VALUES (25, '菜单新增', 7, NULL, 1, 'F', NULL, '#', 'menu_add', NULL, '0', 1, '0', 'entfrm', '2020-03-16 20:38:18', NULL, '2020-03-16 20:41:10', NULL, '0');
INSERT INTO `sys_menu` VALUES (26, '菜单修改', 7, NULL, 1, 'F', NULL, '#', 'menu_edit', NULL, '0', 2, '0', 'entfrm', '2020-03-16 20:38:41', 'entfrm', '2020-03-16 20:41:07', NULL, '0');
INSERT INTO `sys_menu` VALUES (27, '菜单删除', 7, NULL, 1, 'F', NULL, '#', 'menu_del', NULL, '0', 3, '0', 'entfrm', '2020-03-16 20:39:04', NULL, '2020-03-16 20:41:04', NULL, '0');
INSERT INTO `sys_menu` VALUES (28, '菜单查看', 7, NULL, 1, 'F', NULL, '#', 'menu_view', NULL, '0', 4, '0', 'entfrm', '2020-03-16 20:39:39', NULL, '2020-03-16 20:41:01', NULL, '0');
INSERT INTO `sys_menu` VALUES (29, '字典管理', 1, '6', 1, 'C', 'dict', 'system/dict/index', '', 'dict', '0', 5, '0', 'entfrm', '2020-03-16 11:33:00', '', '2020-03-16 11:33:00', '字典管理菜单', '0');
INSERT INTO `sys_menu` VALUES (30, '字典新增', 29, NULL, 1, 'F', NULL, '#', 'dict_add', NULL, '0', 1, '0', 'entfrm', '2020-03-16 20:50:45', NULL, NULL, NULL, '0');
INSERT INTO `sys_menu` VALUES (31, '字典修改', 29, NULL, 1, 'F', NULL, '#', 'dict_edit', NULL, '0', 2, '0', 'entfrm', '2020-03-16 20:51:01', NULL, NULL, NULL, '0');
INSERT INTO `sys_menu` VALUES (32, '字典删除', 29, NULL, 1, 'F', NULL, '#', 'dict_del', NULL, '0', 3, '0', 'entfrm', '2020-03-16 20:52:18', NULL, NULL, NULL, '0');
INSERT INTO `sys_menu` VALUES (33, '字典查看', 29, NULL, 1, 'F', NULL, '#', 'dict_view', NULL, '0', 4, '0', 'entfrm', '2020-03-16 20:52:38', NULL, NULL, NULL, '0');
INSERT INTO `sys_menu` VALUES (34, '数据增加', 29, NULL, 1, 'F', NULL, '#', 'dictData_add', NULL, '0', 5, '0', 'entfrm', '2020-03-16 21:49:18', NULL, NULL, NULL, '0');
INSERT INTO `sys_menu` VALUES (35, '数据修改', 29, NULL, 1, 'F', NULL, '#', 'dictData_edit', NULL, '0', 6, '0', 'entfrm', '2020-03-16 21:49:36', NULL, NULL, NULL, '0');
INSERT INTO `sys_menu` VALUES (36, '数据删除', 29, NULL, 1, 'F', NULL, '#', 'dictData_del', NULL, '0', 7, '0', 'entfrm', '2020-03-16 21:50:00', NULL, NULL, NULL, '0');
INSERT INTO `sys_menu` VALUES (37, '数据查看', 29, NULL, 1, 'F', NULL, '#', 'dictData_view', NULL, '0', 8, '0', 'entfrm', '2020-03-16 21:50:19', NULL, NULL, NULL, '0');
INSERT INTO `sys_menu` VALUES (38, '参数管理', 1, NULL, 1, 'C', 'config', 'system/config/index', NULL, 'list', '0', 6, '0', 'entfrm', '2020-03-16 22:06:52', NULL, '2020-03-16 22:11:13', NULL, '0');
INSERT INTO `sys_menu` VALUES (39, '参数新增', 38, NULL, 1, 'F', NULL, '#', 'config_add', NULL, '0', 1, '0', 'entfrm', '2020-03-16 22:07:16', NULL, NULL, NULL, '0');
INSERT INTO `sys_menu` VALUES (40, '参数修改', 38, NULL, 1, 'F', NULL, '#', 'config_edit', NULL, '0', 2, '0', 'entfrm', '2020-03-16 22:07:30', NULL, NULL, NULL, '0');
INSERT INTO `sys_menu` VALUES (41, '参数删除', 38, NULL, 1, 'F', NULL, '#', 'config_del', NULL, '0', 3, '0', 'entfrm', '2020-03-16 22:07:43', NULL, NULL, NULL, '0');
INSERT INTO `sys_menu` VALUES (42, '参数查看', 38, NULL, 1, 'F', NULL, '#', 'config_view', NULL, '0', 4, '0', 'entfrm', '2020-03-16 22:08:06', NULL, NULL, NULL, '0');
INSERT INTO `sys_menu` VALUES (43, '快捷方式', 1, NULL, 1, 'C', 'shortcut', 'system/shortcut/index', NULL, 'link', '0', 7, '0', 'entfrm', '2020-03-17 17:53:08', NULL, NULL, NULL, '0');
INSERT INTO `sys_menu` VALUES (44, '文件管理', 1, NULL, 1, 'C', 'fileInfo', 'system/fileInfo/index', NULL, 'zip', '0', 8, '0', 'entfrm', '2020-03-17 17:56:28', 'entfrm', '2020-03-20 22:33:35', NULL, '0');
INSERT INTO `sys_menu` VALUES (45, '终端管理', 1, NULL, 1, 'C', 'clientDetails', 'system/clientDetails/index', NULL, 'phone', '0', 9, '0', 'entfrm', '2020-03-17 17:57:46', NULL, NULL, NULL, '0');
INSERT INTO `sys_menu` VALUES (46, '数据备份', 1, NULL, 1, 'C', 'backup', 'system/backup/index', NULL, 'date-range', '0', 11, '0', 'entfrm', '2020-03-17 18:02:21', NULL, '2020-03-18 22:20:28', NULL, '0');
INSERT INTO `sys_menu` VALUES (47, '令牌管理', 2, NULL, 1, 'C', 'token', 'monitor/token/index', NULL, 'post', '0', 1, '0', 'entfrm', '2020-03-17 17:59:55', 'entfrm', '2020-05-10 22:32:05', NULL, '0');
INSERT INTO `sys_menu` VALUES (48, '定时任务', 2, NULL, 1, 'C', 'job', 'monitor/job/index', NULL, 'time-range', '0', 2, '0', 'entfrm', '2020-03-17 18:08:23', NULL, '2020-03-18 22:20:23', NULL, '0');
INSERT INTO `sys_menu` VALUES (49, '数据监控', 2, NULL, 1, 'C', 'druid', 'monitor/druid/index', NULL, 'druid', '0', 3, '0', 'entfrm', '2020-03-17 18:08:56', NULL, '2020-03-20 18:53:07', NULL, '0');
INSERT INTO `sys_menu` VALUES (50, '服务监控', 2, NULL, 1, 'C', 'server', 'monitor/server/index', NULL, 'server', '0', 4, '0', 'entfrm', '2020-03-17 18:09:39', 'entfrm', '2020-03-20 19:23:24', NULL, '0');
INSERT INTO `sys_menu` VALUES (51, 'API监控', 2, NULL, 1, 'C', 'apiStat', 'monitor/apiStat/index', 'apiStat_view', 'chart', '0', 6, '0', 'entfrm', '2020-03-17 18:15:13', 'entfrm', '2020-05-17 16:48:20', NULL, '0');
INSERT INTO `sys_menu` VALUES (52, '日志监控', 2, NULL, 1, 'M', 'log', '#', NULL, 'monitor', '0', 7, '0', 'entfrm', '2020-03-17 18:12:01', NULL, '2020-05-17 16:48:23', NULL, '0');
INSERT INTO `sys_menu` VALUES (53, '登录日志', 52, NULL, 1, 'C', 'loginLog', 'monitor/loginLog/index', NULL, 'logininfor', '0', 1, '0', 'entfrm', '2020-03-17 18:12:56', NULL, '2020-03-18 22:31:53', NULL, '0');
INSERT INTO `sys_menu` VALUES (54, '操作日志', 52, NULL, 1, 'C', 'operLog', 'monitor/operLog/index', NULL, 'log', '0', 2, '0', 'entfrm', '2020-03-17 18:13:52', 'entfrm', '2020-03-18 22:31:36', NULL, '0');
INSERT INTO `sys_menu` VALUES (55, '接口文档', 3, NULL, 2, 'C', 'swagger', 'toolkit/swagger/index', NULL, 'swagger', '0', 4, '0', 'entfrm', '2020-03-17 18:18:38', 'entfrm', '2021-03-26 21:59:08', NULL, '0');
INSERT INTO `sys_menu` VALUES (56, '模板管理', 3, NULL, 2, 'M', 'template', '#', NULL, 'drag', '0', 5, '0', 'entfrm', '2020-03-17 18:19:52', 'entfrm', '2021-03-26 21:59:08', NULL, '1');
INSERT INTO `sys_menu` VALUES (57, '表单构建', 3, NULL, 2, 'C', 'build', 'toolkit/build/index', NULL, 'form', '0', 6, '0', 'entfrm', '2020-03-17 18:21:32', 'entfrm', '2021-03-27 09:12:17', NULL, '1');
INSERT INTO `sys_menu` VALUES (58, '工作流', 0, NULL, 2, 'M', 'flowable', '#', NULL, 'skill', '1', 4, '0', 'entfrm', '2020-03-17 18:22:36', 'entfrm', '2020-03-20 23:09:48', NULL, '0');
INSERT INTO `sys_menu` VALUES (59, '终端新增', 45, NULL, 1, 'F', NULL, '#', 'clientDetails_add', NULL, '0', 1, '0', 'entfrm', '2020-03-18 15:18:36', NULL, NULL, NULL, '0');
INSERT INTO `sys_menu` VALUES (60, '终端修改', 45, NULL, 1, 'F', NULL, '#', 'clientDetails_edit', NULL, '0', 2, '0', 'entfrm', '2020-03-18 15:18:53', NULL, NULL, NULL, '0');
INSERT INTO `sys_menu` VALUES (61, '终端删除', 45, NULL, 1, 'F', NULL, '#', 'clientDetails_del', NULL, '0', 3, '0', 'entfrm', '2020-03-18 15:19:06', NULL, NULL, NULL, '0');
INSERT INTO `sys_menu` VALUES (62, '终端查看', 45, NULL, 1, 'F', NULL, '#', 'clientDetails_view', NULL, '0', 4, '0', 'entfrm', '2020-03-18 15:19:29', NULL, NULL, NULL, '0');
INSERT INTO `sys_menu` VALUES (63, '登录日志删除', 53, NULL, 1, 'F', NULL, '#', 'loginLog_del', NULL, '0', 1, '0', 'entfrm', '2020-03-19 11:50:34', NULL, NULL, NULL, '0');
INSERT INTO `sys_menu` VALUES (64, '登录日志查看', 53, NULL, 1, 'F', NULL, '#', 'loginLog_view', NULL, '0', 2, '0', 'entfrm', '2020-03-19 11:50:59', NULL, NULL, NULL, '0');
INSERT INTO `sys_menu` VALUES (65, '登录日志导出', 53, NULL, 1, 'F', NULL, '#', 'loginLog_export', NULL, '0', 3, '0', 'entfrm', '2020-03-19 11:52:05', NULL, NULL, NULL, '0');
INSERT INTO `sys_menu` VALUES (66, '操作日志删除', 54, NULL, 1, 'F', NULL, '#', 'operLog_del', NULL, '0', 1, '0', 'entfrm', '2020-03-19 11:52:25', NULL, NULL, NULL, '0');
INSERT INTO `sys_menu` VALUES (67, '操作日志查看', 54, NULL, 1, 'F', NULL, '#', 'operLog_view', NULL, '0', 2, '0', 'entfrm', '2020-03-19 11:52:45', NULL, NULL, NULL, '0');
INSERT INTO `sys_menu` VALUES (68, '操作日志导出', 54, NULL, 1, 'F', NULL, '#', 'operLog_export', NULL, '0', 3, '0', 'entfrm', '2020-03-19 11:53:09', NULL, NULL, NULL, '0');
INSERT INTO `sys_menu` VALUES (69, '备份新增', 46, NULL, 1, 'F', NULL, '#', 'backup_add', NULL, '0', 1, '0', 'entfrm', '2020-03-20 21:59:58', NULL, NULL, NULL, '0');
INSERT INTO `sys_menu` VALUES (70, '备份还原', 46, NULL, 1, 'F', NULL, '#', 'backup_restore', NULL, '0', 2, '0', 'entfrm', '2020-03-20 22:00:23', NULL, NULL, NULL, '0');
INSERT INTO `sys_menu` VALUES (71, '备份删除', 46, NULL, 1, 'F', NULL, '#', 'backup_del', NULL, '0', 3, '0', 'entfrm', '2020-03-20 22:00:41', NULL, NULL, NULL, '0');
INSERT INTO `sys_menu` VALUES (72, '备份查看', 46, NULL, 1, 'F', NULL, '#', 'backup_view', NULL, '0', 4, '0', 'entfrm', '2020-03-20 22:44:05', NULL, '2020-03-20 22:44:39', NULL, '0');
INSERT INTO `sys_menu` VALUES (73, '文件上传', 44, NULL, 1, 'F', NULL, '#', 'fileInfo_add', NULL, '0', 1, '0', 'entfrm', '2020-03-20 22:41:42', NULL, '2020-03-20 22:44:35', NULL, '0');
INSERT INTO `sys_menu` VALUES (74, '文件启用', 44, NULL, 1, 'F', NULL, '#', 'fileInfo_edit', NULL, '0', 2, '0', 'entfrm', '2020-03-20 22:42:07', 'entfrm', '2020-03-20 22:44:32', NULL, '0');
INSERT INTO `sys_menu` VALUES (75, '文件删除', 44, NULL, 1, 'F', NULL, '#', 'fileInfo_del', NULL, '0', 3, '0', 'entfrm', '2020-03-20 22:42:30', NULL, '2020-03-20 22:44:29', NULL, '0');
INSERT INTO `sys_menu` VALUES (76, '文件查看', 44, NULL, 1, 'F', NULL, '#', 'fileInfo_view', NULL, '0', 4, '0', 'entfrm', '2020-03-20 22:43:06', NULL, '2020-03-20 22:44:26', NULL, '0');
INSERT INTO `sys_menu` VALUES (77, '文件分享', 44, NULL, 1, 'F', NULL, '#', 'fileInfo_share', NULL, '0', 5, '0', 'entfrm', '2020-03-20 22:43:37', 'entfrm', '2020-03-20 22:44:23', NULL, '0');
INSERT INTO `sys_menu` VALUES (78, '数据库管理', 3, NULL, 2, 'C', 'datasource', 'toolkit/datasource/index', NULL, 'druid', '0', 1, '0', 'entfrm', '2020-03-21 11:05:47', 'entfrm', '2021-03-26 21:59:08', NULL, '0');
INSERT INTO `sys_menu` VALUES (79, '数据表管理', 3, NULL, 2, 'C', 'datatable', 'toolkit/datatable/index', NULL, 'table', '0', 2, '0', 'entfrm', '2020-03-21 11:07:23', 'entfrm', '2021-03-26 21:59:08', NULL, '0');
INSERT INTO `sys_menu` VALUES (81, '数据库新增', 78, NULL, 1, 'F', NULL, '#', 'datasource_add', NULL, '0', 1, '0', 'entfrm', '2020-03-21 11:27:26', NULL, NULL, NULL, '0');
INSERT INTO `sys_menu` VALUES (82, '数据库修改', 78, NULL, 1, 'F', NULL, '#', 'datasource_edit', NULL, '0', 2, '0', 'entfrm', '2020-03-21 11:27:46', NULL, NULL, NULL, '0');
INSERT INTO `sys_menu` VALUES (83, '数据库删除', 78, NULL, 1, 'F', NULL, '#', 'datasource_del', NULL, '0', 3, '0', 'entfrm', '2020-03-21 11:27:59', NULL, NULL, NULL, '0');
INSERT INTO `sys_menu` VALUES (84, '数据库查看', 78, NULL, 1, 'F', NULL, '#', 'datasource_view', NULL, '0', 4, '0', 'entfrm', '2020-03-21 11:28:11', NULL, NULL, NULL, '0');
INSERT INTO `sys_menu` VALUES (85, '模型管理', 248, NULL, 1, 'C', 'model', 'flowable/model/index', NULL, 'edit', '1', 1, '0', 'entfrm', '2020-03-24 12:48:54', 'entfrm', '2021-05-21 19:41:31', NULL, '0');
INSERT INTO `sys_menu` VALUES (86, '模型新增', 85, NULL, 1, 'F', NULL, '#', 'model_add', NULL, '1', 1, '0', 'entfrm', '2020-03-24 12:52:47', NULL, NULL, NULL, '0');
INSERT INTO `sys_menu` VALUES (87, '模型删除', 85, NULL, 1, 'F', NULL, '#', 'model_del', NULL, '1', 2, '0', 'entfrm', '2020-03-24 12:53:43', NULL, NULL, NULL, '0');
INSERT INTO `sys_menu` VALUES (88, '模型查看', 85, NULL, 1, 'F', NULL, '#', 'model_view', NULL, '1', 3, '0', 'entfrm', '2020-03-24 12:53:56', NULL, NULL, NULL, '0');
INSERT INTO `sys_menu` VALUES (89, '模型部署', 85, NULL, 1, 'F', NULL, '#', 'model_deploy', NULL, '1', 4, '0', 'entfrm', '2020-03-24 12:54:19', NULL, NULL, NULL, '0');
INSERT INTO `sys_menu` VALUES (90, '表新增', 79, NULL, 1, 'F', NULL, '#', 'datatable_add', NULL, '0', 1, '0', 'entfrm', '2020-03-25 14:59:45', 'entfrm', '2020-03-25 15:00:14', NULL, '0');
INSERT INTO `sys_menu` VALUES (91, '表修改', 79, NULL, 1, 'F', NULL, '#', 'datatable_edit', NULL, '0', 2, '0', 'entfrm', '2020-03-25 15:00:31', NULL, NULL, NULL, '0');
INSERT INTO `sys_menu` VALUES (92, '表删除', 79, NULL, 1, 'F', NULL, '#', 'datatable_del', NULL, '0', 3, '0', 'entfrm', '2020-03-25 15:00:49', NULL, NULL, NULL, '0');
INSERT INTO `sys_menu` VALUES (93, '表查看', 79, NULL, 1, 'F', NULL, '#', 'datatable_view', NULL, '0', 4, '0', 'entfrm', '2020-03-25 15:01:06', NULL, NULL, NULL, '0');
INSERT INTO `sys_menu` VALUES (94, '表配置', 79, NULL, 1, 'F', NULL, '#', 'datatable_config', NULL, '0', 5, '0', 'entfrm', '2020-03-25 15:02:39', NULL, NULL, NULL, '0');
INSERT INTO `sys_menu` VALUES (95, '代码生成', 79, NULL, 1, 'F', NULL, '#', 'datatable_gen', NULL, '0', 6, '0', 'entfrm', '2020-03-25 15:03:06', NULL, NULL, NULL, '0');
INSERT INTO `sys_menu` VALUES (96, '任务新增', 48, NULL, 1, 'F', NULL, '#', 'job_add', NULL, '0', 1, '0', 'entfrm', '2020-03-26 15:34:44', NULL, NULL, NULL, '0');
INSERT INTO `sys_menu` VALUES (97, '任务编辑', 48, NULL, 1, 'F', NULL, '#', 'job_edit', NULL, '0', 2, '0', 'entfrm', '2020-03-26 15:34:59', NULL, NULL, NULL, '0');
INSERT INTO `sys_menu` VALUES (98, '任务删除', 48, NULL, 1, 'F', NULL, '#', 'job_del', NULL, '0', 3, '0', 'entfrm', '2020-03-26 15:35:17', NULL, NULL, NULL, '0');
INSERT INTO `sys_menu` VALUES (99, '任务查看', 48, NULL, 1, 'F', NULL, '#', 'job_view', NULL, '0', 4, '0', 'entfrm', '2020-03-26 15:35:32', NULL, NULL, NULL, '0');
INSERT INTO `sys_menu` VALUES (100, '任务暂定', 48, NULL, 1, 'F', NULL, '#', 'job_stop', NULL, '0', 5, '0', 'entfrm', '2020-03-26 15:37:16', NULL, NULL, NULL, '0');
INSERT INTO `sys_menu` VALUES (101, '任务启动', 48, NULL, 1, 'F', NULL, '#', 'job_start', NULL, '0', 6, '0', 'entfrm', '2020-03-26 15:37:35', NULL, NULL, NULL, '0');
INSERT INTO `sys_menu` VALUES (102, '任务重置', 48, NULL, 1, 'F', NULL, '#', 'job_refresh', NULL, '0', 7, '0', 'entfrm', '2020-03-26 15:37:56', NULL, NULL, NULL, '0');
INSERT INTO `sys_menu` VALUES (103, '任务日志查看', 48, NULL, 1, 'F', NULL, '#', 'jobLog_view', NULL, '0', 8, '0', 'entfrm', '2020-03-26 15:38:19', 'entfrm', '2020-03-26 15:38:35', NULL, '0');
INSERT INTO `sys_menu` VALUES (104, '任务日志删除', 48, NULL, 1, 'F', NULL, '#', 'jobLog_del', NULL, '0', 9, '0', 'entfrm', '2020-03-26 15:38:51', NULL, NULL, NULL, '0');
INSERT INTO `sys_menu` VALUES (105, '快捷方式新增', 43, NULL, 1, 'F', NULL, '#', 'shortcut_add', NULL, '0', 1, '0', 'entfrm', '2020-03-27 09:44:13', NULL, NULL, NULL, '0');
INSERT INTO `sys_menu` VALUES (106, '快捷方式修改', 43, NULL, 1, 'F', NULL, '#', 'shortcut_edit', NULL, '0', 2, '0', 'entfrm', '2020-03-27 09:44:36', NULL, NULL, NULL, '0');
INSERT INTO `sys_menu` VALUES (107, '快捷方式删除', 43, NULL, 1, 'F', NULL, '#', 'shortcut_del', NULL, '0', 3, '0', 'entfrm', '2020-03-27 09:44:57', NULL, NULL, NULL, '0');
INSERT INTO `sys_menu` VALUES (108, '快捷方式查看', 43, NULL, 1, 'F', NULL, '#', 'shortcut_view', NULL, '0', 4, '0', 'entfrm', '2020-03-27 09:45:16', NULL, NULL, NULL, '0');
INSERT INTO `sys_menu` VALUES (109, '数据源管理', 3, NULL, 2, 'C', 'dataset', 'toolkit/dataset/index', NULL, 'star', '1', 2, '0', 'entfrm', '2020-02-02 00:00:00', 'entfrm', '2021-03-26 22:17:28', '数据源菜单', '0');
INSERT INTO `sys_menu` VALUES (110, '数据源新增', 109, NULL, 1, 'F', NULL, '#', 'dataset_add', '#', '1', 1, '0', 'entfrm', '2020-02-02 00:00:00', 'entfrm', '2020-02-02 00:00:00', NULL, '0');
INSERT INTO `sys_menu` VALUES (111, '数据源修改', 109, NULL, 1, 'F', NULL, '#', 'dataset_edit', '#', '1', 2, '0', 'entfrm', '2020-02-02 00:00:00', 'entfrm', '2020-02-02 00:00:00', NULL, '0');
INSERT INTO `sys_menu` VALUES (112, '数据源删除', 109, NULL, 1, 'F', NULL, '#', 'dataset_del', '#', '1', 3, '0', 'entfrm', '2020-02-02 00:00:00', 'entfrm', '2020-02-02 00:00:00', NULL, '0');
INSERT INTO `sys_menu` VALUES (113, '数据源查询', 109, NULL, 1, 'F', NULL, '#', 'dataset_view', '#', '1', 4, '0', 'entfrm', '2020-02-02 00:00:00', 'entfrm', '2020-02-02 00:00:00', NULL, '0');
INSERT INTO `sys_menu` VALUES (114, '数据源导出', 109, NULL, 1, 'F', NULL, '#', 'dataset_export', '#', '1', 5, '0', 'entfrm', '2020-02-02 00:00:00', 'entfrm', '2020-02-02 00:00:00', NULL, '0');
INSERT INTO `sys_menu` VALUES (121, '流程定义', 248, NULL, 1, 'C', 'process', 'flowable/process/index', NULL, 'list', '0', 2, '0', 'entfrm', '2020-04-04 22:33:12', 'entfrm', '2021-05-21 19:42:00', NULL, '0');
INSERT INTO `sys_menu` VALUES (122, '模型设计', 85, NULL, 1, 'F', NULL, '#', 'model_design', NULL, '0', 4, '0', 'entfrm', '2020-04-04 22:36:13', NULL, NULL, NULL, '0');
INSERT INTO `sys_menu` VALUES (123, '流程图', 121, NULL, 1, 'F', NULL, '#', 'process_img', NULL, '0', 1, '0', 'entfrm', '2020-04-04 22:49:07', NULL, NULL, NULL, '0');
INSERT INTO `sys_menu` VALUES (124, '流程状态改变', 121, NULL, 1, 'F', NULL, '#', 'process_change', NULL, '0', 2, '0', 'entfrm', '2020-04-04 22:49:46', NULL, '2020-04-05 00:40:17', NULL, '0');
INSERT INTO `sys_menu` VALUES (125, '流程删除', 121, NULL, 1, 'F', NULL, '#', 'process_del', NULL, '0', 3, '0', 'entfrm', '2020-04-04 22:50:05', NULL, NULL, NULL, '0');
INSERT INTO `sys_menu` VALUES (126, '流程查看', 121, NULL, 1, 'F', NULL, '#', 'process_view', NULL, '0', 4, '0', 'entfrm', '2020-04-04 22:50:30', 'entfrm', '2020-04-04 22:50:35', NULL, '0');
INSERT INTO `sys_menu` VALUES (127, '请假管理', 58, NULL, 1, 'C', 'leave', 'flowable/leave/index', NULL, 'tree-table', '0', 3, '0', 'entfrm', '2020-04-04 22:51:56', 'entfrm', '2021-05-21 19:43:04', NULL, '0');
INSERT INTO `sys_menu` VALUES (128, '请假新增', 127, NULL, 1, 'F', NULL, '#', 'leave_add', NULL, '0', 1, '0', 'entfrm', '2020-04-04 22:52:44', NULL, NULL, NULL, '0');
INSERT INTO `sys_menu` VALUES (129, '请假修改', 127, NULL, 1, 'F', NULL, '#', 'leave_edit', NULL, '0', 2, '0', 'entfrm', '2020-04-04 22:53:01', NULL, NULL, NULL, '0');
INSERT INTO `sys_menu` VALUES (130, '请假删除', 127, NULL, 1, 'F', NULL, '#', 'leave_del', NULL, '0', 3, '0', 'entfrm', '2020-04-04 22:53:13', NULL, NULL, NULL, '0');
INSERT INTO `sys_menu` VALUES (131, '请假查看', 127, NULL, 1, 'F', NULL, '#', 'leave_view', NULL, '0', 4, '0', 'entfrm', '2020-04-04 22:53:26', NULL, NULL, NULL, '0');
INSERT INTO `sys_menu` VALUES (132, '请假导出', 127, NULL, 1, 'F', NULL, '#', 'leave_export', NULL, '0', 5, '0', 'entfrm', '2020-04-04 22:53:45', NULL, NULL, NULL, '0');
INSERT INTO `sys_menu` VALUES (133, '待办任务', 247, NULL, 1, 'C', 'task', 'flowable/task/index', NULL, 'checkbox', '0', 1, '0', 'entfrm', '2020-04-04 22:55:03', 'entfrm', '2020-04-12 16:27:31', NULL, '0');
INSERT INTO `sys_menu` VALUES (134, '审批', 133, NULL, 1, 'F', NULL, '#', 'task_check', NULL, '0', 1, '0', 'entfrm', '2020-04-04 22:56:31', 'entfrm', '2020-04-12 16:27:33', NULL, '0');
INSERT INTO `sys_menu` VALUES (135, '批注', 133, NULL, 1, 'F', NULL, '#', 'task_comment', NULL, '0', 2, '0', 'entfrm', '2020-04-04 22:56:46', 'entfrm', '2020-04-12 16:19:54', NULL, '0');
INSERT INTO `sys_menu` VALUES (136, '流程追踪', 133, NULL, 1, 'F', NULL, '#', 'task_track', NULL, '0', 3, '0', 'entfrm', '2020-04-04 22:57:19', 'entfrm', '2020-04-05 13:04:51', NULL, '0');
INSERT INTO `sys_menu` VALUES (137, '任务查看', 133, NULL, 1, 'F', NULL, '#', 'task_view', NULL, '0', 4, '0', 'entfrm', '2020-04-04 22:57:19', 'entfrm', '2020-04-05 13:04:59', NULL, '0');
INSERT INTO `sys_menu` VALUES (138, '模板新增', 56, NULL, 1, 'F', NULL, '#', 'template_add', NULL, '1', 1, '0', 'entfrm', '2020-04-12 16:28:51', NULL, '2020-12-11 23:10:15', NULL, '1');
INSERT INTO `sys_menu` VALUES (139, '应用管理', 1, NULL, 1, 'C', 'application', 'system/application/index', NULL, 'tool', '1', 0, '0', 'entfrm', '2020-04-23 18:35:21', NULL, NULL, NULL, '0');
INSERT INTO `sys_menu` VALUES (140, '应用新增', 139, NULL, 1, 'F', NULL, '#', 'application_add', '#', '1', 1, '0', 'entfrm', '2020-02-02 00:00:00', 'entfrm', '2020-02-02 00:00:00', NULL, '0');
INSERT INTO `sys_menu` VALUES (141, '应用修改', 139, NULL, 1, 'F', NULL, '#', 'application_edit', '#', '1', 2, '0', 'entfrm', '2020-02-02 00:00:00', 'entfrm', '2020-02-02 00:00:00', NULL, '0');
INSERT INTO `sys_menu` VALUES (142, '应用删除', 139, NULL, 1, 'F', NULL, '#', 'application_del', '#', '1', 3, '0', 'entfrm', '2020-02-02 00:00:00', 'entfrm', '2020-02-02 00:00:00', NULL, '0');
INSERT INTO `sys_menu` VALUES (143, '应用查询', 139, NULL, 1, 'F', NULL, '#', 'application_view', '#', '1', 4, '0', 'entfrm', '2020-02-02 00:00:00', 'entfrm', '2020-02-02 00:00:00', NULL, '0');
INSERT INTO `sys_menu` VALUES (144, '应用导出', 139, NULL, 1, 'F', NULL, '#', 'application_export', '#', '1', 5, '0', 'entfrm', '2020-02-02 00:00:00', 'entfrm', '2020-02-02 00:00:00', NULL, '0');
INSERT INTO `sys_menu` VALUES (145, 'redis监控', 2, NULL, 1, 'C', 'redis', 'monitor/redis/index', NULL, 'component', '1', 5, '0', 'entfrm', '2020-04-24 22:26:31', 'entfrm', '2020-05-17 16:49:59', NULL, '0');
INSERT INTO `sys_menu` VALUES (146, '接口构建', 3, NULL, 2, 'C', 'apiinfo', 'toolkit/apiinfo/index', NULL, 'star', '1', 5, '0', 'entfrm', '2020-02-02 00:00:00', 'entfrm', '2021-03-26 21:59:08', '接口菜单', '0');
INSERT INTO `sys_menu` VALUES (147, '接口新增', 146, NULL, 1, 'F', NULL, '#', 'apiinfo_add', '#', '1', 1, '0', 'entfrm', '2020-02-02 00:00:00', 'entfrm', '2020-02-02 00:00:00', NULL, '0');
INSERT INTO `sys_menu` VALUES (148, '接口修改', 146, NULL, 1, 'F', NULL, '#', 'apiinfo_edit', '#', '1', 2, '0', 'entfrm', '2020-02-02 00:00:00', 'entfrm', '2020-02-02 00:00:00', NULL, '0');
INSERT INTO `sys_menu` VALUES (149, '接口删除', 146, NULL, 1, 'F', NULL, '#', 'apiinfo_del', '#', '1', 3, '0', 'entfrm', '2020-02-02 00:00:00', 'entfrm', '2020-02-02 00:00:00', NULL, '0');
INSERT INTO `sys_menu` VALUES (150, '接口查询', 146, NULL, 1, 'F', NULL, '#', 'apiinfo_view', '#', '1', 4, '0', 'entfrm', '2020-02-02 00:00:00', 'entfrm', '2020-02-02 00:00:00', NULL, '0');
INSERT INTO `sys_menu` VALUES (151, '接口导出', 146, NULL, 1, 'F', NULL, '#', 'apiinfo_export', '#', '1', 5, '0', 'entfrm', '2020-02-02 00:00:00', 'entfrm', '2020-02-02 00:00:00', NULL, '0');
INSERT INTO `sys_menu` VALUES (159, '令牌删除', 47, NULL, 1, 'F', NULL, '#', 'token_del', NULL, '1', 1, '0', 'entfrm', '2020-04-21 12:28:59', NULL, NULL, NULL, '0');
INSERT INTO `sys_menu` VALUES (160, '令牌查看', 47, NULL, 1, 'F', NULL, '#', 'token_view', NULL, '1', 2, '0', 'entfrm', '2020-04-21 12:29:19', NULL, NULL, NULL, '0');
INSERT INTO `sys_menu` VALUES (229, '表单管理', 3, NULL, 1, 'C', 'form', 'toolkit/form/index', '', 'build', '1', 3, '0', 'entfrm', '2020-02-02 00:00:00', 'entfrm', '2021-03-27 09:12:41', '表单管理菜单', '0');
INSERT INTO `sys_menu` VALUES (230, '表单管理新增', 229, NULL, 1, 'F', '', '#', 'form_add', '#', '1', 1, '0', 'entfrm', '2020-02-02 00:00:00', 'entfrm', '2020-02-02 00:00:00', '', '0');
INSERT INTO `sys_menu` VALUES (231, '表单管理修改', 229, NULL, 1, 'F', '', '#', 'form_edit', '#', '1', 2, '0', 'entfrm', '2020-02-02 00:00:00', 'entfrm', '2020-02-02 00:00:00', '', '0');
INSERT INTO `sys_menu` VALUES (232, '表单管理删除', 229, NULL, 1, 'F', '', '#', 'form_del', '#', '1', 3, '0', 'entfrm', '2020-02-02 00:00:00', 'entfrm', '2020-02-02 00:00:00', '', '0');
INSERT INTO `sys_menu` VALUES (233, '表单管理查询', 229, NULL, 1, 'F', '', '#', 'form_view', '#', '1', 4, '0', 'entfrm', '2020-02-02 00:00:00', 'entfrm', '2020-02-02 00:00:00', '', '0');
INSERT INTO `sys_menu` VALUES (234, '表单管理导出', 229, NULL, 1, 'F', '', '#', 'form_export', '#', '1', 5, '0', 'entfrm', '2020-02-02 00:00:00', 'entfrm', '2020-02-02 00:00:00', '', '0');
INSERT INTO `sys_menu` VALUES (235, '表单设计', 229, NULL, 2, 'F', NULL, '#', 'form_design', NULL, '1', 6, '0', 'entfrm', '2021-03-26 23:33:55', NULL, NULL, NULL, '0');
INSERT INTO `sys_menu` VALUES (236, '智能化配置', 0, NULL, 2, 'M', 'intelligent', '#', NULL, 'intelligent', '1', 40, '0', 'entfrm', '2021-03-30 04:58:39', 'entfrm', '2021-03-30 04:58:52', NULL, '0');
INSERT INTO `sys_menu` VALUES (237, '控件大管家', 236, NULL, 2, 'C', 'steward', 'intelligent/controlSteward/index', NULL, 'controls', '1', 1, '0', 'entfrm', '2021-03-30 05:07:43', 'entfrm', '2021-03-30 05:08:12', NULL, '0');
INSERT INTO `sys_menu` VALUES (238, '表单扩展模板', 236, NULL, 2, 'C', 'formExtend', 'intelligent/formExtend/index', NULL, 'template', '1', 2, '0', 'entfrm', '2021-03-30 05:09:20', NULL, NULL, NULL, '0');
INSERT INTO `sys_menu` VALUES (239, '表单扩展模板查看', 238, NULL, 2, 'F', NULL, '#', 'form_extend_view', NULL, '1', 1, '0', 'entfrm', '2021-03-30 05:10:24', 'entfrm', '2021-03-30 05:11:19', NULL, '0');
INSERT INTO `sys_menu` VALUES (240, '表单扩展模板新增', 238, NULL, 1, 'F', NULL, '#', 'form_extend_add', NULL, '1', 2, '0', 'entfrm', '2021-03-30 05:11:07', NULL, NULL, NULL, '0');
INSERT INTO `sys_menu` VALUES (241, '表单扩展模板编辑', 238, NULL, 2, 'F', '表单扩展模板编辑', '#', 'form_extend_edit', NULL, '1', 3, '0', 'entfrm', '2021-03-30 05:11:58', NULL, NULL, NULL, '0');
INSERT INTO `sys_menu` VALUES (242, '表单扩展模板删除', 238, NULL, 2, 'F', NULL, '#', 'form_extend_del', NULL, '1', 4, '0', 'entfrm', '2021-03-30 05:12:18', NULL, NULL, NULL, '0');
INSERT INTO `sys_menu` VALUES (243, '表单集成案例', 236, NULL, 1, 'C', 'demoUser', 'intelligent/demoUser/index', NULL, 'demo', '1', 3, '0', 'entfrm', '2021-03-30 05:13:37', NULL, NULL, NULL, '0');
INSERT INTO `sys_menu` VALUES (244, '设计模板', 238, NULL, 2, 'F', NULL, '#', 'form_extend_design', NULL, '1', 5, '0', 'entfrm', '2021-03-30 05:21:32', NULL, NULL, NULL, '0');
INSERT INTO `sys_menu` VALUES (245, '我发起流程', 58, NULL, 2, 'C', 'iInitiatedProcess', 'activiti/iInitiatedProcess/index', NULL, 'initiate', '1', 0, '0', '小狗', '2021-04-14 19:28:25', '小狗', '2021-05-11 08:59:20', NULL, '1');
INSERT INTO `sys_menu` VALUES (246, '表单引擎', 58, NULL, 2, 'C', 'formActivitiEngine', 'activiti/formActivitiEngine/index', NULL, 'form', '1', 0, '0', '小狗', '2021-04-19 23:26:38', '小狗', '2021-05-11 08:59:23', NULL, '1');
INSERT INTO `sys_menu` VALUES (247, '我的事务', 58, NULL, 2, 'M', 'affairs', '#', NULL, 'build', '1', 10, '0', 'entfrm', '2021-05-21 19:40:14', 'entfrm', '2021-05-21 19:45:40', NULL, '0');
INSERT INTO `sys_menu` VALUES (248, '流程管理', 58, NULL, 2, 'M', 'manage', '#', NULL, 'chart', '1', 20, '0', 'entfrm', '2021-05-21 19:40:49', 'entfrm', '2021-05-21 19:49:13', NULL, '0');

-- ----------------------------
-- Table structure for sys_oper_log
-- ----------------------------
DROP TABLE IF EXISTS `sys_oper_log`;
CREATE TABLE `sys_oper_log`  (
  `id` int(11) NOT NULL AUTO_INCREMENT COMMENT '日志编号',
  `type` varchar(10) CHARACTER SET utf8 COLLATE utf8_general_ci NULL DEFAULT '1' COMMENT '日志类型',
  `title` varchar(255) CHARACTER SET utf8 COLLATE utf8_general_ci NULL DEFAULT '' COMMENT '日志标题',
  `method` varchar(100) CHARACTER SET utf8mb4 COLLATE utf8mb4_general_ci NULL DEFAULT '' COMMENT '方法名称',
  `user_agent` text CHARACTER SET utf8 COLLATE utf8_general_ci NULL COMMENT '用户代理',
  `oper_name` varchar(50) CHARACTER SET utf8mb4 COLLATE utf8mb4_general_ci NULL DEFAULT '' COMMENT '操作人员',
  `client_id` varchar(50) CHARACTER SET utf8mb4 COLLATE utf8mb4_general_ci NULL DEFAULT '' COMMENT '终端',
  `oper_url` varchar(255) CHARACTER SET utf8mb4 COLLATE utf8mb4_general_ci NULL DEFAULT '' COMMENT '请求URL',
  `oper_ip` varchar(50) CHARACTER SET utf8mb4 COLLATE utf8mb4_general_ci NULL DEFAULT '' COMMENT '主机地址',
  `oper_addr` varchar(255) CHARACTER SET utf8mb4 COLLATE utf8mb4_general_ci NULL DEFAULT '' COMMENT '操作地点',
  `oper_param` text CHARACTER SET utf8mb4 COLLATE utf8mb4_general_ci NULL COMMENT '请求参数',
  `status` int(1) NULL DEFAULT 0 COMMENT '操作状态（0正常 1异常）',
  `error_msg` text CHARACTER SET utf8mb4 COLLATE utf8mb4_general_ci NULL COMMENT '错误消息',
  `execute_time` varchar(20) CHARACTER SET utf8mb4 COLLATE utf8mb4_general_ci NULL DEFAULT NULL COMMENT '执行时间',
  `oper_time` datetime(0) NULL DEFAULT NULL COMMENT '操作时间',
  PRIMARY KEY (`id`) USING BTREE
) ENGINE = InnoDB AUTO_INCREMENT = 1951 CHARACTER SET = utf8 COLLATE = utf8_general_ci ROW_FORMAT = DYNAMIC;

-- ----------------------------
-- Records of sys_oper_log
-- ----------------------------
INSERT INTO `sys_oper_log` VALUES (1806, '1', '菜单修改', 'PUT', 'Mozilla/5.0 (Windows NT 10.0; Win64; x64) AppleWebKit/537.36 (KHTML, like Gecko) Chrome/90.0.4430.85 Safari/537.36', 'entfrm', 'entfrm', '/system/menu/update', '127.0.0.1', 'XX XX', '', 0, '', '0', '2021-04-23 18:09:06');
INSERT INTO `sys_oper_log` VALUES (1807, '1', '角色修改', 'PUT', 'Mozilla/5.0 (Windows NT 10.0; Win64; x64) AppleWebKit/537.36 (KHTML, like Gecko) Chrome/90.0.4430.85 Safari/537.36', 'entfrm', 'entfrm', '/system/role/update', '127.0.0.1', 'XX XX', '', 0, '', '144', '2021-04-23 18:10:51');
INSERT INTO `sys_oper_log` VALUES (1808, '1', '读取资源', 'GET', 'Mozilla/5.0 (Windows NT 10.0; Win64; x64) AppleWebKit/537.36 (KHTML, like Gecko) Chrome/90.0.4430.85 Safari/537.36', 'anonymousUser', NULL, '/activiti/process/resource', '127.0.0.1', 'XX XX', 'procInsId=%5B2509%5D&resType=%5Bimage%5D&procDefId=%5BLeave%3A2%3A2512%5D', 0, '', '480', '2021-04-23 18:25:43');
INSERT INTO `sys_oper_log` VALUES (1809, '1', '读取资源', 'GET', 'Mozilla/5.0 (Windows NT 10.0; Win64; x64) AppleWebKit/537.36 (KHTML, like Gecko) Chrome/90.0.4430.85 Safari/537.36', 'anonymousUser', NULL, '/activiti/process/resource', '127.0.0.1', 'XX XX', 'procInsId=%5B2509%5D&resType=%5Bimage%5D&procDefId=%5BLeave%3A2%3A2512%5D', 0, '', '12', '2021-04-23 18:25:43');
INSERT INTO `sys_oper_log` VALUES (1810, '1', '模型新增', 'POST', 'Mozilla/5.0 (Windows NT 10.0; Win64; x64) AppleWebKit/537.36 (KHTML, like Gecko) Chrome/90.0.4430.93 Safari/537.36', '小狗', 'entfrm', '/activiti/model/save', '127.0.0.1', 'XX XX', '', 0, '', '0', '2021-04-30 05:10:37');
INSERT INTO `sys_oper_log` VALUES (1811, '1', '模型部署', 'POST', 'Mozilla/5.0 (Windows NT 10.0; Win64; x64) AppleWebKit/537.36 (KHTML, like Gecko) Chrome/90.0.4430.93 Safari/537.36', '小狗', 'entfrm', '/activiti/model/deploy/57e42acd-a92f-11eb-b215-00ff08753f51', '127.0.0.1', 'XX XX', '', 0, '', '763', '2021-04-30 05:14:18');
INSERT INTO `sys_oper_log` VALUES (1812, '1', '请假新增', 'POST', 'Mozilla/5.0 (Windows NT 10.0; Win64; x64) AppleWebKit/537.36 (KHTML, like Gecko) Chrome/90.0.4430.93 Safari/537.36', '小狗', 'entfrm', '/activiti/leave/save', '127.0.0.1', 'XX XX', '', 0, '', '5565', '2021-04-30 05:15:11');
INSERT INTO `sys_oper_log` VALUES (1813, '1', '启动请假流程', 'GET', 'Mozilla/5.0 (Windows NT 10.0; Win64; x64) AppleWebKit/537.36 (KHTML, like Gecko) Chrome/90.0.4430.93 Safari/537.36', '小狗', 'entfrm', '/activiti/leave/startProcess/1', '127.0.0.1', 'XX XX', '', 0, '', '177', '2021-04-30 05:15:18');
INSERT INTO `sys_oper_log` VALUES (1814, '1', '读取资源', 'GET', 'Mozilla/5.0 (Windows NT 10.0; Win64; x64) AppleWebKit/537.36 (KHTML, like Gecko) Chrome/90.0.4430.93 Safari/537.36', 'anonymousUser', NULL, '/activiti/process/resource', '127.0.0.1', 'XX XX', 'procInsId=%5Bd90ac240-a92f-11eb-b215-00ff08753f51%5D&resType=%5Bimage%5D&procDefId=%5BLeave%3A1%3Adb953db3-a92f-11eb-b215-00ff08753f51%5D', 0, '', '4060', '2021-04-30 05:15:26');
INSERT INTO `sys_oper_log` VALUES (1815, '1', '读取资源', 'GET', 'Mozilla/5.0 (Windows NT 10.0; Win64; x64) AppleWebKit/537.36 (KHTML, like Gecko) Chrome/90.0.4430.93 Safari/537.36', 'anonymousUser', NULL, '/activiti/process/resource', '127.0.0.1', 'XX XX', 'procInsId=%5Bd90ac240-a92f-11eb-b215-00ff08753f51%5D&resType=%5Bimage%5D&procDefId=%5BLeave%3A1%3Adb953db3-a92f-11eb-b215-00ff08753f51%5D', 0, '', '115', '2021-04-30 05:15:26');
INSERT INTO `sys_oper_log` VALUES (1816, '1', '模型部署', 'POST', 'Mozilla/5.0 (Windows NT 10.0; Win64; x64) AppleWebKit/537.36 (KHTML, like Gecko) Chrome/90.0.4430.93 Safari/537.36', '小狗', 'entfrm', '/activiti/model/deploy/57e42acd-a92f-11eb-b215-00ff08753f51', '127.0.0.1', 'XX XX', '', 0, '', '7', '2021-04-30 05:36:22');
INSERT INTO `sys_oper_log` VALUES (1817, '1', '请假新增', 'POST', 'Mozilla/5.0 (Windows NT 10.0; Win64; x64) AppleWebKit/537.36 (KHTML, like Gecko) Chrome/90.0.4430.93 Safari/537.36', '小狗', 'entfrm', '/activiti/leave/save', '127.0.0.1', 'XX XX', '', 0, '', '881', '2021-04-30 05:39:43');
INSERT INTO `sys_oper_log` VALUES (1818, '1', '启动请假流程', 'GET', 'Mozilla/5.0 (Windows NT 10.0; Win64; x64) AppleWebKit/537.36 (KHTML, like Gecko) Chrome/90.0.4430.93 Safari/537.36', '小狗', 'entfrm', '/activiti/leave/startProcess/2', '127.0.0.1', 'XX XX', '', 0, '', '76', '2021-04-30 05:39:45');
INSERT INTO `sys_oper_log` VALUES (1819, '1', '任务审批', 'POST', 'Mozilla/5.0 (Windows NT 10.0; Win64; x64) AppleWebKit/537.36 (KHTML, like Gecko) Chrome/90.0.4430.93 Safari/537.36', '小狗', 'entfrm', '/activiti/task/checkTask', '127.0.0.1', 'XX XX', '', 0, '', '915', '2021-04-30 05:45:51');
INSERT INTO `sys_oper_log` VALUES (1820, '1', '任务审批', 'POST', 'Mozilla/5.0 (Windows NT 10.0; Win64; x64) AppleWebKit/537.36 (KHTML, like Gecko) Chrome/91.0.4472.27 Safari/537.36', '小可爱', 'entfrm', '/activiti/task/checkTask', '127.0.0.1', 'XX XX', '', 0, '', '795', '2021-04-30 05:50:31');
INSERT INTO `sys_oper_log` VALUES (1821, '1', '流程追踪图片获取', 'GET', 'Mozilla/5.0 (Windows NT 10.0; Win64; x64) AppleWebKit/537.36 (KHTML, like Gecko) Chrome/90.0.4430.93 Safari/537.36', 'anonymousUser', NULL, '/activiti/task/track/6a04d5ed-a933-11eb-b215-00ff08753f51', '127.0.0.1', 'XX XX', '', 0, '', '1014', '2021-04-30 06:04:03');
INSERT INTO `sys_oper_log` VALUES (1822, '1', '流程追踪图片获取', 'GET', 'Mozilla/5.0 (Windows NT 10.0; Win64; x64) AppleWebKit/537.36 (KHTML, like Gecko) Chrome/90.0.4430.93 Safari/537.36', 'anonymousUser', NULL, '/activiti/task/track/00ff08753f51', '127.0.0.1', 'XX XX', '', 0, '', '125', '2021-04-30 06:04:28');
INSERT INTO `sys_oper_log` VALUES (1823, '1', '流程追踪图片获取', 'GET', 'Mozilla/5.0 (Windows NT 10.0; Win64; x64) AppleWebKit/537.36 (KHTML, like Gecko) Chrome/90.0.4430.93 Safari/537.36', 'anonymousUser', NULL, '/activiti/task/track/fd721074-a92f-11eb-b215-00ff08753f51', '127.0.0.1', 'XX XX', '', 0, '', '9', '2021-04-30 06:05:18');
INSERT INTO `sys_oper_log` VALUES (1824, '1', '流程追踪图片获取', 'GET', 'Mozilla/5.0 (Windows NT 10.0; Win64; x64) AppleWebKit/537.36 (KHTML, like Gecko) Chrome/90.0.4430.93 Safari/537.36', 'anonymousUser', NULL, '/activiti/task/track/fd721074-a92f-11eb-b215-00ff08753f51', '127.0.0.1', 'XX XX', '', 0, '', '121', '2021-04-30 06:20:17');
INSERT INTO `sys_oper_log` VALUES (1825, '1', '流程追踪图片获取', 'GET', 'Mozilla/5.0 (Windows NT 10.0; Win64; x64) AppleWebKit/537.36 (KHTML, like Gecko) Chrome/90.0.4430.93 Safari/537.36', 'anonymousUser', NULL, '/activiti/task/track/fd721074-a92f-11eb-b215-00ff08753f51', '127.0.0.1', 'XX XX', '', 0, '', '873906', '2021-04-30 06:20:18');
INSERT INTO `sys_oper_log` VALUES (1826, '1', '任务追踪', 'GET', 'Mozilla/5.0 (Windows NT 10.0; Win64; x64) AppleWebKit/537.36 (KHTML, like Gecko) Chrome/90.0.4430.93 Safari/537.36', 'anonymousUser', NULL, '/activiti/task/track/fda57c8d-a92f-11eb-b215-00ff08753f51', '127.0.0.1', 'XX XX', '', 0, '', '0', '2021-04-30 07:54:10');
INSERT INTO `sys_oper_log` VALUES (1827, '1', '任务追踪', 'GET', 'Mozilla/5.0 (Windows NT 10.0; Win64; x64) AppleWebKit/537.36 (KHTML, like Gecko) Chrome/90.0.4430.93 Safari/537.36', 'anonymousUser', NULL, '/activiti/task/track/fda57c8d-a92f-11eb-b215-00ff08753f51', '127.0.0.1', 'XX XX', '', 0, '', '2252', '2021-04-30 07:54:10');
INSERT INTO `sys_oper_log` VALUES (1828, '1', '任务审批意见', 'GET', 'Mozilla/5.0 (Windows NT 10.0; Win64; x64) AppleWebKit/537.36 (KHTML, like Gecko) Chrome/90.0.4430.93 Safari/537.36', '小狗', 'entfrm', '/activiti/task/commitList/fda57c8d-a92f-11eb-b215-00ff08753f51', '127.0.0.1', 'XX XX', '', 0, '', '214', '2021-04-30 07:54:28');
INSERT INTO `sys_oper_log` VALUES (1829, '1', '任务追踪', 'GET', 'Mozilla/5.0 (Windows NT 10.0; Win64; x64) AppleWebKit/537.36 (KHTML, like Gecko) Chrome/90.0.4430.93 Safari/537.36', 'anonymousUser', NULL, '/activiti/task/track/fda57c8d-a92f-11eb-b215-00ff08753f51', '127.0.0.1', 'XX XX', '', 0, '', '8', '2021-04-30 07:58:04');
INSERT INTO `sys_oper_log` VALUES (1830, '1', '任务追踪', 'GET', 'Mozilla/5.0 (Windows NT 10.0; Win64; x64) AppleWebKit/537.36 (KHTML, like Gecko) Chrome/90.0.4430.93 Safari/537.36', 'anonymousUser', NULL, '/activiti/task/track/fda57c8d-a92f-11eb-b215-00ff08753f51', '127.0.0.1', 'XX XX', '', 0, '', '288', '2021-04-30 07:58:04');
INSERT INTO `sys_oper_log` VALUES (1831, '1', '用户头像修改', 'PUT', 'Mozilla/5.0 (Windows NT 10.0; Win64; x64) AppleWebKit/537.36 (KHTML, like Gecko) Chrome/90.0.4430.93 Safari/537.36', '小狗', 'entfrm', '/system/user/updateAvatar', '127.0.0.1', 'XX XX', '', 0, '', '0', '2021-05-01 23:01:39');
INSERT INTO `sys_oper_log` VALUES (1832, '1', '用户信息修改', 'PUT', 'Mozilla/5.0 (Windows NT 10.0; Win64; x64) AppleWebKit/537.36 (KHTML, like Gecko) Chrome/90.0.4430.93 Safari/537.36', '小狗', 'entfrm', '/system/user/updateProfile', '127.0.0.1', 'XX XX', '', 0, '', '639', '2021-05-01 23:01:44');
INSERT INTO `sys_oper_log` VALUES (1833, '1', '用户头像修改', 'PUT', 'Mozilla/5.0 (Windows NT 10.0; Win64; x64) AppleWebKit/537.36 (KHTML, like Gecko) Chrome/90.0.4430.93 Safari/537.36', '小狗', 'entfrm', '/system/user/updateAvatar', '127.0.0.1', 'XX XX', '', 0, '', '72', '2021-05-01 23:02:20');
INSERT INTO `sys_oper_log` VALUES (1834, '1', '模型新增', 'POST', 'Mozilla/5.0 (Windows NT 10.0; Win64; x64) AppleWebKit/537.36 (KHTML, like Gecko) Chrome/90.0.4430.93 Safari/537.36', '小狗', 'entfrm', '/activiti/model/save', '127.0.0.1', 'XX XX', '', 0, '', '0', '2021-05-08 04:17:35');
INSERT INTO `sys_oper_log` VALUES (1835, '1', '模型部署', 'POST', 'Mozilla/5.0 (Windows NT 10.0; Win64; x64) AppleWebKit/537.36 (KHTML, like Gecko) Chrome/90.0.4430.93 Safari/537.36', '小狗', 'entfrm', '/activiti/model/deploy/2502', '127.0.0.1', 'XX XX', '', 0, '', '880', '2021-05-08 04:19:23');
INSERT INTO `sys_oper_log` VALUES (1836, '1', '用户头像修改', 'PUT', 'Mozilla/5.0 (Windows NT 10.0; Win64; x64) AppleWebKit/537.36 (KHTML, like Gecko) Chrome/90.0.4430.93 Safari/537.36', '小狗', 'entfrm', '/system/user/updateAvatar', '127.0.0.1', 'XX XX', '', 0, '', '2383', '2021-05-08 04:20:19');
INSERT INTO `sys_oper_log` VALUES (1837, '1', '用户信息修改', 'PUT', 'Mozilla/5.0 (Windows NT 10.0; Win64; x64) AppleWebKit/537.36 (KHTML, like Gecko) Chrome/90.0.4430.93 Safari/537.36', '小狗', 'entfrm', '/system/user/updateProfile', '127.0.0.1', 'XX XX', '', 0, '', '116', '2021-05-08 04:20:21');
INSERT INTO `sys_oper_log` VALUES (1838, '1', '请假新增', 'POST', 'Mozilla/5.0 (Windows NT 10.0; Win64; x64) AppleWebKit/537.36 (KHTML, like Gecko) Chrome/90.0.4430.93 Safari/537.36', '小狗', 'entfrm', '/activiti/leave/save', '127.0.0.1', 'XX XX', '', 0, '', '64', '2021-05-08 04:21:00');
INSERT INTO `sys_oper_log` VALUES (1839, '1', '启动请假流程', 'GET', 'Mozilla/5.0 (Windows NT 10.0; Win64; x64) AppleWebKit/537.36 (KHTML, like Gecko) Chrome/90.0.4430.93 Safari/537.36', '小狗', 'entfrm', '/activiti/leave/startProcess/3', '127.0.0.1', 'XX XX', '', 0, '', '217', '2021-05-08 04:21:03');
INSERT INTO `sys_oper_log` VALUES (1840, '1', '模型部署', 'POST', 'Mozilla/5.0 (Windows NT 10.0; Win64; x64) AppleWebKit/537.36 (KHTML, like Gecko) Chrome/90.0.4430.93 Safari/537.36', '小狗', 'entfrm', '/activiti/model/deploy/2502', '127.0.0.1', 'XX XX', '', 0, '', '665', '2021-05-08 04:47:51');
INSERT INTO `sys_oper_log` VALUES (1841, '1', '请假新增', 'POST', 'Mozilla/5.0 (Windows NT 10.0; Win64; x64) AppleWebKit/537.36 (KHTML, like Gecko) Chrome/90.0.4430.93 Safari/537.36', '小狗', 'entfrm', '/activiti/leave/save', '127.0.0.1', 'XX XX', '', 0, '', '832', '2021-05-08 04:48:15');
INSERT INTO `sys_oper_log` VALUES (1842, '1', '启动请假流程', 'GET', 'Mozilla/5.0 (Windows NT 10.0; Win64; x64) AppleWebKit/537.36 (KHTML, like Gecko) Chrome/90.0.4430.93 Safari/537.36', '小狗', 'entfrm', '/activiti/leave/startProcess/4', '127.0.0.1', 'XX XX', '', 0, '', '82', '2021-05-08 04:48:20');
INSERT INTO `sys_oper_log` VALUES (1843, '1', '任务审批', 'POST', 'Mozilla/5.0 (Windows NT 10.0; Win64; x64) AppleWebKit/537.36 (KHTML, like Gecko) Chrome/90.0.4430.93 Safari/537.36', '小狗', 'entfrm', '/activiti/task/checkTask', '127.0.0.1', 'XX XX', '', 0, '', '1003', '2021-05-08 04:48:43');
INSERT INTO `sys_oper_log` VALUES (1844, '1', '任务追踪', 'GET', 'Mozilla/5.0 (Windows NT 10.0; Win64; x64) AppleWebKit/537.36 (KHTML, like Gecko) Chrome/90.0.4430.93 Safari/537.36', 'anonymousUser', NULL, '/activiti/task/track/2516', '127.0.0.1', 'XX XX', '', 0, '', '611', '2021-05-08 04:49:19');
INSERT INTO `sys_oper_log` VALUES (1845, '1', '任务追踪', 'GET', 'Mozilla/5.0 (Windows NT 10.0; Win64; x64) AppleWebKit/537.36 (KHTML, like Gecko) Chrome/90.0.4430.93 Safari/537.36', 'anonymousUser', NULL, '/activiti/task/track/2516', '127.0.0.1', 'XX XX', '', 0, '', '266', '2021-05-08 04:50:50');
INSERT INTO `sys_oper_log` VALUES (1846, '1', '任务追踪', 'GET', 'Mozilla/5.0 (Windows NT 10.0; Win64; x64) AppleWebKit/537.36 (KHTML, like Gecko) Chrome/90.0.4430.93 Safari/537.36', 'anonymousUser', NULL, '/activiti/task/track/2516', '127.0.0.1', 'XX XX', '', 0, '', '225', '2021-05-08 04:52:20');
INSERT INTO `sys_oper_log` VALUES (1847, '1', '任务追踪', 'GET', 'Mozilla/5.0 (Windows NT 10.0; Win64; x64) AppleWebKit/537.36 (KHTML, like Gecko) Chrome/90.0.4430.93 Safari/537.36', 'anonymousUser', NULL, '/activiti/task/track/2516', '127.0.0.1', 'XX XX', '', 0, '', '425', '2021-05-08 04:54:49');
INSERT INTO `sys_oper_log` VALUES (1848, '1', '任务追踪', 'GET', 'Mozilla/5.0 (Windows NT 10.0; Win64; x64) AppleWebKit/537.36 (KHTML, like Gecko) Chrome/90.0.4430.93 Safari/537.36', 'anonymousUser', NULL, '/activiti/task/track/2516', '127.0.0.1', 'XX XX', '', 0, '', '59', '2021-05-08 04:55:27');
INSERT INTO `sys_oper_log` VALUES (1849, '1', '任务追踪', 'GET', 'Mozilla/5.0 (Windows NT 10.0; Win64; x64) AppleWebKit/537.36 (KHTML, like Gecko) Chrome/90.0.4430.93 Safari/537.36', 'anonymousUser', NULL, '/activiti/task/track/2516', '127.0.0.1', 'XX XX', '', 0, '', '162', '2021-05-08 05:02:18');
INSERT INTO `sys_oper_log` VALUES (1850, '1', '任务追踪', 'GET', 'Mozilla/5.0 (Windows NT 10.0; Win64; x64) AppleWebKit/537.36 (KHTML, like Gecko) Chrome/90.0.4430.93 Safari/537.36', 'anonymousUser', NULL, '/activiti/task/track/2516', '127.0.0.1', 'XX XX', '', 0, '', '108', '2021-05-08 05:02:47');
INSERT INTO `sys_oper_log` VALUES (1851, '1', '任务追踪', 'GET', 'Mozilla/5.0 (Windows NT 10.0; Win64; x64) AppleWebKit/537.36 (KHTML, like Gecko) Chrome/90.0.4430.93 Safari/537.36', 'anonymousUser', NULL, '/activiti/task/track/2516', '127.0.0.1', 'XX XX', '', 0, '', '56', '2021-05-08 05:21:09');
INSERT INTO `sys_oper_log` VALUES (1852, '1', '任务追踪', 'GET', 'Mozilla/5.0 (Windows NT 10.0; Win64; x64) AppleWebKit/537.36 (KHTML, like Gecko) Chrome/90.0.4430.93 Safari/537.36', 'anonymousUser', NULL, '/activiti/task/track/2516', '127.0.0.1', 'XX XX', '', 0, '', '0', '2021-05-08 05:30:09');
INSERT INTO `sys_oper_log` VALUES (1853, '1', '任务追踪', 'GET', 'Mozilla/5.0 (Windows NT 10.0; Win64; x64) AppleWebKit/537.36 (KHTML, like Gecko) Chrome/90.0.4430.93 Safari/537.36', 'anonymousUser', NULL, '/activiti/task/track/2516', '127.0.0.1', 'XX XX', '', 0, '', '443', '2021-05-08 05:40:26');
INSERT INTO `sys_oper_log` VALUES (1854, '1', '任务追踪', 'GET', 'Mozilla/5.0 (Windows NT 10.0; Win64; x64) AppleWebKit/537.36 (KHTML, like Gecko) Chrome/90.0.4430.93 Safari/537.36', 'anonymousUser', NULL, '/activiti/task/track/2516', '127.0.0.1', 'XX XX', '', 0, '', '0', '2021-05-08 09:00:43');
INSERT INTO `sys_oper_log` VALUES (1855, '1', '任务追踪', 'GET', 'Mozilla/5.0 (Windows NT 10.0; Win64; x64) AppleWebKit/537.36 (KHTML, like Gecko) Chrome/90.0.4430.93 Safari/537.36', 'anonymousUser', NULL, '/activiti/task/track/2516', '127.0.0.1', 'XX XX', '', 0, '', '95', '2021-05-08 09:03:50');
INSERT INTO `sys_oper_log` VALUES (1856, '1', '任务追踪', 'GET', 'Mozilla/5.0 (Windows NT 10.0; Win64; x64) AppleWebKit/537.36 (KHTML, like Gecko) Chrome/90.0.4430.93 Safari/537.36', 'anonymousUser', NULL, '/activiti/task/track/2516', '127.0.0.1', 'XX XX', '', 0, '', '41', '2021-05-08 09:04:39');
INSERT INTO `sys_oper_log` VALUES (1857, '1', '菜单删除', 'DELETE', 'Mozilla/5.0 (Windows NT 10.0; Win64; x64) AppleWebKit/537.36 (KHTML, like Gecko) Chrome/90.0.4430.93 Safari/537.36', '小狗', 'entfrm', '/system/menu/remove/245', '127.0.0.1', 'XX XX', '', 0, '', '0', '2021-05-11 08:58:31');
INSERT INTO `sys_oper_log` VALUES (1858, '1', '角色修改', 'PUT', 'Mozilla/5.0 (Windows NT 10.0; Win64; x64) AppleWebKit/537.36 (KHTML, like Gecko) Chrome/90.0.4430.93 Safari/537.36', '小狗', 'entfrm', '/system/role/update', '127.0.0.1', 'XX XX', '', 0, '', '76', '2021-05-11 08:58:47');
INSERT INTO `sys_oper_log` VALUES (1859, '1', '菜单删除', 'DELETE', 'Mozilla/5.0 (Windows NT 10.0; Win64; x64) AppleWebKit/537.36 (KHTML, like Gecko) Chrome/90.0.4430.93 Safari/537.36', '小狗', 'entfrm', '/system/menu/remove/245', '127.0.0.1', 'XX XX', '', 0, '', '2618', '2021-05-11 08:59:20');
INSERT INTO `sys_oper_log` VALUES (1860, '1', '菜单删除', 'DELETE', 'Mozilla/5.0 (Windows NT 10.0; Win64; x64) AppleWebKit/537.36 (KHTML, like Gecko) Chrome/90.0.4430.93 Safari/537.36', '小狗', 'entfrm', '/system/menu/remove/246', '127.0.0.1', 'XX XX', '', 0, '', '75', '2021-05-11 08:59:23');
INSERT INTO `sys_oper_log` VALUES (1861, '1', '读取资源', 'GET', 'Mozilla/5.0 (Windows NT 10.0; Win64; x64) AppleWebKit/537.36 (KHTML, like Gecko) Chrome/90.0.4430.93 Safari/537.36', 'anonymousUser', NULL, '/activiti/process/resource', '127.0.0.1', 'XX XX', 'procInsId=%5B2517%5D&resType=%5Bimage%5D&procDefId=%5BLeave%3A2%3A2519%5D', 1, 'resourceName is null', '86', '2021-05-11 08:59:36');
INSERT INTO `sys_oper_log` VALUES (1862, '1', '读取资源', 'GET', 'Mozilla/5.0 (Windows NT 10.0; Win64; x64) AppleWebKit/537.36 (KHTML, like Gecko) Chrome/90.0.4430.93 Safari/537.36', 'anonymousUser', NULL, '/activiti/process/resource', '127.0.0.1', 'XX XX', 'procInsId=%5B2517%5D&resType=%5Bimage%5D&procDefId=%5BLeave%3A2%3A2519%5D', 1, 'resourceName is null', '86', '2021-05-11 09:01:21');
INSERT INTO `sys_oper_log` VALUES (1863, '1', '读取资源', 'GET', 'Mozilla/5.0 (Windows NT 10.0; Win64; x64) AppleWebKit/537.36 (KHTML, like Gecko) Chrome/90.0.4430.93 Safari/537.36', 'anonymousUser', NULL, '/activiti/process/resource', '127.0.0.1', 'XX XX', 'procInsId=%5B2517%5D&resType=%5Bimage%5D&procDefId=%5BLeave%3A2%3A2519%5D', 1, 'resourceName is null', '86', '2021-05-11 09:13:40');
INSERT INTO `sys_oper_log` VALUES (1864, '1', '模型删除', 'DELETE', 'Mozilla/5.0 (Windows NT 10.0; Win64; x64) AppleWebKit/537.36 (KHTML, like Gecko) Chrome/90.0.4430.93 Safari/537.36', '小狗', 'entfrm', '/activiti/model/remove/2502', '127.0.0.1', 'XX XX', '', 0, '', '86', '2021-05-11 09:13:42');
INSERT INTO `sys_oper_log` VALUES (1865, '1', '模型新增', 'POST', 'Mozilla/5.0 (Windows NT 10.0; Win64; x64) AppleWebKit/537.36 (KHTML, like Gecko) Chrome/90.0.4430.93 Safari/537.36', '小狗', 'entfrm', '/activiti/model/save', '127.0.0.1', 'XX XX', '', 0, '', '1285', '2021-05-11 09:14:08');
INSERT INTO `sys_oper_log` VALUES (1866, '1', '模型部署', 'POST', 'Mozilla/5.0 (Windows NT 10.0; Win64; x64) AppleWebKit/537.36 (KHTML, like Gecko) Chrome/90.0.4430.93 Safari/537.36', '小狗', 'entfrm', '/activiti/model/deploy/27502', '127.0.0.1', 'XX XX', '', 0, '', '534', '2021-05-11 09:16:29');
INSERT INTO `sys_oper_log` VALUES (1867, '1', '读取资源', 'GET', 'Mozilla/5.0 (Windows NT 10.0; Win64; x64) AppleWebKit/537.36 (KHTML, like Gecko) Chrome/90.0.4430.93 Safari/537.36', 'anonymousUser', NULL, '/activiti/process/resource', '127.0.0.1', 'XX XX', 'procInsId=%5B27505%5D&resType=%5Bimage%5D&procDefId=%5BLeave%3A3%3A27507%5D', 1, 'resourceName is null', '4294', '2021-05-11 09:16:48');
INSERT INTO `sys_oper_log` VALUES (1868, '1', '读取资源', 'GET', 'Mozilla/5.0 (Windows NT 10.0; Win64; x64) AppleWebKit/537.36 (KHTML, like Gecko) Chrome/90.0.4430.93 Safari/537.36', 'anonymousUser', NULL, '/activiti/process/resource', '127.0.0.1', 'XX XX', 'procInsId=%5B27505%5D&resType=%5Bimage%5D&procDefId=%5BLeave%3A3%3A27507%5D', 0, '', '0', '2021-05-11 09:42:03');
INSERT INTO `sys_oper_log` VALUES (1869, '1', '读取资源', 'GET', 'Mozilla/5.0 (Windows NT 10.0; Win64; x64) AppleWebKit/537.36 (KHTML, like Gecko) Chrome/90.0.4430.93 Safari/537.36', 'anonymousUser', NULL, '/activiti/process/resource', '127.0.0.1', 'XX XX', 'procInsId=%5B27505%5D&resType=%5Bimage%5D&procDefId=%5BLeave%3A3%3A27507%5D', 0, '', '2777', '2021-05-11 09:43:28');
INSERT INTO `sys_oper_log` VALUES (1870, '1', '请假新增', 'POST', 'Mozilla/5.0 (Windows NT 10.0; Win64; x64) AppleWebKit/537.36 (KHTML, like Gecko) Chrome/90.0.4430.93 Safari/537.36', '小狗', 'entfrm', '/activiti/leave/save', '127.0.0.1', 'XX XX', '', 0, '', '36', '2021-05-11 09:43:59');
INSERT INTO `sys_oper_log` VALUES (1871, '1', '启动请假流程', 'POST', 'Mozilla/5.0 (Windows NT 10.0; Win64; x64) AppleWebKit/537.36 (KHTML, like Gecko) Chrome/90.0.4430.93 Safari/537.36', '小狗', 'entfrm', '/activiti/leave/startProcess', '127.0.0.1', 'XX XX', '', 0, '', '117', '2021-05-11 09:44:02');
INSERT INTO `sys_oper_log` VALUES (1872, '1', '表单新增', 'POST', 'Mozilla/5.0 (Windows NT 10.0; Win64; x64) AppleWebKit/537.36 (KHTML, like Gecko) Chrome/90.0.4430.93 Safari/537.36', '小狗', 'entfrm', '/toolkit/form/save', '127.0.0.1', 'XX XX', '', 0, '', '886', '2021-05-11 09:56:13');
INSERT INTO `sys_oper_log` VALUES (1873, '1', '表单修改', 'PUT', 'Mozilla/5.0 (Windows NT 10.0; Win64; x64) AppleWebKit/537.36 (KHTML, like Gecko) Chrome/90.0.4430.93 Safari/537.36', '小狗', 'entfrm', '/toolkit/form/update', '127.0.0.1', 'XX XX', '', 0, '', '49', '2021-05-11 10:00:51');
INSERT INTO `sys_oper_log` VALUES (1874, '1', '表单修改', 'PUT', 'Mozilla/5.0 (Windows NT 10.0; Win64; x64) AppleWebKit/537.36 (KHTML, like Gecko) Chrome/90.0.4430.93 Safari/537.36', '小狗', 'entfrm', '/toolkit/form/update', '127.0.0.1', 'XX XX', '', 0, '', '2802', '2021-05-11 10:02:59');
INSERT INTO `sys_oper_log` VALUES (1875, '1', '表单修改', 'PUT', 'Mozilla/5.0 (Windows NT 10.0; Win64; x64) AppleWebKit/537.36 (KHTML, like Gecko) Chrome/90.0.4430.93 Safari/537.36', '小狗', 'entfrm', '/toolkit/form/update', '127.0.0.1', 'XX XX', '', 0, '', '157', '2021-05-11 10:04:06');
INSERT INTO `sys_oper_log` VALUES (1876, '1', '请假新增', 'POST', 'Mozilla/5.0 (Windows NT 10.0; Win64; x64) AppleWebKit/537.36 (KHTML, like Gecko) Chrome/90.0.4430.93 Safari/537.36', '小狗', 'entfrm', '/activiti/leave/save', '127.0.0.1', 'XX XX', '', 0, '', '0', '2021-05-11 10:29:08');
INSERT INTO `sys_oper_log` VALUES (1877, '1', '启动请假流程', 'GET', 'Mozilla/5.0 (Windows NT 10.0; Win64; x64) AppleWebKit/537.36 (KHTML, like Gecko) Chrome/90.0.4430.93 Safari/537.36', '小狗', 'entfrm', '/activiti/leave/startProcess/6', '127.0.0.1', 'XX XX', '', 0, '', '0', '2021-05-11 10:31:22');
INSERT INTO `sys_oper_log` VALUES (1878, '1', '表单修改', 'PUT', 'Mozilla/5.0 (Windows NT 10.0; Win64; x64) AppleWebKit/537.36 (KHTML, like Gecko) Chrome/90.0.4430.93 Safari/537.36', '小狗', 'entfrm', '/toolkit/form/update', '127.0.0.1', 'XX XX', '', 0, '', '17570', '2021-05-11 10:59:27');
INSERT INTO `sys_oper_log` VALUES (1879, '1', '任务审批', 'POST', 'Mozilla/5.0 (Windows NT 10.0; Win64; x64) AppleWebKit/537.36 (KHTML, like Gecko) Chrome/90.0.4430.93 Safari/537.36', '小狗', 'entfrm', '/activiti/task/checkTask', '127.0.0.1', 'XX XX', '', 0, '', '131', '2021-05-11 11:00:56');
INSERT INTO `sys_oper_log` VALUES (1880, '1', '任务审批', 'POST', 'Mozilla/5.0 (Windows NT 10.0; Win64; x64) AppleWebKit/537.36 (KHTML, like Gecko) Chrome/91.0.4472.38 Safari/537.36', '小可爱', 'entfrm', '/activiti/task/checkTask', '127.0.0.1', 'XX XX', '', 0, '', '478', '2021-05-11 11:01:53');
INSERT INTO `sys_oper_log` VALUES (1881, '1', '字典修改', 'PUT', 'Mozilla/5.0 (Windows NT 10.0; Win64; x64) AppleWebKit/537.36 (KHTML, like Gecko) Chrome/90.0.4430.93 Safari/537.36', 'entfrm', 'entfrm', '/system/dict/update', '127.0.0.1', 'XX XX', '', 0, '', '0', '2021-05-12 01:36:24');
INSERT INTO `sys_oper_log` VALUES (1882, '1', '字典删除', 'DELETE', 'Mozilla/5.0 (Windows NT 10.0; Win64; x64) AppleWebKit/537.36 (KHTML, like Gecko) Chrome/90.0.4430.93 Safari/537.36', 'entfrm', 'entfrm', '/system/dict/remove/14', '127.0.0.1', 'XX XX', '', 0, '', '237', '2021-05-12 01:37:16');
INSERT INTO `sys_oper_log` VALUES (1883, '1', '字典新增', 'POST', 'Mozilla/5.0 (Windows NT 10.0; Win64; x64) AppleWebKit/537.36 (KHTML, like Gecko) Chrome/90.0.4430.93 Safari/537.36', 'entfrm', 'entfrm', '/system/dict/save', '127.0.0.1', 'XX XX', '', 0, '', '140', '2021-05-12 01:37:30');
INSERT INTO `sys_oper_log` VALUES (1884, '1', '字典数据新增', 'POST', 'Mozilla/5.0 (Windows NT 10.0; Win64; x64) AppleWebKit/537.36 (KHTML, like Gecko) Chrome/90.0.4430.93 Safari/537.36', 'entfrm', 'entfrm', '/system/dictData/save', '127.0.0.1', 'XX XX', '', 0, '', '140', '2021-05-12 01:37:45');
INSERT INTO `sys_oper_log` VALUES (1885, '1', '字典数据新增', 'POST', 'Mozilla/5.0 (Windows NT 10.0; Win64; x64) AppleWebKit/537.36 (KHTML, like Gecko) Chrome/90.0.4430.93 Safari/537.36', 'entfrm', 'entfrm', '/system/dictData/save', '127.0.0.1', 'XX XX', '', 0, '', '124', '2021-05-12 01:38:50');
INSERT INTO `sys_oper_log` VALUES (1886, '1', '字典数据新增', 'POST', 'Mozilla/5.0 (Windows NT 10.0; Win64; x64) AppleWebKit/537.36 (KHTML, like Gecko) Chrome/90.0.4430.93 Safari/537.36', 'entfrm', 'entfrm', '/system/dictData/save', '127.0.0.1', 'XX XX', '', 0, '', '152', '2021-05-12 01:38:59');
INSERT INTO `sys_oper_log` VALUES (1887, '1', '字典数据新增', 'POST', 'Mozilla/5.0 (Windows NT 10.0; Win64; x64) AppleWebKit/537.36 (KHTML, like Gecko) Chrome/90.0.4430.93 Safari/537.36', 'entfrm', 'entfrm', '/system/dictData/save', '127.0.0.1', 'XX XX', '', 0, '', '146', '2021-05-12 01:39:07');
INSERT INTO `sys_oper_log` VALUES (1888, '1', '字典数据新增', 'POST', 'Mozilla/5.0 (Windows NT 10.0; Win64; x64) AppleWebKit/537.36 (KHTML, like Gecko) Chrome/90.0.4430.93 Safari/537.36', 'entfrm', 'entfrm', '/system/dictData/save', '127.0.0.1', 'XX XX', '', 0, '', '133', '2021-05-12 01:39:14');
INSERT INTO `sys_oper_log` VALUES (1889, '1', '字典数据新增', 'POST', 'Mozilla/5.0 (Windows NT 10.0; Win64; x64) AppleWebKit/537.36 (KHTML, like Gecko) Chrome/90.0.4430.93 Safari/537.36', 'entfrm', 'entfrm', '/system/dictData/save', '127.0.0.1', 'XX XX', '', 0, '', '123', '2021-05-12 01:39:21');
INSERT INTO `sys_oper_log` VALUES (1890, '1', '字典数据新增', 'POST', 'Mozilla/5.0 (Windows NT 10.0; Win64; x64) AppleWebKit/537.36 (KHTML, like Gecko) Chrome/90.0.4430.93 Safari/537.36', 'entfrm', 'entfrm', '/system/dictData/save', '127.0.0.1', 'XX XX', '', 0, '', '176', '2021-05-12 01:39:31');
INSERT INTO `sys_oper_log` VALUES (1891, '1', '字典数据新增', 'POST', 'Mozilla/5.0 (Windows NT 10.0; Win64; x64) AppleWebKit/537.36 (KHTML, like Gecko) Chrome/90.0.4430.93 Safari/537.36', 'entfrm', 'entfrm', '/system/dictData/save', '127.0.0.1', 'XX XX', '', 0, '', '150', '2021-05-12 01:39:51');
INSERT INTO `sys_oper_log` VALUES (1892, '1', '字典数据修改', 'PUT', 'Mozilla/5.0 (Windows NT 10.0; Win64; x64) AppleWebKit/537.36 (KHTML, like Gecko) Chrome/90.0.4430.93 Safari/537.36', 'entfrm', 'entfrm', '/system/dictData/update', '127.0.0.1', 'XX XX', '', 0, '', '70', '2021-05-12 01:40:06');
INSERT INTO `sys_oper_log` VALUES (1893, '1', '字典数据修改', 'PUT', 'Mozilla/5.0 (Windows NT 10.0; Win64; x64) AppleWebKit/537.36 (KHTML, like Gecko) Chrome/90.0.4430.93 Safari/537.36', 'entfrm', 'entfrm', '/system/dictData/update', '127.0.0.1', 'XX XX', '', 0, '', '62', '2021-05-12 01:40:12');
INSERT INTO `sys_oper_log` VALUES (1894, '1', '字典数据修改', 'PUT', 'Mozilla/5.0 (Windows NT 10.0; Win64; x64) AppleWebKit/537.36 (KHTML, like Gecko) Chrome/90.0.4430.93 Safari/537.36', 'entfrm', 'entfrm', '/system/dictData/update', '127.0.0.1', 'XX XX', '', 0, '', '58', '2021-05-12 01:40:16');
INSERT INTO `sys_oper_log` VALUES (1895, '1', '字典数据修改', 'PUT', 'Mozilla/5.0 (Windows NT 10.0; Win64; x64) AppleWebKit/537.36 (KHTML, like Gecko) Chrome/90.0.4430.93 Safari/537.36', 'entfrm', 'entfrm', '/system/dictData/update', '127.0.0.1', 'XX XX', '', 0, '', '126', '2021-05-12 01:40:20');
INSERT INTO `sys_oper_log` VALUES (1896, '1', '字典数据修改', 'PUT', 'Mozilla/5.0 (Windows NT 10.0; Win64; x64) AppleWebKit/537.36 (KHTML, like Gecko) Chrome/90.0.4430.93 Safari/537.36', 'entfrm', 'entfrm', '/system/dictData/update', '127.0.0.1', 'XX XX', '', 0, '', '146', '2021-05-12 01:40:25');
INSERT INTO `sys_oper_log` VALUES (1897, '1', '字典数据修改', 'PUT', 'Mozilla/5.0 (Windows NT 10.0; Win64; x64) AppleWebKit/537.36 (KHTML, like Gecko) Chrome/90.0.4430.93 Safari/537.36', 'entfrm', 'entfrm', '/system/dictData/update', '127.0.0.1', 'XX XX', '', 0, '', '45', '2021-05-12 01:40:29');
INSERT INTO `sys_oper_log` VALUES (1898, '1', '启动请假流程', 'GET', 'Mozilla/5.0 (Windows NT 10.0; Win64; x64) AppleWebKit/537.36 (KHTML, like Gecko) Chrome/90.0.4430.93 Safari/537.36', '小狗', 'entfrm', '/activiti/leave/startProcess/6', '127.0.0.1', 'XX XX', '', 0, '', '0', '2021-05-12 02:40:55');
INSERT INTO `sys_oper_log` VALUES (1899, '1', '启动请假流程', 'GET', 'Mozilla/5.0 (Windows NT 10.0; Win64; x64) AppleWebKit/537.36 (KHTML, like Gecko) Chrome/90.0.4430.93 Safari/537.36', '小狗', 'entfrm', '/activiti/leave/startProcess/5', '127.0.0.1', 'XX XX', '', 0, '', '766', '2021-05-12 02:41:02');
INSERT INTO `sys_oper_log` VALUES (1900, '1', '用户头像修改', 'PUT', 'Mozilla/5.0 (Windows NT 10.0; Win64; x64) AppleWebKit/537.36 (KHTML, like Gecko) Chrome/90.0.4430.212 Safari/537.36', 'entfrm', 'entfrm', '/system/user/updateAvatar', '127.0.0.1', 'XX XX', '', 0, '', '0', '2021-05-14 06:48:46');
INSERT INTO `sys_oper_log` VALUES (1901, '1', '用户信息修改', 'PUT', 'Mozilla/5.0 (Windows NT 10.0; Win64; x64) AppleWebKit/537.36 (KHTML, like Gecko) Chrome/90.0.4430.212 Safari/537.36', 'entfrm', 'entfrm', '/system/user/updateProfile', '127.0.0.1', 'XX XX', '', 0, '', '245', '2021-05-14 06:55:49');
INSERT INTO `sys_oper_log` VALUES (1902, '1', '模型新增', 'POST', 'Mozilla/5.0 (Windows NT 10.0; Win64; x64) AppleWebKit/537.36 (KHTML, like Gecko) Chrome/90.0.4430.212 Safari/537.36', 'entfrm', 'entfrm', '/flowable/model/save', '127.0.0.1', 'XX XX', '', 0, '', '0', '2021-05-21 16:24:31');
INSERT INTO `sys_oper_log` VALUES (1903, '1', '模型部署', 'POST', 'Mozilla/5.0 (Windows NT 10.0; Win64; x64) AppleWebKit/537.36 (KHTML, like Gecko) Chrome/90.0.4430.212 Safari/537.36', 'entfrm', 'entfrm', '/flowable/model/deploy/f7518d24-ba0d-11eb-ba55-00ff08753f51', '127.0.0.1', 'XX XX', '', 0, '', '0', '2021-05-21 17:08:48');
INSERT INTO `sys_oper_log` VALUES (1904, '1', '模型部署', 'POST', 'Mozilla/5.0 (Windows NT 10.0; Win64; x64) AppleWebKit/537.36 (KHTML, like Gecko) Chrome/90.0.4430.212 Safari/537.36', 'entfrm', 'entfrm', '/flowable/model/deploy/f7518d24-ba0d-11eb-ba55-00ff08753f51', '127.0.0.1', 'XX XX', '', 0, '', '0', '2021-05-21 18:02:51');
INSERT INTO `sys_oper_log` VALUES (1905, '1', '菜单新增', 'POST', 'Mozilla/5.0 (Windows NT 10.0; Win64; x64) AppleWebKit/537.36 (KHTML, like Gecko) Chrome/90.0.4430.212 Safari/537.36', 'entfrm', 'entfrm', '/system/menu/save', '127.0.0.1', 'XX XX', '', 0, '', '0', '2021-05-21 19:40:14');
INSERT INTO `sys_oper_log` VALUES (1906, '1', '菜单新增', 'POST', 'Mozilla/5.0 (Windows NT 10.0; Win64; x64) AppleWebKit/537.36 (KHTML, like Gecko) Chrome/90.0.4430.212 Safari/537.36', 'entfrm', 'entfrm', '/system/menu/save', '127.0.0.1', 'XX XX', '', 0, '', '482', '2021-05-21 19:40:48');
INSERT INTO `sys_oper_log` VALUES (1907, '1', '菜单修改', 'PUT', 'Mozilla/5.0 (Windows NT 10.0; Win64; x64) AppleWebKit/537.36 (KHTML, like Gecko) Chrome/90.0.4430.212 Safari/537.36', 'entfrm', 'entfrm', '/system/menu/update', '127.0.0.1', 'XX XX', '', 0, '', '96', '2021-05-21 19:41:30');
INSERT INTO `sys_oper_log` VALUES (1908, '1', '菜单修改', 'PUT', 'Mozilla/5.0 (Windows NT 10.0; Win64; x64) AppleWebKit/537.36 (KHTML, like Gecko) Chrome/90.0.4430.212 Safari/537.36', 'entfrm', 'entfrm', '/system/menu/update', '127.0.0.1', 'XX XX', '', 0, '', '172', '2021-05-21 19:41:59');
INSERT INTO `sys_oper_log` VALUES (1909, '1', '菜单修改', 'PUT', 'Mozilla/5.0 (Windows NT 10.0; Win64; x64) AppleWebKit/537.36 (KHTML, like Gecko) Chrome/90.0.4430.212 Safari/537.36', 'entfrm', 'entfrm', '/system/menu/update', '127.0.0.1', 'XX XX', '', 0, '', '141', '2021-05-21 19:42:48');
INSERT INTO `sys_oper_log` VALUES (1910, '1', '菜单修改', 'PUT', 'Mozilla/5.0 (Windows NT 10.0; Win64; x64) AppleWebKit/537.36 (KHTML, like Gecko) Chrome/90.0.4430.212 Safari/537.36', 'entfrm', 'entfrm', '/system/menu/update', '127.0.0.1', 'XX XX', '', 0, '', '104', '2021-05-21 19:43:04');
INSERT INTO `sys_oper_log` VALUES (1911, '1', '菜单修改', 'PUT', 'Mozilla/5.0 (Windows NT 10.0; Win64; x64) AppleWebKit/537.36 (KHTML, like Gecko) Chrome/90.0.4430.212 Safari/537.36', 'entfrm', 'entfrm', '/system/menu/update', '127.0.0.1', 'XX XX', '', 0, '', '82', '2021-05-21 19:43:18');
INSERT INTO `sys_oper_log` VALUES (1912, '1', '菜单修改', 'PUT', 'Mozilla/5.0 (Windows NT 10.0; Win64; x64) AppleWebKit/537.36 (KHTML, like Gecko) Chrome/90.0.4430.212 Safari/537.36', 'entfrm', 'entfrm', '/system/menu/update', '127.0.0.1', 'XX XX', '', 0, '', '114', '2021-05-21 19:43:31');
INSERT INTO `sys_oper_log` VALUES (1913, '1', '角色修改', 'PUT', 'Mozilla/5.0 (Windows NT 10.0; Win64; x64) AppleWebKit/537.36 (KHTML, like Gecko) Chrome/90.0.4430.212 Safari/537.36', 'entfrm', 'entfrm', '/system/role/update', '127.0.0.1', 'XX XX', '', 0, '', '125', '2021-05-21 19:44:09');
INSERT INTO `sys_oper_log` VALUES (1914, '1', '角色修改', 'PUT', 'Mozilla/5.0 (Windows NT 10.0; Win64; x64) AppleWebKit/537.36 (KHTML, like Gecko) Chrome/90.0.4430.212 Safari/537.36', 'entfrm', 'entfrm', '/system/role/update', '127.0.0.1', 'XX XX', '', 0, '', '445', '2021-05-21 19:44:31');
INSERT INTO `sys_oper_log` VALUES (1915, '1', '菜单修改', 'PUT', 'Mozilla/5.0 (Windows NT 10.0; Win64; x64) AppleWebKit/537.36 (KHTML, like Gecko) Chrome/90.0.4430.212 Safari/537.36', 'entfrm', 'entfrm', '/system/menu/update', '127.0.0.1', 'XX XX', '', 0, '', '504', '2021-05-21 19:45:39');
INSERT INTO `sys_oper_log` VALUES (1916, '1', '菜单修改', 'PUT', 'Mozilla/5.0 (Windows NT 10.0; Win64; x64) AppleWebKit/537.36 (KHTML, like Gecko) Chrome/90.0.4430.212 Safari/537.36', 'entfrm', 'entfrm', '/system/menu/update', '127.0.0.1', 'XX XX', '', 0, '', '57', '2021-05-21 19:49:05');
INSERT INTO `sys_oper_log` VALUES (1917, '1', '菜单修改', 'PUT', 'Mozilla/5.0 (Windows NT 10.0; Win64; x64) AppleWebKit/537.36 (KHTML, like Gecko) Chrome/90.0.4430.212 Safari/537.36', 'entfrm', 'entfrm', '/system/menu/update', '127.0.0.1', 'XX XX', '', 0, '', '215', '2021-05-21 19:49:13');
INSERT INTO `sys_oper_log` VALUES (1918, '1', '菜单修改', 'PUT', 'Mozilla/5.0 (Windows NT 10.0; Win64; x64) AppleWebKit/537.36 (KHTML, like Gecko) Chrome/90.0.4430.212 Safari/537.36', 'entfrm', 'entfrm', '/system/menu/update', '127.0.0.1', 'XX XX', '', 0, '', '118', '2021-05-21 19:56:03');
INSERT INTO `sys_oper_log` VALUES (1919, '1', '菜单修改', 'PUT', 'Mozilla/5.0 (Windows NT 10.0; Win64; x64) AppleWebKit/537.36 (KHTML, like Gecko) Chrome/90.0.4430.212 Safari/537.36', 'entfrm', 'entfrm', '/system/menu/update', '127.0.0.1', 'XX XX', '', 0, '', '140', '2021-05-21 19:56:10');
INSERT INTO `sys_oper_log` VALUES (1920, '1', '菜单修改', 'PUT', 'Mozilla/5.0 (Windows NT 10.0; Win64; x64) AppleWebKit/537.36 (KHTML, like Gecko) Chrome/90.0.4430.212 Safari/537.36', 'entfrm', 'entfrm', '/system/menu/update', '127.0.0.1', 'XX XX', '', 0, '', '73', '2021-05-21 19:56:28');
INSERT INTO `sys_oper_log` VALUES (1921, '1', '菜单修改', 'PUT', 'Mozilla/5.0 (Windows NT 10.0; Win64; x64) AppleWebKit/537.36 (KHTML, like Gecko) Chrome/90.0.4430.212 Safari/537.36', 'entfrm', 'entfrm', '/system/menu/update', '127.0.0.1', 'XX XX', '', 0, '', '41', '2021-05-21 19:56:54');
INSERT INTO `sys_oper_log` VALUES (1922, '1', '菜单修改', 'PUT', 'Mozilla/5.0 (Windows NT 10.0; Win64; x64) AppleWebKit/537.36 (KHTML, like Gecko) Chrome/90.0.4430.212 Safari/537.36', 'entfrm', 'entfrm', '/system/menu/update', '127.0.0.1', 'XX XX', '', 0, '', '133', '2021-05-21 19:57:03');
INSERT INTO `sys_oper_log` VALUES (1923, '1', '菜单修改', 'PUT', 'Mozilla/5.0 (Windows NT 10.0; Win64; x64) AppleWebKit/537.36 (KHTML, like Gecko) Chrome/90.0.4430.212 Safari/537.36', 'entfrm', 'entfrm', '/system/menu/update', '127.0.0.1', 'XX XX', '', 0, '', '127', '2021-05-21 19:57:13');
INSERT INTO `sys_oper_log` VALUES (1924, '1', '菜单修改', 'PUT', 'Mozilla/5.0 (Windows NT 10.0; Win64; x64) AppleWebKit/537.36 (KHTML, like Gecko) Chrome/90.0.4430.212 Safari/537.36', 'entfrm', 'entfrm', '/system/menu/update', '127.0.0.1', 'XX XX', '', 0, '', '149', '2021-05-21 19:59:17');
INSERT INTO `sys_oper_log` VALUES (1925, '1', '启动请假流程', 'GET', 'Mozilla/5.0 (Windows NT 10.0; Win64; x64) AppleWebKit/537.36 (KHTML, like Gecko) Chrome/90.0.4430.212 Safari/537.36', 'entfrm', 'entfrm', '/flowable/leave/startProcess/1', '127.0.0.1', 'XX XX', '', 1, '\r\n### Error updating database.  Cause: com.mysql.cj.jdbc.exceptions.MysqlDataTruncation: Data truncation: Data too long for column \'proc_ins_id\' at row 1\r\n### The error may exist in file [C:\\Users\\LENOVO\\Desktop\\openSource\\entfrm\\entfrm-boot\\entfrm-biz\\entfrm-flowable\\target\\classes\\mapper\\flowable\\FlowMapper.xml]\r\n### The error may involve defaultParameterMap\r\n### The error occurred while setting parameters\r\n### SQL: UPDATE act_leave SET             proc_ins_id = ?         WHERE id = ?\r\n### Cause: com.mysql.cj.jdbc.exceptions.MysqlDataTruncation: Data truncation: Data too long for column \'proc_ins_id\' at row 1\n; Data truncation: Data too long for column \'proc_ins_id\' at row 1; nested exception is com.mysql.cj.jdbc.exceptions.MysqlDataTruncation: Data truncation: Data too long for column \'proc_ins_id\' at row 1', '40', '2021-05-21 20:13:38');
INSERT INTO `sys_oper_log` VALUES (1926, '1', '启动请假流程', 'GET', 'Mozilla/5.0 (Windows NT 10.0; Win64; x64) AppleWebKit/537.36 (KHTML, like Gecko) Chrome/90.0.4430.212 Safari/537.36', 'entfrm', 'entfrm', '/flowable/leave/startProcess/1', '127.0.0.1', 'XX XX', '', 1, '\r\n### Error updating database.  Cause: com.mysql.cj.jdbc.exceptions.MysqlDataTruncation: Data truncation: Data too long for column \'proc_ins_id\' at row 1\r\n### The error may exist in file [C:\\Users\\LENOVO\\Desktop\\openSource\\entfrm\\entfrm-boot\\entfrm-biz\\entfrm-flowable\\target\\classes\\mapper\\flowable\\FlowMapper.xml]\r\n### The error may involve defaultParameterMap\r\n### The error occurred while setting parameters\r\n### SQL: UPDATE act_leave SET             proc_ins_id = ?         WHERE id = ?\r\n### Cause: com.mysql.cj.jdbc.exceptions.MysqlDataTruncation: Data truncation: Data too long for column \'proc_ins_id\' at row 1\n; Data truncation: Data too long for column \'proc_ins_id\' at row 1; nested exception is com.mysql.cj.jdbc.exceptions.MysqlDataTruncation: Data truncation: Data too long for column \'proc_ins_id\' at row 1', '40', '2021-05-21 20:15:36');
INSERT INTO `sys_oper_log` VALUES (1927, '1', '启动请假流程', 'GET', 'Mozilla/5.0 (Windows NT 10.0; Win64; x64) AppleWebKit/537.36 (KHTML, like Gecko) Chrome/90.0.4430.212 Safari/537.36', 'entfrm', 'entfrm', '/flowable/leave/startProcess/1', '127.0.0.1', 'XX XX', '', 1, '\r\n### Error updating database.  Cause: com.mysql.cj.jdbc.exceptions.MysqlDataTruncation: Data truncation: Data too long for column \'proc_ins_id\' at row 1\r\n### The error may exist in file [C:\\Users\\LENOVO\\Desktop\\openSource\\entfrm\\entfrm-boot\\entfrm-biz\\entfrm-flowable\\target\\classes\\mapper\\flowable\\FlowMapper.xml]\r\n### The error may involve defaultParameterMap\r\n### The error occurred while setting parameters\r\n### SQL: UPDATE act_leave SET             proc_ins_id = ?         WHERE id = ?\r\n### Cause: com.mysql.cj.jdbc.exceptions.MysqlDataTruncation: Data truncation: Data too long for column \'proc_ins_id\' at row 1\n; Data truncation: Data too long for column \'proc_ins_id\' at row 1; nested exception is com.mysql.cj.jdbc.exceptions.MysqlDataTruncation: Data truncation: Data too long for column \'proc_ins_id\' at row 1', '40', '2021-05-21 20:18:12');
INSERT INTO `sys_oper_log` VALUES (1928, '1', '启动请假流程', 'GET', 'Mozilla/5.0 (Windows NT 10.0; Win64; x64) AppleWebKit/537.36 (KHTML, like Gecko) Chrome/90.0.4430.212 Safari/537.36', 'entfrm', 'entfrm', '/flowable/leave/startProcess/1', '127.0.0.1', 'XX XX', '', 1, '\r\n### Error updating database.  Cause: com.mysql.cj.jdbc.exceptions.MysqlDataTruncation: Data truncation: Data too long for column \'proc_ins_id\' at row 1\r\n### The error may exist in file [C:\\Users\\LENOVO\\Desktop\\openSource\\entfrm\\entfrm-boot\\entfrm-biz\\entfrm-flowable\\target\\classes\\mapper\\flowable\\FlowMapper.xml]\r\n### The error may involve defaultParameterMap\r\n### The error occurred while setting parameters\r\n### SQL: UPDATE act_leave SET             proc_ins_id = ?         WHERE id = ?\r\n### Cause: com.mysql.cj.jdbc.exceptions.MysqlDataTruncation: Data truncation: Data too long for column \'proc_ins_id\' at row 1\n; Data truncation: Data too long for column \'proc_ins_id\' at row 1; nested exception is com.mysql.cj.jdbc.exceptions.MysqlDataTruncation: Data truncation: Data too long for column \'proc_ins_id\' at row 1', '40', '2021-05-21 20:20:26');
INSERT INTO `sys_oper_log` VALUES (1929, '1', '启动请假流程', 'GET', 'Mozilla/5.0 (Windows NT 10.0; Win64; x64) AppleWebKit/537.36 (KHTML, like Gecko) Chrome/90.0.4430.212 Safari/537.36', 'entfrm', 'entfrm', '/flowable/leave/startProcess/1', '127.0.0.1', 'XX XX', '', 0, '', '40', '2021-05-21 20:22:56');
INSERT INTO `sys_oper_log` VALUES (1930, '1', '启动请假流程', 'GET', 'Mozilla/5.0 (Windows NT 10.0; Win64; x64) AppleWebKit/537.36 (KHTML, like Gecko) Chrome/90.0.4430.212 Safari/537.36', 'entfrm', 'entfrm', '/flowable/leave/startProcess/1', '127.0.0.1', 'XX XX', '', 0, '', '143357', '2021-05-21 20:23:19');
INSERT INTO `sys_oper_log` VALUES (1931, '1', '启动请假流程', 'GET', 'Mozilla/5.0 (Windows NT 10.0; Win64; x64) AppleWebKit/537.36 (KHTML, like Gecko) Chrome/90.0.4430.212 Safari/537.36', 'entfrm', 'entfrm', '/flowable/leave/startProcess/2', '127.0.0.1', 'XX XX', '', 0, '', '9644', '2021-05-21 20:46:48');
INSERT INTO `sys_oper_log` VALUES (1932, '1', '启动请假流程', 'GET', 'Mozilla/5.0 (Windows NT 10.0; Win64; x64) AppleWebKit/537.36 (KHTML, like Gecko) Chrome/90.0.4430.212 Safari/537.36', 'entfrm', 'entfrm', '/flowable/leave/startProcess/3', '127.0.0.1', 'XX XX', '', 0, '', '0', '2021-05-21 20:49:54');
INSERT INTO `sys_oper_log` VALUES (1933, '1', '启动请假流程', 'GET', 'Mozilla/5.0 (Windows NT 10.0; Win64; x64) AppleWebKit/537.36 (KHTML, like Gecko) Chrome/90.0.4430.212 Safari/537.36', 'entfrm', 'entfrm', '/flowable/leave/startProcess/4', '127.0.0.1', 'XX XX', '', 0, '', '0', '2021-05-21 20:57:04');
INSERT INTO `sys_oper_log` VALUES (1934, '1', '启动请假流程', 'GET', 'Mozilla/5.0 (Windows NT 10.0; Win64; x64) AppleWebKit/537.36 (KHTML, like Gecko) Chrome/91.0.4472.69 Safari/537.36', '小狗', 'entfrm', '/flowable/leave/startProcess/5', '127.0.0.1', 'XX XX', '', 0, '', '0', '2021-05-21 21:23:40');
INSERT INTO `sys_oper_log` VALUES (1935, '1', '启动请假流程', 'GET', 'Mozilla/5.0 (Windows NT 10.0; Win64; x64) AppleWebKit/537.36 (KHTML, like Gecko) Chrome/91.0.4472.69 Safari/537.36', '小狗', 'entfrm', '/flowable/leave/startProcess/6', '127.0.0.1', 'XX XX', '', 0, '', '0', '2021-05-21 21:49:58');
INSERT INTO `sys_oper_log` VALUES (1936, '1', '模型部署', 'POST', 'Mozilla/5.0 (Windows NT 10.0; Win64; x64) AppleWebKit/537.36 (KHTML, like Gecko) Chrome/90.0.4430.212 Safari/537.36', 'entfrm', 'entfrm', '/flowable/model/deploy/f7518d24-ba0d-11eb-ba55-00ff08753f51', '127.0.0.1', 'XX XX', '', 0, '', '826', '2021-05-21 22:15:47');
INSERT INTO `sys_oper_log` VALUES (1937, '1', '请假新增', 'POST', 'Mozilla/5.0 (Windows NT 10.0; Win64; x64) AppleWebKit/537.36 (KHTML, like Gecko) Chrome/90.0.4430.212 Safari/537.36', 'entfrm', 'entfrm', '/flowable/leave/save', '127.0.0.1', 'XX XX', '', 0, '', '6962', '2021-05-21 22:16:10');
INSERT INTO `sys_oper_log` VALUES (1938, '1', '启动请假流程', 'GET', 'Mozilla/5.0 (Windows NT 10.0; Win64; x64) AppleWebKit/537.36 (KHTML, like Gecko) Chrome/90.0.4430.212 Safari/537.36', 'entfrm', 'entfrm', '/flowable/leave/startProcess/7', '127.0.0.1', 'XX XX', '', 0, '', '246', '2021-05-21 22:16:15');
INSERT INTO `sys_oper_log` VALUES (1939, '1', '请假新增', 'POST', 'Mozilla/5.0 (Windows NT 10.0; Win64; x64) AppleWebKit/537.36 (KHTML, like Gecko) Chrome/90.0.4430.212 Safari/537.36', '小狗', 'entfrm', '/flowable/leave/save', '127.0.0.1', 'XX XX', '', 0, '', '0', '2021-05-21 23:00:42');
INSERT INTO `sys_oper_log` VALUES (1940, '1', '启动请假流程', 'GET', 'Mozilla/5.0 (Windows NT 10.0; Win64; x64) AppleWebKit/537.36 (KHTML, like Gecko) Chrome/90.0.4430.212 Safari/537.36', '小狗', 'entfrm', '/flowable/leave/startProcess/8', '127.0.0.1', 'XX XX', '', 0, '', '169', '2021-05-21 23:00:48');
INSERT INTO `sys_oper_log` VALUES (1941, '1', '启动请假流程', 'GET', 'Mozilla/5.0 (Windows NT 10.0; Win64; x64) AppleWebKit/537.36 (KHTML, like Gecko) Chrome/90.0.4430.212 Safari/537.36', '小狗', 'entfrm', '/flowable/leave/startProcess/8', '127.0.0.1', 'XX XX', '', 0, '', '894', '2021-05-21 23:15:58');
INSERT INTO `sys_oper_log` VALUES (1942, '1', '启动请假流程', 'GET', 'Mozilla/5.0 (Windows NT 10.0; Win64; x64) AppleWebKit/537.36 (KHTML, like Gecko) Chrome/90.0.4430.212 Safari/537.36', '小狗', 'entfrm', '/flowable/leave/startProcess/8', '127.0.0.1', 'XX XX', '', 0, '', '1127', '2021-05-21 23:17:53');
INSERT INTO `sys_oper_log` VALUES (1943, '1', '启动请假流程', 'GET', 'Mozilla/5.0 (Windows NT 10.0; Win64; x64) AppleWebKit/537.36 (KHTML, like Gecko) Chrome/90.0.4430.212 Safari/537.36', '小狗', 'entfrm', '/flowable/leave/startProcess/8', '127.0.0.1', 'XX XX', '', 0, '', '835', '2021-05-21 23:20:57');
INSERT INTO `sys_oper_log` VALUES (1944, '1', '启动请假流程', 'GET', 'Mozilla/5.0 (Windows NT 10.0; Win64; x64) AppleWebKit/537.36 (KHTML, like Gecko) Chrome/90.0.4430.212 Safari/537.36', '小狗', 'entfrm', '/flowable/leave/startProcess/8', '127.0.0.1', 'XX XX', '', 0, '', '980', '2021-05-21 23:22:58');
INSERT INTO `sys_oper_log` VALUES (1945, '1', '请假新增', 'POST', 'Mozilla/5.0 (Windows NT 10.0; Win64; x64) AppleWebKit/537.36 (KHTML, like Gecko) Chrome/90.0.4430.212 Safari/537.36', '小狗', 'entfrm', '/flowable/leave/save', '127.0.0.1', 'XX XX', '', 0, '', '581', '2021-05-21 23:25:34');
INSERT INTO `sys_oper_log` VALUES (1946, '1', '启动请假流程', 'GET', 'Mozilla/5.0 (Windows NT 10.0; Win64; x64) AppleWebKit/537.36 (KHTML, like Gecko) Chrome/90.0.4430.212 Safari/537.36', '小狗', 'entfrm', '/flowable/leave/startProcess/9', '127.0.0.1', 'XX XX', '', 0, '', '78', '2021-05-21 23:25:38');
INSERT INTO `sys_oper_log` VALUES (1947, '1', '启动请假流程', 'GET', 'Mozilla/5.0 (Windows NT 10.0; Win64; x64) AppleWebKit/537.36 (KHTML, like Gecko) Chrome/90.0.4430.212 Safari/537.36', '小狗', 'entfrm', '/flowable/leave/startProcess/9', '127.0.0.1', 'XX XX', '', 0, '', '1084', '2021-05-21 23:25:53');
INSERT INTO `sys_oper_log` VALUES (1948, '1', '请假新增', 'POST', 'Mozilla/5.0 (Windows NT 10.0; Win64; x64) AppleWebKit/537.36 (KHTML, like Gecko) Chrome/90.0.4430.212 Safari/537.36', 'entfrm', 'entfrm', '/flowable/leave/save', '127.0.0.1', 'XX XX', '', 0, '', '797', '2021-05-21 23:30:21');
INSERT INTO `sys_oper_log` VALUES (1949, '1', '请假修改 ', 'PUT', 'Mozilla/5.0 (Windows NT 10.0; Win64; x64) AppleWebKit/537.36 (KHTML, like Gecko) Chrome/90.0.4430.212 Safari/537.36', 'entfrm', 'entfrm', '/flowable/leave/update', '127.0.0.1', 'XX XX', '', 0, '', '104', '2021-05-21 23:30:26');
INSERT INTO `sys_oper_log` VALUES (1950, '1', '请假删除', 'DELETE', 'Mozilla/5.0 (Windows NT 10.0; Win64; x64) AppleWebKit/537.36 (KHTML, like Gecko) Chrome/90.0.4430.212 Safari/537.36', 'entfrm', 'entfrm', '/flowable/leave/remove/10', '127.0.0.1', 'XX XX', '', 0, '', '0', '2021-05-21 23:33:46');

-- ----------------------------
-- Table structure for sys_role
-- ----------------------------
DROP TABLE IF EXISTS `sys_role`;
CREATE TABLE `sys_role`  (
  `id` int(11) NOT NULL AUTO_INCREMENT,
  `name` varchar(60) CHARACTER SET utf8mb4 COLLATE utf8mb4_bin NOT NULL COMMENT '角色名称',
  `code` varchar(60) CHARACTER SET utf8mb4 COLLATE utf8mb4_bin NOT NULL COMMENT '角色代码',
  `applications` varchar(255) CHARACTER SET utf8mb4 COLLATE utf8mb4_general_ci NULL DEFAULT NULL COMMENT '所属应用',
  `data_scope` char(1) CHARACTER SET utf8mb4 COLLATE utf8mb4_bin NOT NULL DEFAULT '2' COMMENT '数据权限范围',
  `sort` int(11) NULL DEFAULT NULL COMMENT '排序',
  `status` char(1) CHARACTER SET utf8mb4 COLLATE utf8mb4_general_ci NULL DEFAULT '0' COMMENT '状态',
  `create_by` varchar(30) CHARACTER SET utf8 COLLATE utf8_general_ci NULL DEFAULT NULL COMMENT '创建人',
  `create_time` datetime(0) NULL DEFAULT NULL COMMENT '创建时间',
  `update_by` varchar(30) CHARACTER SET utf8 COLLATE utf8_general_ci NULL DEFAULT NULL COMMENT '修改人',
  `update_time` datetime(0) NULL DEFAULT NULL ON UPDATE CURRENT_TIMESTAMP(0) COMMENT '修改时间',
  `remarks` varchar(255) CHARACTER SET utf8mb4 COLLATE utf8mb4_bin NULL DEFAULT NULL COMMENT '备注',
  `del_flag` char(1) CHARACTER SET utf8mb4 COLLATE utf8mb4_bin NULL DEFAULT '0' COMMENT '删除标识（0-正常,1-删除）',
  PRIMARY KEY (`id`) USING BTREE
) ENGINE = InnoDB AUTO_INCREMENT = 3 CHARACTER SET = utf8mb4 COLLATE = utf8mb4_general_ci ROW_FORMAT = DYNAMIC;

-- ----------------------------
-- Records of sys_role
-- ----------------------------
INSERT INTO `sys_role` VALUES (1, '管理员', 'admin', 'app1,app2', '1', 1, '0', 'entfrm', '2020-03-13 20:54:34', 'entfrm', '2020-08-02 21:44:58', NULL, '0');
INSERT INTO `sys_role` VALUES (2, '测试角色', 'test', 'app1', '2', 1, '0', 'entfrm', '2020-03-14 18:15:51', 'entfrm', '2020-08-02 21:44:57', NULL, '0');

-- ----------------------------
-- Table structure for sys_role_dept
-- ----------------------------
DROP TABLE IF EXISTS `sys_role_dept`;
CREATE TABLE `sys_role_dept`  (
  `role_id` int(11) NOT NULL COMMENT '角色ID',
  `dept_id` int(11) NOT NULL COMMENT '部门ID'
) ENGINE = InnoDB CHARACTER SET = utf8mb4 COLLATE = utf8mb4_general_ci ROW_FORMAT = DYNAMIC;

-- ----------------------------
-- Records of sys_role_dept
-- ----------------------------
INSERT INTO `sys_role_dept` VALUES (2, 2);

-- ----------------------------
-- Table structure for sys_role_menu
-- ----------------------------
DROP TABLE IF EXISTS `sys_role_menu`;
CREATE TABLE `sys_role_menu`  (
  `role_id` int(11) NULL DEFAULT NULL,
  `menu_id` int(11) NULL DEFAULT NULL
) ENGINE = InnoDB CHARACTER SET = utf8mb4 COLLATE = utf8mb4_general_ci ROW_FORMAT = DYNAMIC;

-- ----------------------------
-- Records of sys_role_menu
-- ----------------------------
INSERT INTO `sys_role_menu` VALUES (2, 11);
INSERT INTO `sys_role_menu` VALUES (2, 16);
INSERT INTO `sys_role_menu` VALUES (2, 7);
INSERT INTO `sys_role_menu` VALUES (2, 25);
INSERT INTO `sys_role_menu` VALUES (2, 26);
INSERT INTO `sys_role_menu` VALUES (2, 27);
INSERT INTO `sys_role_menu` VALUES (2, 28);
INSERT INTO `sys_role_menu` VALUES (2, 33);
INSERT INTO `sys_role_menu` VALUES (2, 78);
INSERT INTO `sys_role_menu` VALUES (2, 81);
INSERT INTO `sys_role_menu` VALUES (2, 82);
INSERT INTO `sys_role_menu` VALUES (2, 83);
INSERT INTO `sys_role_menu` VALUES (2, 84);
INSERT INTO `sys_role_menu` VALUES (2, 79);
INSERT INTO `sys_role_menu` VALUES (2, 90);
INSERT INTO `sys_role_menu` VALUES (2, 91);
INSERT INTO `sys_role_menu` VALUES (2, 92);
INSERT INTO `sys_role_menu` VALUES (2, 93);
INSERT INTO `sys_role_menu` VALUES (2, 94);
INSERT INTO `sys_role_menu` VALUES (2, 95);
INSERT INTO `sys_role_menu` VALUES (2, 109);
INSERT INTO `sys_role_menu` VALUES (2, 110);
INSERT INTO `sys_role_menu` VALUES (2, 111);
INSERT INTO `sys_role_menu` VALUES (2, 112);
INSERT INTO `sys_role_menu` VALUES (2, 113);
INSERT INTO `sys_role_menu` VALUES (2, 114);
INSERT INTO `sys_role_menu` VALUES (2, 55);
INSERT INTO `sys_role_menu` VALUES (2, 57);
INSERT INTO `sys_role_menu` VALUES (2, 1);
INSERT INTO `sys_role_menu` VALUES (2, 4);
INSERT INTO `sys_role_menu` VALUES (2, 5);
INSERT INTO `sys_role_menu` VALUES (2, 29);
INSERT INTO `sys_role_menu` VALUES (2, 3);
INSERT INTO `sys_role_menu` VALUES (3, 109);
INSERT INTO `sys_role_menu` VALUES (3, 110);
INSERT INTO `sys_role_menu` VALUES (3, 111);
INSERT INTO `sys_role_menu` VALUES (3, 112);
INSERT INTO `sys_role_menu` VALUES (3, 113);
INSERT INTO `sys_role_menu` VALUES (3, 114);
INSERT INTO `sys_role_menu` VALUES (3, 3);
INSERT INTO `sys_role_menu` VALUES (1, 58);
INSERT INTO `sys_role_menu` VALUES (1, 127);
INSERT INTO `sys_role_menu` VALUES (1, 128);
INSERT INTO `sys_role_menu` VALUES (1, 129);
INSERT INTO `sys_role_menu` VALUES (1, 130);
INSERT INTO `sys_role_menu` VALUES (1, 131);
INSERT INTO `sys_role_menu` VALUES (1, 132);
INSERT INTO `sys_role_menu` VALUES (1, 247);
INSERT INTO `sys_role_menu` VALUES (1, 133);
INSERT INTO `sys_role_menu` VALUES (1, 134);
INSERT INTO `sys_role_menu` VALUES (1, 135);
INSERT INTO `sys_role_menu` VALUES (1, 136);
INSERT INTO `sys_role_menu` VALUES (1, 137);
INSERT INTO `sys_role_menu` VALUES (1, 248);
INSERT INTO `sys_role_menu` VALUES (1, 85);
INSERT INTO `sys_role_menu` VALUES (1, 86);
INSERT INTO `sys_role_menu` VALUES (1, 87);
INSERT INTO `sys_role_menu` VALUES (1, 88);
INSERT INTO `sys_role_menu` VALUES (1, 89);
INSERT INTO `sys_role_menu` VALUES (1, 122);
INSERT INTO `sys_role_menu` VALUES (1, 121);
INSERT INTO `sys_role_menu` VALUES (1, 123);
INSERT INTO `sys_role_menu` VALUES (1, 124);
INSERT INTO `sys_role_menu` VALUES (1, 125);
INSERT INTO `sys_role_menu` VALUES (1, 126);
INSERT INTO `sys_role_menu` VALUES (1, 1);
INSERT INTO `sys_role_menu` VALUES (1, 139);
INSERT INTO `sys_role_menu` VALUES (1, 140);
INSERT INTO `sys_role_menu` VALUES (1, 141);
INSERT INTO `sys_role_menu` VALUES (1, 142);
INSERT INTO `sys_role_menu` VALUES (1, 143);
INSERT INTO `sys_role_menu` VALUES (1, 144);
INSERT INTO `sys_role_menu` VALUES (1, 4);
INSERT INTO `sys_role_menu` VALUES (1, 8);
INSERT INTO `sys_role_menu` VALUES (1, 9);
INSERT INTO `sys_role_menu` VALUES (1, 10);
INSERT INTO `sys_role_menu` VALUES (1, 11);
INSERT INTO `sys_role_menu` VALUES (1, 12);
INSERT INTO `sys_role_menu` VALUES (1, 5);
INSERT INTO `sys_role_menu` VALUES (1, 13);
INSERT INTO `sys_role_menu` VALUES (1, 14);
INSERT INTO `sys_role_menu` VALUES (1, 15);
INSERT INTO `sys_role_menu` VALUES (1, 16);
INSERT INTO `sys_role_menu` VALUES (1, 17);
INSERT INTO `sys_role_menu` VALUES (1, 6);
INSERT INTO `sys_role_menu` VALUES (1, 18);
INSERT INTO `sys_role_menu` VALUES (1, 19);
INSERT INTO `sys_role_menu` VALUES (1, 20);
INSERT INTO `sys_role_menu` VALUES (1, 21);
INSERT INTO `sys_role_menu` VALUES (1, 22);
INSERT INTO `sys_role_menu` VALUES (1, 23);
INSERT INTO `sys_role_menu` VALUES (1, 24);
INSERT INTO `sys_role_menu` VALUES (1, 7);
INSERT INTO `sys_role_menu` VALUES (1, 25);
INSERT INTO `sys_role_menu` VALUES (1, 26);
INSERT INTO `sys_role_menu` VALUES (1, 27);
INSERT INTO `sys_role_menu` VALUES (1, 28);
INSERT INTO `sys_role_menu` VALUES (1, 29);
INSERT INTO `sys_role_menu` VALUES (1, 30);
INSERT INTO `sys_role_menu` VALUES (1, 31);
INSERT INTO `sys_role_menu` VALUES (1, 32);
INSERT INTO `sys_role_menu` VALUES (1, 33);
INSERT INTO `sys_role_menu` VALUES (1, 34);
INSERT INTO `sys_role_menu` VALUES (1, 35);
INSERT INTO `sys_role_menu` VALUES (1, 36);
INSERT INTO `sys_role_menu` VALUES (1, 37);
INSERT INTO `sys_role_menu` VALUES (1, 38);
INSERT INTO `sys_role_menu` VALUES (1, 39);
INSERT INTO `sys_role_menu` VALUES (1, 40);
INSERT INTO `sys_role_menu` VALUES (1, 41);
INSERT INTO `sys_role_menu` VALUES (1, 42);
INSERT INTO `sys_role_menu` VALUES (1, 43);
INSERT INTO `sys_role_menu` VALUES (1, 105);
INSERT INTO `sys_role_menu` VALUES (1, 106);
INSERT INTO `sys_role_menu` VALUES (1, 107);
INSERT INTO `sys_role_menu` VALUES (1, 108);
INSERT INTO `sys_role_menu` VALUES (1, 44);
INSERT INTO `sys_role_menu` VALUES (1, 73);
INSERT INTO `sys_role_menu` VALUES (1, 74);
INSERT INTO `sys_role_menu` VALUES (1, 75);
INSERT INTO `sys_role_menu` VALUES (1, 76);
INSERT INTO `sys_role_menu` VALUES (1, 77);
INSERT INTO `sys_role_menu` VALUES (1, 45);
INSERT INTO `sys_role_menu` VALUES (1, 59);
INSERT INTO `sys_role_menu` VALUES (1, 60);
INSERT INTO `sys_role_menu` VALUES (1, 61);
INSERT INTO `sys_role_menu` VALUES (1, 62);
INSERT INTO `sys_role_menu` VALUES (1, 46);
INSERT INTO `sys_role_menu` VALUES (1, 69);
INSERT INTO `sys_role_menu` VALUES (1, 70);
INSERT INTO `sys_role_menu` VALUES (1, 71);
INSERT INTO `sys_role_menu` VALUES (1, 72);
INSERT INTO `sys_role_menu` VALUES (1, 2);
INSERT INTO `sys_role_menu` VALUES (1, 47);
INSERT INTO `sys_role_menu` VALUES (1, 159);
INSERT INTO `sys_role_menu` VALUES (1, 160);
INSERT INTO `sys_role_menu` VALUES (1, 48);
INSERT INTO `sys_role_menu` VALUES (1, 96);
INSERT INTO `sys_role_menu` VALUES (1, 97);
INSERT INTO `sys_role_menu` VALUES (1, 98);
INSERT INTO `sys_role_menu` VALUES (1, 99);
INSERT INTO `sys_role_menu` VALUES (1, 100);
INSERT INTO `sys_role_menu` VALUES (1, 101);
INSERT INTO `sys_role_menu` VALUES (1, 102);
INSERT INTO `sys_role_menu` VALUES (1, 103);
INSERT INTO `sys_role_menu` VALUES (1, 104);
INSERT INTO `sys_role_menu` VALUES (1, 49);
INSERT INTO `sys_role_menu` VALUES (1, 50);
INSERT INTO `sys_role_menu` VALUES (1, 145);
INSERT INTO `sys_role_menu` VALUES (1, 51);
INSERT INTO `sys_role_menu` VALUES (1, 52);
INSERT INTO `sys_role_menu` VALUES (1, 53);
INSERT INTO `sys_role_menu` VALUES (1, 63);
INSERT INTO `sys_role_menu` VALUES (1, 64);
INSERT INTO `sys_role_menu` VALUES (1, 65);
INSERT INTO `sys_role_menu` VALUES (1, 54);
INSERT INTO `sys_role_menu` VALUES (1, 66);
INSERT INTO `sys_role_menu` VALUES (1, 67);
INSERT INTO `sys_role_menu` VALUES (1, 68);
INSERT INTO `sys_role_menu` VALUES (1, 3);
INSERT INTO `sys_role_menu` VALUES (1, 78);
INSERT INTO `sys_role_menu` VALUES (1, 81);
INSERT INTO `sys_role_menu` VALUES (1, 82);
INSERT INTO `sys_role_menu` VALUES (1, 83);
INSERT INTO `sys_role_menu` VALUES (1, 84);
INSERT INTO `sys_role_menu` VALUES (1, 79);
INSERT INTO `sys_role_menu` VALUES (1, 90);
INSERT INTO `sys_role_menu` VALUES (1, 91);
INSERT INTO `sys_role_menu` VALUES (1, 92);
INSERT INTO `sys_role_menu` VALUES (1, 93);
INSERT INTO `sys_role_menu` VALUES (1, 94);
INSERT INTO `sys_role_menu` VALUES (1, 95);
INSERT INTO `sys_role_menu` VALUES (1, 109);
INSERT INTO `sys_role_menu` VALUES (1, 110);
INSERT INTO `sys_role_menu` VALUES (1, 111);
INSERT INTO `sys_role_menu` VALUES (1, 112);
INSERT INTO `sys_role_menu` VALUES (1, 113);
INSERT INTO `sys_role_menu` VALUES (1, 114);
INSERT INTO `sys_role_menu` VALUES (1, 229);
INSERT INTO `sys_role_menu` VALUES (1, 230);
INSERT INTO `sys_role_menu` VALUES (1, 231);
INSERT INTO `sys_role_menu` VALUES (1, 232);
INSERT INTO `sys_role_menu` VALUES (1, 233);
INSERT INTO `sys_role_menu` VALUES (1, 234);
INSERT INTO `sys_role_menu` VALUES (1, 235);
INSERT INTO `sys_role_menu` VALUES (1, 55);
INSERT INTO `sys_role_menu` VALUES (1, 146);
INSERT INTO `sys_role_menu` VALUES (1, 147);
INSERT INTO `sys_role_menu` VALUES (1, 148);
INSERT INTO `sys_role_menu` VALUES (1, 149);
INSERT INTO `sys_role_menu` VALUES (1, 150);
INSERT INTO `sys_role_menu` VALUES (1, 151);
INSERT INTO `sys_role_menu` VALUES (1, 236);
INSERT INTO `sys_role_menu` VALUES (1, 237);
INSERT INTO `sys_role_menu` VALUES (1, 238);
INSERT INTO `sys_role_menu` VALUES (1, 239);
INSERT INTO `sys_role_menu` VALUES (1, 240);
INSERT INTO `sys_role_menu` VALUES (1, 241);
INSERT INTO `sys_role_menu` VALUES (1, 242);
INSERT INTO `sys_role_menu` VALUES (1, 244);
INSERT INTO `sys_role_menu` VALUES (1, 243);

-- ----------------------------
-- Table structure for sys_shortcut
-- ----------------------------
DROP TABLE IF EXISTS `sys_shortcut`;
CREATE TABLE `sys_shortcut`  (
  `id` int(11) NOT NULL AUTO_INCREMENT,
  `name` varchar(30) CHARACTER SET utf8 COLLATE utf8_general_ci NULL DEFAULT NULL COMMENT '名称',
  `region` varchar(20) CHARACTER SET utf8 COLLATE utf8_general_ci NULL DEFAULT NULL COMMENT '区域',
  `icon` varchar(255) CHARACTER SET utf8 COLLATE utf8_general_ci NULL DEFAULT NULL COMMENT '图标',
  `bg_color` varchar(10) CHARACTER SET utf8 COLLATE utf8_general_ci NULL DEFAULT '#409EFF' COMMENT '背景颜色',
  `path` varchar(120) CHARACTER SET utf8 COLLATE utf8_general_ci NULL DEFAULT NULL COMMENT '路径',
  `sort` int(11) NULL DEFAULT NULL COMMENT '顺序',
  `create_by` varchar(64) CHARACTER SET utf8mb4 COLLATE utf8mb4_general_ci NULL DEFAULT '' COMMENT '创建者',
  `create_time` datetime(0) NULL DEFAULT NULL COMMENT '创建时间',
  `update_by` varchar(64) CHARACTER SET utf8mb4 COLLATE utf8mb4_general_ci NULL DEFAULT '' COMMENT '更新者',
  `update_time` datetime(0) NULL DEFAULT NULL COMMENT '更新时间',
  `remarks` varchar(500) CHARACTER SET utf8mb4 COLLATE utf8mb4_general_ci NULL DEFAULT NULL COMMENT '备注',
  `del_flag` char(1) CHARACTER SET utf8mb4 COLLATE utf8mb4_bin NULL DEFAULT '0' COMMENT '0-正常，1-删除',
  PRIMARY KEY (`id`) USING BTREE
) ENGINE = InnoDB AUTO_INCREMENT = 3 CHARACTER SET = utf8 COLLATE = utf8_general_ci ROW_FORMAT = DYNAMIC;

-- ----------------------------
-- Records of sys_shortcut
-- ----------------------------
INSERT INTO `sys_shortcut` VALUES (1, '登录日志', '2', 'form', '#2883CD', 'monitor/log/loginLog', 1, 'entfrm', '2020-03-27 10:09:11', '', '2020-03-27 10:12:39', '1', '0');
INSERT INTO `sys_shortcut` VALUES (2, '内容管理', '2', 'edit', '#EB7024', '/cms/article', 2, 'entfrm', '2020-04-15 22:44:58', '', '2020-06-02 08:59:06', NULL, '0');

-- ----------------------------
-- Table structure for sys_user
-- ----------------------------
DROP TABLE IF EXISTS `sys_user`;
CREATE TABLE `sys_user`  (
  `id` int(11) NOT NULL AUTO_INCREMENT COMMENT '用户ID',
  `user_name` varchar(30) CHARACTER SET utf8mb4 COLLATE utf8mb4_general_ci NULL DEFAULT NULL COMMENT '用户账号',
  `nick_name` varchar(30) CHARACTER SET utf8mb4 COLLATE utf8mb4_general_ci NULL DEFAULT NULL COMMENT '用户昵称',
  `type` varchar(2) CHARACTER SET utf8mb4 COLLATE utf8mb4_general_ci NULL DEFAULT '00' COMMENT '用户类型（00系统用户）',
  `password` varchar(100) CHARACTER SET utf8mb4 COLLATE utf8mb4_general_ci NULL DEFAULT '' COMMENT '密码',
  `dept_id` int(11) NULL DEFAULT NULL COMMENT '机构ID',
  `dept_name` varchar(120) CHARACTER SET utf8mb4 COLLATE utf8mb4_general_ci NULL DEFAULT NULL COMMENT '机构名称',
  `email` varchar(50) CHARACTER SET utf8mb4 COLLATE utf8mb4_general_ci NULL DEFAULT '' COMMENT '用户邮箱',
  `qq` varchar(30) CHARACTER SET utf8mb4 COLLATE utf8mb4_general_ci NULL DEFAULT NULL COMMENT 'QQ',
  `phone` varchar(11) CHARACTER SET utf8mb4 COLLATE utf8mb4_general_ci NULL DEFAULT '' COMMENT '手机号码',
  `sex` char(1) CHARACTER SET utf8mb4 COLLATE utf8mb4_general_ci NULL DEFAULT '0' COMMENT '用户性别（0男 1女 2未知）',
  `avatar` varchar(100) CHARACTER SET utf8mb4 COLLATE utf8mb4_general_ci NULL DEFAULT '' COMMENT '头像地址',
  `status` char(1) CHARACTER SET utf8mb4 COLLATE utf8mb4_general_ci NULL DEFAULT '0' COMMENT '帐号状态（0正常 1停用）',
  `login_ip` varchar(50) CHARACTER SET utf8mb4 COLLATE utf8mb4_general_ci NULL DEFAULT '' COMMENT '最后登陆IP',
  `login_time` datetime(0) NULL DEFAULT NULL COMMENT '最后登陆时间',
  `create_by` varchar(64) CHARACTER SET utf8mb4 COLLATE utf8mb4_general_ci NULL DEFAULT '' COMMENT '创建者',
  `create_time` datetime(0) NULL DEFAULT NULL COMMENT '创建时间',
  `update_by` varchar(64) CHARACTER SET utf8mb4 COLLATE utf8mb4_general_ci NULL DEFAULT '' COMMENT '更新者',
  `update_time` datetime(0) NULL DEFAULT NULL COMMENT '更新时间',
  `remarks` varchar(500) CHARACTER SET utf8mb4 COLLATE utf8mb4_general_ci NULL DEFAULT NULL COMMENT '备注',
  `del_flag` char(1) CHARACTER SET utf8mb4 COLLATE utf8mb4_general_ci NULL DEFAULT '0' COMMENT '删除标志（0代表存在 1代表删除）',
  PRIMARY KEY (`id`) USING BTREE
) ENGINE = InnoDB AUTO_INCREMENT = 11 CHARACTER SET = utf8mb4 COLLATE = utf8mb4_general_ci COMMENT = '用户信息表' ROW_FORMAT = DYNAMIC;

-- ----------------------------
-- Records of sys_user
-- ----------------------------
INSERT INTO `sys_user` VALUES (1, 'entfrm', '管理员', '00', '$2a$10$N0EAFRVjSYipHK/HDqzuEuVJZBabVTD7Z.NrXrnas984.1wjkaLK.', 1, '重庆总公司', '111@qq.com', NULL, '15611111111', '0', '/profile/avatar/avatar1620946126129.png', '0', '', NULL, 'entfrm', '2020-03-13 20:56:44', '', NULL, '全栈工程师', '0');
INSERT INTO `sys_user` VALUES (2, 'test', '测试01', '00', '$2a$10$Yq7NRB8VO4n1AxcThlwJweM1WE8fwvFRl0krQkNihGxiCRW/Gfp/.', 1, '重庆总公司', '', NULL, '', '0', '', '0', '', NULL, 'entfrm', '2020-03-14 18:14:11', '', NULL, NULL, '1');
INSERT INTO `sys_user` VALUES (7, '小猫', '小猫', '00', '$2a$10$algx6IS1lUK6sQX6OakbVOq7dXrShIr2IMrEh8JguRw7VhDy5FwBS', 1, '', '1827945911@qq.com', NULL, '13272461811', '0', '', '0', '', NULL, 'entfrm', '2021-04-04 17:24:07', '', '2021-04-04 17:24:17', NULL, '0');
INSERT INTO `sys_user` VALUES (8, '小可爱', '小可爱', '00', '$2a$10$/ofeR7BxtYaRkmuU6S4Jq.lJ.lLUTN3UPYULqbhcYiOkcQcUQur3q', 1, '', '1827945911@qq.com', NULL, '13272461811', '0', '', '0', '', NULL, 'entfrm', '2021-04-04 17:25:02', '', NULL, NULL, '0');
INSERT INTO `sys_user` VALUES (9, '小狗', '小狗', '00', '$2a$10$W3qfJHogHT3NHtLbasw6gO9iNADkJWsrbczvgNb8H09rhLXAzGA5i', 1, '', '1827945911@qq.com', NULL, '13272461811', '0', '/profile/avatar/avatar1620418819379.png', '0', '', NULL, 'entfrm', '2021-04-04 17:27:49', '', NULL, NULL, '0');
INSERT INTO `sys_user` VALUES (10, '小猪', '小猪', '00', '$2a$10$iLAi75SNyPu5BPFhHk6Os.QyCdl7EqrOpHIOgPlmr3f89EHFK/pRi', 1, '', '1827945911@qq.com', NULL, '13272461811', '0', '', '0', '', NULL, 'entfrm', '2021-04-04 17:28:34', '', NULL, NULL, '0');

-- ----------------------------
-- Table structure for sys_user_role
-- ----------------------------
DROP TABLE IF EXISTS `sys_user_role`;
CREATE TABLE `sys_user_role`  (
  `user_id` int(11) NULL DEFAULT NULL,
  `role_id` int(11) NULL DEFAULT NULL
) ENGINE = InnoDB CHARACTER SET = utf8mb4 COLLATE = utf8mb4_general_ci ROW_FORMAT = DYNAMIC;

-- ----------------------------
-- Records of sys_user_role
-- ----------------------------
INSERT INTO `sys_user_role` VALUES (1, 1);
INSERT INTO `sys_user_role` VALUES (2, 2);
INSERT INTO `sys_user_role` VALUES (4, 2);
INSERT INTO `sys_user_role` VALUES (3, 2);
INSERT INTO `sys_user_role` VALUES (5, 2);
INSERT INTO `sys_user_role` VALUES (8, 2);
INSERT INTO `sys_user_role` VALUES (9, 2);
INSERT INTO `sys_user_role` VALUES (3, 1);
INSERT INTO `sys_user_role` VALUES (4, 1);
INSERT INTO `sys_user_role` VALUES (5, 1);
INSERT INTO `sys_user_role` VALUES (6, 1);
INSERT INTO `sys_user_role` VALUES (7, 1);
INSERT INTO `sys_user_role` VALUES (8, 1);
INSERT INTO `sys_user_role` VALUES (9, 1);
INSERT INTO `sys_user_role` VALUES (10, 1);

SET FOREIGN_KEY_CHECKS = 1;
